set,card_name,gih_games,gih_wins,gih_wr,all_games,all_wins,all_h0_games,all_h0_wins,all_h1_games,all_h1_wins,top60n50_games,top60n50_wins,top60n50_h0_games,top60n50_h0_wins,top60n50_h1_games,top60n50_h1_wins,top56n50_games,top56n50_wins,top64n50_games,top64n50_wins,top60_games,top60_wins,window_start,window_end
MKM,A Killer Among Us,44795,26908,0.6006920415224913,44795,26908,21944,13100,22851,13808,11675,7862,5648,3809,6027,4053,22411,14528,3828,2681,13106,8879,2024-02-06T16:04:13+00:00,2024-03-05T16:04:13+00:00
MKM,Absolving Lammasu,10539,5612,0.5324983395009014,10539,5612,5062,2681,5477,2931,1712,1023,790,491,922,532,3504,2033,451,290,2215,1363,2024-02-06T16:04:13+00:00,2024-03-05T16:04:13+00:00
MKM,Aftermath Analyst,21789,11557,0.5304052503556841,21789,11557,10882,5797,10907,5760,4381,2697,2258,1374,2123,1323,9244,5390,1442,928,5037,3106,2024-02-06T16:04:13+00:00,2024-03-05T16:04:13+00:00
MKM,Agency Coroner,6056,3072,0.5072655217965654,6056,3072,3099,1542,2957,1530,822,513,356,221,466,292,1951,1123,256,172,1071,673,2024-02-06T16:04:13+00:00,2024-03-05T16:04:13+00:00
MKM,Agency Outfitter,6006,3020,0.5028305028305028,6006,3020,2962,1506,3044,1514,841,490,418,239,423,251,1863,1054,274,159,1105,661,2024-02-06T16:04:13+00:00,2024-03-05T16:04:13+00:00
MKM,"Agrus Kos, Spirit of Justice",8383,5362,0.6396278182035071,8383,5362,4166,2666,4217,2696,1758,1278,767,574,991,704,3671,2568,595,444,2064,1503,2024-02-06T16:04:13+00:00,2024-03-05T16:04:13+00:00
MKM,Airtight Alibi,21679,11578,0.53406522441072,21679,11578,10728,5714,10951,5864,3485,2129,1723,1058,1762,1071,7875,4640,1047,681,4312,2677,2024-02-06T16:04:13+00:00,2024-03-05T16:04:13+00:00
MKM,Alley Assailant,29766,15753,0.5292279782301955,29766,15753,14786,7854,14980,7899,5158,3157,2601,1597,2557,1560,11092,6490,1494,997,6436,3991,2024-02-06T16:04:13+00:00,2024-03-05T16:04:13+00:00
MKM,"Alquist Proft, Master Sleuth",7149,4165,0.5825989648901945,7149,4165,3442,1976,3707,2189,1455,955,702,450,753,505,2984,1885,495,341,1707,1130,2024-02-06T16:04:13+00:00,2024-03-05T16:04:13+00:00
MKM,Analyze the Pollen,12804,6988,0.5457669478288035,12804,6988,6105,3317,6699,3671,3009,1880,1431,892,1578,988,5823,3511,984,630,3454,2183,2024-02-06T16:04:13+00:00,2024-03-05T16:04:13+00:00
MKM,"Anzrag, the Quake-Mole",6081,3434,0.564709751685578,6081,3434,2934,1642,3147,1792,960,614,388,245,572,369,2130,1308,323,216,1201,790,2024-02-06T16:04:13+00:00,2024-03-05T16:04:13+00:00
MKM,Archdruid's Charm,11112,6370,0.5732541396688265,11112,6370,5562,3163,5550,3207,2430,1603,1270,827,1160,776,4841,3059,770,550,2766,1832,2024-02-06T16:04:13+00:00,2024-03-05T16:04:13+00:00
MKM,Assassin's Trophy,5660,2976,0.5257950530035336,5660,2976,2802,1499,2858,1477,727,465,367,226,360,239,1737,1047,193,130,1010,643,2024-02-06T16:04:13+00:00,2024-03-05T16:04:13+00:00
MKM,Assemble the Players,6693,3179,0.4749738532795458,6693,3179,3474,1655,3219,1524,834,461,410,235,424,226,2089,1128,214,128,1051,592,2024-02-06T16:04:13+00:00,2024-03-05T16:04:13+00:00
MKM,Audience with Trostani,1967,1051,0.534316217590239,1967,1051,972,524,995,527,337,218,151,90,186,128,695,424,120,82,408,265,2024-02-06T16:04:13+00:00,2024-03-05T16:04:13+00:00
MKM,Aurelia's Vindicator,9754,6659,0.6826942792700431,9754,6659,4832,3316,4922,3343,2209,1649,1128,852,1081,797,4340,3149,725,558,2607,1963,2024-02-06T16:04:13+00:00,2024-03-05T16:04:13+00:00
MKM,"Aurelia, the Law Above",16610,10039,0.6043949428055388,16610,10039,8335,5004,8275,5035,3125,2128,1538,1041,1587,1087,6676,4334,1013,723,3827,2615,2024-02-06T16:04:13+00:00,2024-03-05T16:04:13+00:00
MKM,Auspicious Arrival,80266,44877,0.5591034809259213,80266,44877,39824,22275,40442,22602,17730,11301,8762,5587,8968,5714,35940,21779,5974,4025,20705,13321,2024-02-06T16:04:13+00:00,2024-03-05T16:04:13+00:00
MKM,Axebane Ferox,15872,9357,0.5895287298387096,15872,9357,7861,4589,8011,4768,3295,2195,1670,1115,1625,1080,6734,4274,1094,767,3923,2645,2024-02-06T16:04:13+00:00,2024-03-05T16:04:13+00:00
MKM,Barbed Servitor,7204,3686,0.5116601887840089,7204,3686,3514,1777,3690,1909,942,585,459,266,483,319,2236,1315,228,155,1228,759,2024-02-06T16:04:13+00:00,2024-03-05T16:04:13+00:00
MKM,Basilica Stalker,32242,16664,0.5168413870107313,32242,16664,16130,8332,16112,8332,4906,2929,2370,1404,2536,1525,11316,6486,1552,990,6186,3727,2024-02-06T16:04:13+00:00,2024-03-05T16:04:13+00:00
MKM,Behind the Mask,3524,1744,0.4948921679909194,3524,1744,1834,914,1690,830,550,321,298,176,252,145,1140,643,145,81,748,443,2024-02-06T16:04:13+00:00,2024-03-05T16:04:13+00:00
MKM,Benthic Criminologists,14416,7566,0.5248335183129855,14416,7566,7051,3686,7365,3880,2698,1692,1284,789,1414,903,5747,3358,988,666,3267,2068,2024-02-06T16:04:13+00:00,2024-03-05T16:04:13+00:00
MKM,Bite Down on Crime,80311,45712,0.5691872844317715,80311,45712,39909,22617,40402,23095,18575,11938,9049,5787,9526,6151,36834,22687,5945,4039,21214,13755,2024-02-06T16:04:13+00:00,2024-03-05T16:04:13+00:00
MKM,Blood Spatter Analysis,8015,4463,0.5568309419837804,8015,4463,3911,2184,4104,2279,1360,884,652,425,708,459,2999,1825,462,308,1638,1060,2024-02-06T16:04:13+00:00,2024-03-05T16:04:13+00:00
MKM,Bolrac-Clan Basher,25027,13518,0.5401366524153913,25027,13518,12714,6872,12313,6646,3676,2332,1873,1174,1803,1158,8681,5195,1095,745,4617,2944,2024-02-06T16:04:13+00:00,2024-03-05T16:04:13+00:00
MKM,Branch of Vitu-Ghazi,20227,10596,0.5238542542146636,20227,10596,10021,5218,10206,5378,3343,2022,1650,993,1693,1029,7225,4211,1085,705,4271,2627,2024-02-06T16:04:13+00:00,2024-03-05T16:04:13+00:00
MKM,Break Out,2317,1148,0.4954682779456193,2317,1148,1242,601,1075,547,297,188,135,83,162,105,692,403,111,78,381,240,2024-02-06T16:04:13+00:00,2024-03-05T16:04:13+00:00
MKM,Bubble Smuggler,45960,24282,0.5283289817232376,45960,24282,22750,11980,23210,12302,8781,5441,4373,2702,4408,2739,18605,10930,2544,1635,10627,6630,2024-02-06T16:04:13+00:00,2024-03-05T16:04:13+00:00
MKM,Burden of Proof,16074,8549,0.531852681348762,16074,8549,7733,4081,8341,4468,2707,1643,1237,751,1470,892,6073,3599,831,537,3310,2029,2024-02-06T16:04:13+00:00,2024-03-05T16:04:13+00:00
MKM,Buried in the Garden,38926,23215,0.5963880182911164,38926,23215,19352,11597,19574,11618,8846,5949,4455,2987,4391,2962,17703,11440,2992,2097,10043,6786,2024-02-06T16:04:13+00:00,2024-03-05T16:04:13+00:00
MKM,Call a Surprise Witness,16627,8951,0.5383412521801888,16627,8951,8433,4534,8194,4417,2745,1730,1351,838,1394,892,5908,3544,824,543,3547,2254,2024-02-06T16:04:13+00:00,2024-03-05T16:04:13+00:00
MKM,Candlestick,6500,3310,0.5092307692307693,6500,3310,3290,1674,3210,1636,862,527,407,247,455,280,2038,1169,265,176,1206,754,2024-02-06T16:04:13+00:00,2024-03-05T16:04:13+00:00
MKM,Case File Auditor,13575,7256,0.53451197053407,13575,7256,6700,3584,6875,3672,2493,1524,1222,761,1271,763,5268,3156,832,555,2936,1815,2024-02-06T16:04:13+00:00,2024-03-05T16:04:13+00:00
MKM,Case of the Burning Masks,32179,17846,0.554585288542217,32179,17846,16105,8835,16074,9011,6472,4125,3232,2006,3240,2119,13565,8223,2141,1459,7835,5035,2024-02-06T16:04:13+00:00,2024-03-05T16:04:13+00:00
MKM,Case of the Crimson Pulse,11849,6342,0.5352350409317242,11849,6342,5943,3212,5906,3130,2218,1366,1121,703,1097,663,4654,2715,683,443,2640,1641,2024-02-06T16:04:13+00:00,2024-03-05T16:04:13+00:00
MKM,Case of the Filched Falcon,22639,11924,0.5267017094394629,22639,11924,10998,5728,11641,6196,3885,2357,1889,1135,1996,1222,8401,4898,1157,751,4745,2926,2024-02-06T16:04:13+00:00,2024-03-05T16:04:13+00:00
MKM,Case of the Gateway Express,39979,23308,0.5830060781910503,39979,23308,20073,11785,19906,11523,8715,5771,4428,2934,4287,2837,18058,11509,3043,2129,10142,6776,2024-02-06T16:04:13+00:00,2024-03-05T16:04:13+00:00
MKM,Case of the Gorgon's Kiss,6233,3035,0.48692443446173594,6233,3035,3048,1488,3185,1547,823,484,401,236,422,248,2014,1112,263,163,1087,638,2024-02-06T16:04:13+00:00,2024-03-05T16:04:13+00:00
MKM,Case of the Locked Hothouse,13960,7853,0.5625358166189112,13960,7853,6953,3890,7007,3963,2911,1869,1447,922,1464,947,5959,3626,909,595,3312,2148,2024-02-06T16:04:13+00:00,2024-03-05T16:04:13+00:00
MKM,Case of the Pilfered Proof,16888,8211,0.4862032212221696,16888,8211,8188,3997,8700,4214,2243,1308,1119,651,1124,657,5282,2906,664,401,2750,1619,2024-02-06T16:04:13+00:00,2024-03-05T16:04:13+00:00
MKM,Case of the Shattered Pact,13805,7299,0.5287214777254617,13805,7299,6986,3703,6819,3596,2693,1678,1397,883,1296,795,5583,3273,934,627,3150,1978,2024-02-06T16:04:13+00:00,2024-03-05T16:04:13+00:00
MKM,Case of the Stashed Skeleton,12409,7020,0.5657184301716496,12409,7020,6227,3520,6182,3500,2095,1362,990,645,1105,717,4648,2903,593,410,2654,1733,2024-02-06T16:04:13+00:00,2024-03-05T16:04:13+00:00
MKM,Case of the Trampled Garden,21744,11739,0.5398730684326711,21744,11739,10716,5776,11028,5963,3288,2079,1589,996,1699,1083,7676,4633,995,675,4022,2552,2024-02-06T16:04:13+00:00,2024-03-05T16:04:13+00:00
MKM,Case of the Uneaten Feast,1606,768,0.47820672478206727,1606,768,812,402,794,366,117,68,59,32,58,36,346,194,40,24,161,102,2024-02-06T16:04:13+00:00,2024-03-05T16:04:13+00:00
MKM,Caught Red-Handed,2804,1442,0.514265335235378,2804,1442,1333,662,1471,780,332,218,139,87,193,131,798,472,86,55,456,305,2024-02-06T16:04:13+00:00,2024-03-05T16:04:13+00:00
MKM,Cease // Desist,8984,4833,0.5379563668744435,8984,4833,4260,2297,4724,2536,1836,1161,885,576,951,585,3827,2286,514,334,2142,1361,2024-02-06T16:04:13+00:00,2024-03-05T16:04:13+00:00
MKM,Cerebral Confiscation,5701,2773,0.48640589370285914,5701,2773,2789,1346,2912,1427,632,381,304,176,328,205,1482,854,205,138,861,519,2024-02-06T16:04:13+00:00,2024-03-05T16:04:13+00:00
MKM,Chalk Outline,13557,6902,0.509109685033562,13557,6902,6698,3413,6859,3489,2675,1597,1327,790,1348,807,5617,3200,846,548,2990,1791,2024-02-06T16:04:13+00:00,2024-03-05T16:04:13+00:00
MKM,Clandestine Meddler,16983,8929,0.5257610551728199,16983,8929,8585,4536,8398,4393,2556,1560,1278,777,1278,783,5643,3274,777,512,3181,1958,2024-02-06T16:04:13+00:00,2024-03-05T16:04:13+00:00
MKM,Coerced to Kill,32106,18726,0.5832554662679873,32106,18726,16072,9265,16034,9461,7300,4823,3712,2461,3588,2362,14751,9350,2395,1667,8378,5573,2024-02-06T16:04:13+00:00,2024-03-05T16:04:13+00:00
MKM,Cold Case Cracker,75574,41777,0.5527959351099585,75574,41777,37477,20812,38097,20965,14913,9420,7298,4643,7615,4777,31214,18897,4750,3172,17585,11178,2024-02-06T16:04:13+00:00,2024-03-05T16:04:13+00:00
MKM,Combine Chrysalis,1146,559,0.48778359511343805,1146,559,571,291,575,268,206,121,95,58,111,63,415,219,60,35,241,143,2024-02-06T16:04:13+00:00,2024-03-05T16:04:13+00:00
MKM,Commercial District,11582,6383,0.5511137972716283,11582,6383,5635,3132,5947,3251,2381,1489,1131,720,1250,769,4837,2903,737,500,2817,1781,2024-02-06T16:04:13+00:00,2024-03-05T16:04:13+00:00
MKM,Concealed Weapon,21485,11038,0.5137537817081685,21485,11038,10434,5328,11051,5710,3198,1941,1510,895,1688,1046,7634,4378,1043,688,4053,2503,2024-02-06T16:04:13+00:00,2024-03-05T16:04:13+00:00
MKM,Connecting the Dots,6084,2877,0.47287968441814593,6084,2877,3022,1425,3062,1452,881,539,490,300,391,239,2079,1140,281,172,1083,655,2024-02-06T16:04:13+00:00,2024-03-05T16:04:13+00:00
MKM,Consign // Oblivion,1644,920,0.559610705596107,1644,920,789,457,855,463,364,221,171,116,193,105,699,418,129,97,420,259,2024-02-06T16:04:13+00:00,2024-03-05T16:04:13+00:00
MKM,Conspiracy Unraveler,2480,1280,0.5161290322580645,2480,1280,1261,660,1219,620,279,169,154,93,125,76,744,444,85,54,350,210,2024-02-06T16:04:13+00:00,2024-03-05T16:04:13+00:00
MKM,Convenient Target,13239,6979,0.5271546189289221,13239,6979,6592,3455,6647,3524,2066,1260,938,568,1128,692,4619,2670,672,425,2592,1598,2024-02-06T16:04:13+00:00,2024-03-05T16:04:13+00:00
MKM,Cornered Crook,22718,12327,0.5426093846289286,22718,12327,11366,6203,11352,6124,4089,2565,1986,1257,2103,1308,8734,5251,1273,845,5009,3172,2024-02-06T16:04:13+00:00,2024-03-05T16:04:13+00:00
MKM,Coveted Falcon,11997,6160,0.5134616987580228,11997,6160,5976,3082,6021,3078,2153,1327,1053,671,1100,656,4653,2678,671,435,2602,1608,2024-02-06T16:04:13+00:00,2024-03-05T16:04:13+00:00
MKM,Crashing Footfalls,1346,824,0.612184249628529,1346,824,696,428,650,396,273,183,155,104,118,79,528,351,74,50,318,208,2024-02-06T16:04:13+00:00,2024-03-05T16:04:13+00:00
MKM,Crime Novelist,13303,6643,0.49936104638051565,13303,6643,6627,3302,6676,3341,1727,1061,890,533,837,528,4159,2388,536,353,2158,1326,2024-02-06T16:04:13+00:00,2024-03-05T16:04:13+00:00
MKM,Crimestopper Sprite,66139,35830,0.541737855123301,66139,35830,32609,17706,33530,18124,11514,7211,5857,3669,5657,3542,24679,14763,3468,2267,13967,8801,2024-02-06T16:04:13+00:00,2024-03-05T16:04:13+00:00
MKM,Crowd-Control Warden,62397,34147,0.5472538743849864,62397,34147,31081,16968,31316,17179,12086,7634,6022,3795,6064,3839,25342,15228,3868,2569,14258,9098,2024-02-06T16:04:13+00:00,2024-03-05T16:04:13+00:00
MKM,Cryptex,2140,1069,0.4995327102803738,2140,1069,1082,557,1058,512,342,198,164,93,178,105,702,402,81,49,417,252,2024-02-06T16:04:13+00:00,2024-03-05T16:04:13+00:00
MKM,Cryptic Coat,20670,13014,0.6296081277213352,20670,13014,10133,6384,10537,6630,4299,3014,2115,1471,2184,1543,9006,6104,1452,1056,5111,3606,2024-02-06T16:04:13+00:00,2024-03-05T16:04:13+00:00
MKM,Culvert Ambusher,24991,13369,0.5349525829298547,24991,13369,12281,6581,12710,6788,4704,2837,2238,1360,2466,1477,10191,5957,1511,956,5516,3348,2024-02-06T16:04:13+00:00,2024-03-05T16:04:13+00:00
MKM,Curious Cadaver,13851,6909,0.49880875027073857,13851,6909,6989,3490,6862,3419,2287,1354,1097,656,1190,698,5073,2801,734,459,2745,1616,2024-02-06T16:04:13+00:00,2024-03-05T16:04:13+00:00
MKM,Curious Inquiry,8450,4256,0.5036686390532544,8450,4256,4221,2156,4229,2100,973,593,484,302,489,291,2393,1387,251,160,1211,739,2024-02-06T16:04:13+00:00,2024-03-05T16:04:13+00:00
MKM,Deadly Complication,15412,8382,0.5438619257721257,15412,8382,7761,4225,7651,4157,2417,1557,1191,773,1226,784,5518,3374,768,524,3065,1981,2024-02-06T16:04:13+00:00,2024-03-05T16:04:13+00:00
MKM,Deadly Cover-Up,12632,7398,0.5856554781507283,12632,7398,6267,3666,6365,3732,2468,1622,1140,744,1328,878,5162,3274,817,547,2900,1923,2024-02-06T16:04:13+00:00,2024-03-05T16:04:13+00:00
MKM,Deduce,53118,29261,0.5508678790617116,53118,29261,26388,14466,26730,14795,10231,6520,5017,3177,5214,3343,21193,12878,3280,2196,12320,7891,2024-02-06T16:04:13+00:00,2024-03-05T16:04:13+00:00
MKM,Defenestrated Phantom,26216,13789,0.525976502898993,26216,13789,13104,6872,13112,6917,4362,2640,2272,1366,2090,1274,9520,5485,1424,910,5579,3435,2024-02-06T16:04:13+00:00,2024-03-05T16:04:13+00:00
MKM,"Delney, Streetwise Lookout",6095,3183,0.5222313371616079,6095,3183,2981,1565,3114,1618,955,576,446,275,509,301,2226,1282,271,171,1159,703,2024-02-06T16:04:13+00:00,2024-03-05T16:04:13+00:00
MKM,Demand Answers,22878,11664,0.5098347757671126,22878,11664,11531,5821,11347,5843,3334,2033,1646,995,1688,1038,7776,4454,1118,741,4408,2737,2024-02-06T16:04:13+00:00,2024-03-05T16:04:13+00:00
MKM,Detective's Satchel,27925,16057,0.5750044762757386,27925,16057,13801,7923,14124,8134,6135,4066,3161,2107,2974,1959,12174,7671,2012,1408,7094,4745,2024-02-06T16:04:13+00:00,2024-03-05T16:04:13+00:00
MKM,Dog Walker,104795,60741,0.5796173481559235,104795,60741,52067,30029,52728,30712,23729,15489,11502,7486,12227,8003,47370,29628,8221,5700,27925,18424,2024-02-06T16:04:13+00:00,2024-03-05T16:04:13+00:00
MKM,Doorkeeper Thrull,3600,1859,0.5163888888888889,3600,1859,1882,964,1718,895,432,256,241,142,191,114,1039,598,140,87,577,351,2024-02-06T16:04:13+00:00,2024-03-05T16:04:13+00:00
MKM,Doppelgang,20164,12521,0.6209581432255505,20164,12521,10062,6244,10102,6277,4827,3409,2430,1711,2397,1698,9587,6486,1591,1178,5459,3854,2024-02-06T16:04:13+00:00,2024-03-05T16:04:13+00:00
MKM,Drag the Canal,8835,4845,0.5483870967741935,8835,4845,4312,2342,4523,2503,1636,1053,862,556,774,497,3398,2067,479,329,1972,1269,2024-02-06T16:04:13+00:00,2024-03-05T16:04:13+00:00
MKM,Dramatic Accusation,55327,29764,0.5379651887866683,55327,29764,27550,14765,27777,14999,9649,6023,4816,2992,4833,3031,20741,12354,2899,1909,11647,7333,2024-02-06T16:04:13+00:00,2024-03-05T16:04:13+00:00
MKM,Due Diligence,25477,13353,0.5241197943242925,25477,13353,12669,6638,12808,6715,3768,2283,1826,1115,1942,1168,9019,5279,1193,739,4618,2848,2024-02-06T16:04:13+00:00,2024-03-05T16:04:13+00:00
MKM,Elegant Parlor,12942,7209,0.5570236439499304,12942,7209,6526,3654,6416,3555,2593,1671,1217,801,1376,870,5235,3157,911,624,3083,1993,2024-02-06T16:04:13+00:00,2024-03-05T16:04:13+00:00
MKM,Eliminate the Impossible,25678,13898,0.5412415297141522,25678,13898,12818,6930,12860,6968,5142,3231,2624,1656,2518,1575,10861,6502,1552,1031,5967,3766,2024-02-06T16:04:13+00:00,2024-03-05T16:04:13+00:00
MKM,Enlisted Wurm,3393,2067,0.6091954022988506,3393,2067,1672,1023,1721,1044,864,595,419,284,445,311,1656,1074,260,187,994,702,2024-02-06T16:04:13+00:00,2024-03-05T16:04:13+00:00
MKM,Escape Tunnel,109856,61050,0.5557274978153218,109856,61050,54699,30346,55157,30704,25672,16165,12615,7910,13057,8255,51355,31040,8597,5731,29654,18826,2024-02-06T16:04:13+00:00,2024-03-05T16:04:13+00:00
MKM,Essence of Antiquity,9369,4783,0.51051339523962,9369,4783,4616,2349,4753,2434,1215,734,647,391,568,343,2936,1685,378,228,1592,970,2024-02-06T16:04:13+00:00,2024-03-05T16:04:13+00:00
MKM,"Etrata, Deadly Fugitive",6381,3716,0.5823538630308729,6381,3716,3140,1789,3241,1927,1209,808,614,416,595,392,2492,1601,370,264,1408,945,2024-02-06T16:04:13+00:00,2024-03-05T16:04:13+00:00
MKM,Evidence Examiner,27627,15802,0.5719766894704456,27627,15802,13791,7909,13836,7893,6685,4342,3497,2278,3188,2064,12997,8070,2203,1529,7552,4923,2024-02-06T16:04:13+00:00,2024-03-05T16:04:13+00:00
MKM,Exit Specialist,39724,22548,0.5676165542241466,39724,22548,19650,11134,20074,11414,8274,5400,4095,2703,4179,2697,16969,10611,2795,1908,9814,6440,2024-02-06T16:04:13+00:00,2024-03-05T16:04:13+00:00
MKM,Expose the Culprit,2226,1025,0.4604672057502246,2226,1025,1132,514,1094,511,206,126,99,58,107,68,477,269,44,29,299,185,2024-02-06T16:04:13+00:00,2024-03-05T16:04:13+00:00
MKM,Extract a Confession,61846,34473,0.5574006403001003,61846,34473,30714,17097,31132,17376,12741,8071,6139,3909,6602,4162,26367,15994,4021,2680,14866,9530,2024-02-06T16:04:13+00:00,2024-03-05T16:04:13+00:00
MKM,"Ezrim, Agency Chief",15683,9912,0.6320219345788434,15683,9912,7890,4998,7793,4914,3173,2265,1571,1102,1602,1163,6714,4566,1079,788,3703,2662,2024-02-06T16:04:13+00:00,2024-03-05T16:04:13+00:00
MKM,Fae Flight,15604,8114,0.5199948731094591,15604,8114,7792,4071,7812,4043,2310,1402,1201,737,1109,665,5299,3063,776,490,2944,1817,2024-02-06T16:04:13+00:00,2024-03-05T16:04:13+00:00
MKM,Faerie Snoop,52589,28236,0.5369183669588697,52589,28236,26155,13987,26434,14249,10072,6353,4987,3157,5085,3196,20990,12500,3451,2279,12329,7816,2024-02-06T16:04:13+00:00,2024-03-05T16:04:13+00:00
MKM,Fanatical Strength,51995,29207,0.5617270891431868,51995,29207,26071,14671,25924,14536,11003,7023,5498,3515,5505,3508,22868,13953,3592,2417,12650,8159,2024-02-06T16:04:13+00:00,2024-03-05T16:04:13+00:00
MKM,Felonious Rage,37023,20717,0.5595710774383491,37023,20717,18285,10275,18738,10442,7598,4889,3704,2414,3894,2475,15454,9450,2516,1676,9081,5883,2024-02-06T16:04:13+00:00,2024-03-05T16:04:13+00:00
MKM,Festerleech,17960,9969,0.5550668151447662,17960,9969,8958,4942,9002,5027,3651,2275,1722,1075,1929,1200,7678,4692,1211,790,4406,2795,2024-02-06T16:04:13+00:00,2024-03-05T16:04:13+00:00
MKM,Flotsam // Jetsam,15639,7878,0.5037406483790524,15639,7878,7707,3845,7932,4033,2666,1593,1254,755,1412,838,6041,3384,802,512,3184,1920,2024-02-06T16:04:13+00:00,2024-03-05T16:04:13+00:00
MKM,Flourishing Bloom-Kin,38463,22229,0.5779320385825338,38463,22229,19004,10946,19459,11283,8731,5764,4267,2779,4464,2985,17901,11356,2803,1942,9947,6582,2024-02-06T16:04:13+00:00,2024-03-05T16:04:13+00:00
MKM,Forensic Gadgeteer,11207,5765,0.5144106362095119,11207,5765,5429,2761,5778,3004,1685,1000,824,502,861,498,3803,2151,492,302,2080,1262,2024-02-06T16:04:13+00:00,2024-03-05T16:04:13+00:00
MKM,Forensic Researcher,27596,14975,0.542651108856356,27596,14975,13804,7497,13792,7478,5244,3322,2498,1578,2746,1744,11214,6663,1578,1031,6113,3918,2024-02-06T16:04:13+00:00,2024-03-05T16:04:13+00:00
MKM,Forest,352441,194268,0.5512071524028135,352441,194268,174880,96288,177561,97980,74121,46929,36554,23123,37567,23806,150996,91372,23948,15982,85749,54678,2024-02-06T16:04:13+00:00,2024-03-05T16:04:13+00:00
MKM,Forum Familiar,14966,7557,0.5049445409595082,14966,7557,7422,3778,7544,3779,2221,1335,1057,637,1164,698,4955,2845,649,396,2883,1773,2024-02-06T16:04:13+00:00,2024-03-05T16:04:13+00:00
MKM,Frantic Scapegoat,25339,14055,0.554678558743439,25339,14055,12653,7055,12686,7000,4431,2855,2201,1426,2230,1429,9549,5852,1511,1014,5540,3577,2024-02-06T16:04:13+00:00,2024-03-05T16:04:13+00:00
MKM,Fugitive Codebreaker,15086,8492,0.5629060055680764,15086,8492,7459,4162,7627,4330,2861,1840,1355,876,1506,964,6113,3762,987,675,3510,2265,2024-02-06T16:04:13+00:00,2024-03-05T16:04:13+00:00
MKM,Furtive Courier,24267,13079,0.5389623768904274,24267,13079,12050,6472,12217,6607,4253,2698,2153,1389,2100,1309,9454,5632,1280,862,5101,3265,2024-02-06T16:04:13+00:00,2024-03-05T16:04:13+00:00
MKM,Fuss // Bother,41318,24387,0.5902270197008568,41318,24387,20278,11934,21040,12453,9836,6459,4854,3174,4982,3285,19588,12393,3466,2397,11385,7541,2024-02-06T16:04:13+00:00,2024-03-05T16:04:13+00:00
MKM,Gadget Technician,78757,43794,0.5560648577269323,78757,43794,39268,21764,39489,22030,16874,10761,8258,5300,8616,5461,34449,20885,5648,3806,19907,12801,2024-02-06T16:04:13+00:00,2024-03-05T16:04:13+00:00
MKM,Galvanize,84365,47622,0.5644757897232264,84365,47622,41979,23759,42386,23863,17041,10980,8595,5582,8446,5398,35460,21864,5713,3884,20287,13220,2024-02-06T16:04:13+00:00,2024-03-05T16:04:13+00:00
MKM,Gearbane Orangutan,40698,21385,0.5254557963536292,40698,21385,20418,10774,20280,10611,5443,3401,2675,1696,2768,1705,12927,7635,1778,1177,7195,4546,2024-02-06T16:04:13+00:00,2024-03-05T16:04:13+00:00
MKM,Get a Leg Up,27761,15907,0.5729980908468715,27761,15907,13604,7809,14157,8098,6668,4331,3352,2174,3316,2157,13376,8242,2222,1499,7482,4884,2024-02-06T16:04:13+00:00,2024-03-05T16:04:13+00:00
MKM,Ghostly Prison,587,293,0.4991482112436116,587,293,248,120,339,173,63,39,23,14,40,25,153,88,34,23,74,46,2024-02-06T16:04:13+00:00,2024-03-05T16:04:13+00:00
MKM,Gleaming Geardrake,28507,16896,0.5926965306766759,28507,16896,14545,8629,13962,8267,5780,3886,2957,2007,2823,1879,11948,7673,1965,1361,6831,4645,2024-02-06T16:04:13+00:00,2024-03-05T16:04:13+00:00
MKM,Glint Weaver,34964,20112,0.575220226518705,34964,20112,17341,9976,17623,10136,8649,5621,4241,2738,4408,2883,16544,10347,2738,1877,9821,6424,2024-02-06T16:04:13+00:00,2024-03-05T16:04:13+00:00
MKM,Goblin Maskmaker,28156,15400,0.5469526921437704,28156,15400,14193,7731,13963,7669,5103,3227,2488,1574,2615,1653,10264,6190,1577,1060,6135,3924,2024-02-06T16:04:13+00:00,2024-03-05T16:04:13+00:00
MKM,Granite Witness,84852,47517,0.5599985857728751,84852,47517,41823,23357,43029,24160,16788,10662,8359,5278,8429,5384,35659,21807,5537,3727,19952,12805,2024-02-06T16:04:13+00:00,2024-03-05T16:04:13+00:00
MKM,Gravestone Strider,58039,30910,0.5325729251020865,58039,30910,28605,15341,29434,15569,12078,7473,5893,3647,6185,3826,24721,14499,4084,2719,13554,8392,2024-02-06T16:04:13+00:00,2024-03-05T16:04:13+00:00
MKM,Greenbelt Radical,35502,20265,0.5708129119486226,35502,20265,17667,9981,17835,10284,7965,5192,3940,2532,4025,2660,16004,9980,2580,1798,9207,6028,2024-02-06T16:04:13+00:00,2024-03-05T16:04:13+00:00
MKM,Griffnaut Tracker,36408,18959,0.5207372006152494,36408,18959,17827,9256,18581,9703,5593,3395,2664,1619,2929,1776,12737,7367,1627,1055,6917,4267,2024-02-06T16:04:13+00:00,2024-03-05T16:04:13+00:00
MKM,Haazda Vigilante,51401,28385,0.55222661037723,51401,28385,25324,13986,26077,14399,10787,6775,5256,3333,5531,3442,21941,13160,3604,2399,12734,8058,2024-02-06T16:04:13+00:00,2024-03-05T16:04:13+00:00
MKM,Hard Evidence,3585,2019,0.5631799163179916,3585,2019,1794,1005,1791,1014,816,527,433,278,383,249,1620,998,305,200,952,615,2024-02-06T16:04:13+00:00,2024-03-05T16:04:13+00:00
MKM,Hard-Hitting Question,36201,20639,0.5701223723101572,36201,20639,17968,10349,18233,10290,7857,5075,3960,2576,3897,2499,15715,9709,2513,1693,9055,5901,2024-02-06T16:04:13+00:00,2024-03-05T16:04:13+00:00
MKM,Harried Dronesmith,25632,13445,0.5245396379525593,25632,13445,12760,6732,12872,6713,3759,2324,1850,1165,1909,1159,8569,5056,1104,734,4668,2941,2024-02-06T16:04:13+00:00,2024-03-05T16:04:13+00:00
MKM,Hedge Maze,13937,7772,0.5576522924589223,13937,7772,6841,3833,7096,3939,3046,1922,1505,954,1541,968,6139,3686,1024,673,3562,2262,2024-02-06T16:04:13+00:00,2024-03-05T16:04:13+00:00
MKM,Hedge Whisperer,22843,12254,0.5364444249879613,22843,12254,11452,6157,11391,6097,4626,2883,2265,1426,2361,1457,9287,5521,1452,959,5388,3378,2024-02-06T16:04:13+00:00,2024-03-05T16:04:13+00:00
MKM,Hide in Plain Sight,18730,11810,0.6305392418579818,18730,11810,9430,5902,9300,5908,4285,3016,2118,1493,2167,1523,8578,5790,1411,1040,4948,3497,2024-02-06T16:04:13+00:00,2024-03-05T16:04:13+00:00
MKM,Homicide Investigator,13634,7858,0.5763532345606572,13634,7858,6776,3938,6858,3920,2497,1638,1233,826,1264,812,5611,3505,849,587,3025,2010,2024-02-06T16:04:13+00:00,2024-03-05T16:04:13+00:00
MKM,Hotshot Investigators,30848,16762,0.5433739626556017,30848,16762,15349,8372,15499,8390,6220,3924,3044,1921,3176,2003,12401,7473,1945,1277,7529,4780,2024-02-06T16:04:13+00:00,2024-03-05T16:04:13+00:00
MKM,Hunted Bonebrute,14163,8263,0.5834215914707336,14163,8263,7041,4124,7122,4139,2692,1789,1413,951,1279,838,5727,3613,909,659,3255,2178,2024-02-06T16:04:13+00:00,2024-03-05T16:04:13+00:00
MKM,Hustle // Bustle,14345,7462,0.5201812478215406,14345,7462,7295,3818,7050,3644,2595,1577,1313,818,1282,759,5481,3178,785,499,3141,1936,2024-02-06T16:04:13+00:00,2024-03-05T16:04:13+00:00
MKM,Ill-Timed Explosion,15398,9303,0.6041693726457982,15398,9303,7633,4614,7765,4689,3344,2299,1623,1132,1721,1167,6668,4378,1088,802,3912,2698,2024-02-06T16:04:13+00:00,2024-03-05T16:04:13+00:00
MKM,Illicit Masquerade,4050,1976,0.48790123456790124,4050,1976,2026,982,2024,994,528,318,232,135,296,183,1202,670,156,110,644,390,2024-02-06T16:04:13+00:00,2024-03-05T16:04:13+00:00
MKM,Incinerator of the Guilty,8427,4943,0.5865669870653851,8427,4943,4443,2593,3984,2350,1627,1096,840,565,787,531,3427,2169,560,397,1949,1311,2024-02-06T16:04:13+00:00,2024-03-05T16:04:13+00:00
MKM,Innocent Bystander,55798,29953,0.5368113552457078,55798,29953,27831,15017,27967,14936,10960,6766,5604,3467,5356,3299,23378,13776,3386,2212,13145,8192,2024-02-06T16:04:13+00:00,2024-03-05T16:04:13+00:00
MKM,Inside Source,101576,59130,0.582125698984012,101576,59130,50902,29682,50674,29448,22767,14950,11278,7398,11489,7552,46602,29221,7788,5398,26467,17544,2024-02-06T16:04:13+00:00,2024-03-05T16:04:13+00:00
MKM,Insidious Roots,12606,6400,0.5076947485324449,12606,6400,6346,3224,6260,3176,2216,1317,1133,673,1083,644,4679,2673,596,391,2533,1511,2024-02-06T16:04:13+00:00,2024-03-05T16:04:13+00:00
MKM,Intrude on the Mind,8773,5117,0.5832668414453437,8773,5117,4441,2586,4332,2531,1846,1235,877,582,969,653,3937,2497,650,433,2145,1438,2024-02-06T16:04:13+00:00,2024-03-05T16:04:13+00:00
MKM,Island,350264,192137,0.5485490943973689,350264,192137,173664,95098,176600,97039,68534,43548,34298,21793,34236,21755,143485,86997,21840,14695,81052,51866,2024-02-06T16:04:13+00:00,2024-03-05T16:04:13+00:00
MKM,It Doesn't Add Up,5628,2717,0.48276474769012084,5628,2717,2868,1406,2760,1311,580,350,278,178,302,172,1391,789,145,94,772,473,2024-02-06T16:04:13+00:00,2024-03-05T16:04:13+00:00
MKM,"Izoni, Center of the Web",19011,12364,0.650360317710799,19011,12364,9517,6239,9494,6125,4128,2953,2049,1467,2079,1486,8286,5751,1298,999,4756,3407,2024-02-06T16:04:13+00:00,2024-03-05T16:04:13+00:00
MKM,"Jace, Wielder of Mysteries",865,483,0.5583815028901734,865,483,404,227,461,256,161,100,61,39,100,61,331,210,28,22,182,116,2024-02-06T16:04:13+00:00,2024-03-05T16:04:13+00:00
MKM,Jaded Analyst,39639,20737,0.5231463962259391,39639,20737,19653,10301,19986,10436,7418,4522,3796,2328,3622,2194,15771,9138,2334,1514,8679,5332,2024-02-06T16:04:13+00:00,2024-03-05T16:04:13+00:00
MKM,"Judith, Carnage Connoisseur",8351,4175,0.4999401269309065,8351,4175,4164,2045,4187,2130,1083,631,584,338,499,293,2697,1507,326,213,1356,801,2024-02-06T16:04:13+00:00,2024-03-05T16:04:13+00:00
MKM,Karlov Watchdog,29540,16530,0.559580230196344,29540,16530,14705,8217,14835,8313,5787,3694,2793,1792,2994,1902,12357,7525,1875,1274,6849,4436,2024-02-06T16:04:13+00:00,2024-03-05T16:04:13+00:00
MKM,"Kaya, Spirits' Justice",7353,4395,0.5977152182782538,7353,4395,3671,2222,3682,2173,1342,917,686,475,656,442,3034,2001,425,303,1632,1120,2024-02-06T16:04:13+00:00,2024-03-05T16:04:13+00:00
MKM,"Kellan, Inquisitive Prodigy",15520,9384,0.6046391752577319,15520,9384,7598,4561,7922,4823,3390,2326,1651,1113,1739,1213,6844,4501,1073,764,3896,2674,2024-02-06T16:04:13+00:00,2024-03-05T16:04:13+00:00
MKM,Knife,6764,3256,0.48137196924896514,6764,3256,3423,1640,3341,1616,849,505,430,251,419,254,1990,1101,236,147,1087,650,2024-02-06T16:04:13+00:00,2024-03-05T16:04:13+00:00
MKM,Kraul Whipcracker,19791,11219,0.5668738315395887,19791,11219,9823,5644,9968,5575,4466,2836,2229,1417,2237,1419,8605,5302,1486,1007,5221,3356,2024-02-06T16:04:13+00:00,2024-03-05T16:04:13+00:00
MKM,Krenko's Buzzcrusher,13388,7243,0.5410068718255154,13388,7243,6684,3601,6704,3642,2290,1412,1125,698,1165,714,4900,2915,840,553,2765,1737,2024-02-06T16:04:13+00:00,2024-03-05T16:04:13+00:00
MKM,"Krenko, Baron of Tin Street",16186,9502,0.5870505375015446,16186,9502,8042,4659,8144,4843,3354,2235,1699,1118,1655,1117,6760,4328,1062,761,3931,2645,2024-02-06T16:04:13+00:00,2024-03-05T16:04:13+00:00
MKM,Krosan Tusker,2434,1344,0.5521774856203779,2434,1344,1138,608,1296,736,592,353,272,144,320,209,1144,669,124,84,663,397,2024-02-06T16:04:13+00:00,2024-03-05T16:04:13+00:00
MKM,Krovod Haunch,19660,10530,0.5356052899287894,19660,10530,9668,5122,9992,5408,3792,2342,1829,1126,1963,1216,8028,4711,1160,769,4602,2890,2024-02-06T16:04:13+00:00,2024-03-05T16:04:13+00:00
MKM,Kuldotha Rebirth,614,304,0.495114006514658,614,304,310,153,304,151,74,45,28,17,46,28,165,90,28,17,91,57,2024-02-06T16:04:13+00:00,2024-03-05T16:04:13+00:00
MKM,Kylox's Voltstrider,4660,2631,0.5645922746781116,4660,2631,2314,1307,2346,1324,878,576,435,283,443,293,1867,1161,307,208,1040,687,2024-02-06T16:04:13+00:00,2024-03-05T16:04:13+00:00
MKM,"Kylox, Visionary Inventor",868,386,0.4447004608294931,868,386,425,193,443,193,60,38,39,26,21,12,163,84,14,11,90,54,2024-02-06T16:04:13+00:00,2024-03-05T16:04:13+00:00
MKM,Lamplight Phoenix,15819,9392,0.5937164169669384,15819,9392,7855,4671,7964,4721,3308,2196,1604,1073,1704,1123,6823,4359,1146,817,3930,2631,2024-02-06T16:04:13+00:00,2024-03-05T16:04:13+00:00
MKM,"Lazav, Wearer of Faces",11630,6678,0.5742046431642305,11630,6678,5528,3154,6102,3524,2227,1433,1106,702,1121,731,4623,2868,771,518,2669,1746,2024-02-06T16:04:13+00:00,2024-03-05T16:04:13+00:00
MKM,Lead Pipe,5633,2864,0.5084324516243565,5633,2864,2828,1459,2805,1405,830,507,423,252,407,255,1873,1065,295,185,1052,638,2024-02-06T16:04:13+00:00,2024-03-05T16:04:13+00:00
MKM,Leering Onlooker,27399,15012,0.5479032081462827,27399,15012,13504,7403,13895,7609,4874,3029,2261,1392,2613,1637,10953,6601,1492,980,5904,3705,2024-02-06T16:04:13+00:00,2024-03-05T16:04:13+00:00
MKM,Leonin Relic-Warder,2564,1422,0.5546021840873635,2564,1422,1280,703,1284,719,542,352,239,159,303,193,1124,687,190,131,617,397,2024-02-06T16:04:13+00:00,2024-03-05T16:04:13+00:00
MKM,Leyline of the Guildpact,981,406,0.4138634046890928,981,406,442,189,539,217,82,47,49,30,33,17,200,99,6,2,101,62,2024-02-06T16:04:13+00:00,2024-03-05T16:04:13+00:00
MKM,Lightning Helix,30780,18177,0.5905458089668616,30780,18177,15496,9137,15284,9040,6352,4278,3002,2038,3350,2240,12773,8191,2252,1575,7564,5132,2024-02-06T16:04:13+00:00,2024-03-05T16:04:13+00:00
MKM,Living Conundrum,4186,1945,0.4646440516005733,4186,1945,2209,1028,1977,917,590,345,292,165,298,180,1278,676,168,108,720,424,2024-02-06T16:04:13+00:00,2024-03-05T16:04:13+00:00
MKM,Long Goodbye,29005,16308,0.5622478882951215,29005,16308,14608,8196,14397,8112,5643,3654,2787,1806,2856,1848,11412,7045,1797,1239,6806,4435,2024-02-06T16:04:13+00:00,2024-03-05T16:04:13+00:00
MKM,Lost in the Maze,13505,7489,0.5545353572750833,13505,7489,6659,3699,6846,3790,2294,1456,1175,759,1119,697,5278,3206,733,478,2806,1799,2024-02-06T16:04:13+00:00,2024-03-05T16:04:13+00:00
MKM,Loxodon Eavesdropper,83678,47339,0.5657281483783073,83678,47339,41416,23442,42262,23897,19869,12673,9633,6152,10236,6521,39232,24142,6530,4361,22442,14432,2024-02-06T16:04:13+00:00,2024-03-05T16:04:13+00:00
MKM,Lumbering Laundry,3361,1707,0.5078845581672121,3361,1707,1549,793,1812,914,573,340,272,166,301,174,1393,774,145,82,709,420,2024-02-06T16:04:13+00:00,2024-03-05T16:04:13+00:00
MKM,Lush Portico,13551,7532,0.5558261382923769,13551,7532,6745,3770,6806,3762,2807,1808,1365,878,1442,930,5745,3542,875,602,3349,2194,2024-02-06T16:04:13+00:00,2024-03-05T16:04:13+00:00
MKM,Macabre Reconstruction,30414,15719,0.5168343526007759,30414,15719,15165,7876,15249,7843,5344,3206,2609,1569,2735,1637,11674,6731,1599,1057,6482,3948,2024-02-06T16:04:13+00:00,2024-03-05T16:04:13+00:00
MKM,Magmaw,1804,964,0.5343680709534369,1804,964,924,486,880,478,280,171,154,95,126,76,593,351,97,57,382,246,2024-02-06T16:04:13+00:00,2024-03-05T16:04:13+00:00
MKM,Magnetic Snuffler,4189,2047,0.4886607782286942,4189,2047,2070,1024,2119,1023,474,283,251,145,223,138,1150,622,120,77,621,387,2024-02-06T16:04:13+00:00,2024-03-05T16:04:13+00:00
MKM,Magnifying Glass,6429,3016,0.4691242806035153,6429,3016,3206,1478,3223,1538,905,499,432,231,473,268,2019,1083,285,161,1131,632,2024-02-06T16:04:13+00:00,2024-03-05T16:04:13+00:00
MKM,Make Your Move,32478,17657,0.5436603239115709,32478,17657,15844,8529,16634,9128,5404,3423,2649,1664,2755,1759,11874,7141,1658,1094,6530,4161,2024-02-06T16:04:13+00:00,2024-03-05T16:04:13+00:00
MKM,Makeshift Binding,99129,58155,0.586659806918258,99129,58155,48919,28704,50210,29451,21206,14032,10311,6825,10895,7207,43356,27488,7330,5116,24880,16608,2024-02-06T16:04:13+00:00,2024-03-05T16:04:13+00:00
MKM,Marketwatch Phantom,92512,51602,0.5577870978900035,92512,51602,45905,25533,46607,26069,18872,12046,9135,5836,9737,6210,39377,23944,6366,4225,22075,14185,2024-02-06T16:04:13+00:00,2024-03-05T16:04:13+00:00
MKM,"Massacre Girl, Known Killer",6515,3687,0.5659247889485802,6515,3687,3251,1817,3264,1870,1087,710,515,334,572,376,2511,1551,322,230,1392,921,2024-02-06T16:04:13+00:00,2024-03-05T16:04:13+00:00
MKM,Maverick Thopterist,3010,1809,0.6009966777408637,3010,1809,1464,898,1546,911,766,538,384,267,382,271,1460,965,245,175,856,601,2024-02-06T16:04:13+00:00,2024-03-05T16:04:13+00:00
MKM,Meddling Youths,22709,12548,0.5525562552292043,22709,12548,11169,6149,11540,6399,4399,2779,2053,1291,2346,1488,9101,5510,1496,991,5141,3270,2024-02-06T16:04:13+00:00,2024-03-05T16:04:13+00:00
MKM,Mentor of the Meek,3136,1650,0.5261479591836735,3136,1650,1535,833,1601,817,530,320,263,173,267,147,1236,714,152,97,644,397,2024-02-06T16:04:13+00:00,2024-03-05T16:04:13+00:00
MKM,Metalspinner's Puzzleknot,539,268,0.4972170686456401,539,268,258,127,281,141,57,39,36,21,21,18,160,100,11,9,73,47,2024-02-06T16:04:13+00:00,2024-03-05T16:04:13+00:00
MKM,Meticulous Archive,13208,7135,0.5402029073288915,13208,7135,6591,3569,6617,3566,2557,1616,1234,789,1323,827,5392,3184,759,499,3050,1951,2024-02-06T16:04:13+00:00,2024-03-05T16:04:13+00:00
MKM,Mistway Spy,23715,12275,0.5176048914189332,23715,12275,11860,6106,11855,6169,3243,1950,1694,1020,1549,930,7720,4439,901,554,4192,2568,2024-02-06T16:04:13+00:00,2024-03-05T16:04:13+00:00
MKM,Mountain,379692,211518,0.5570778420403907,379692,211518,189458,105489,190234,106029,74299,47793,36376,23395,37923,24398,154746,94877,24651,16765,88331,57292,2024-02-06T16:04:13+00:00,2024-03-05T16:04:13+00:00
MKM,Murder,49072,26823,0.546604988588197,49072,26823,24628,13492,24444,13331,8368,5309,4153,2619,4215,2690,18230,11046,2569,1758,10397,6643,2024-02-06T16:04:13+00:00,2024-03-05T16:04:13+00:00
MKM,Museum Nightwatch,76327,42461,0.5563037981317227,76327,42461,37839,21077,38488,21384,16251,10318,8007,5101,8244,5217,33294,20198,5325,3594,19021,12170,2024-02-06T16:04:13+00:00,2024-03-05T16:04:13+00:00
MKM,Mystery Key,1123,583,0.5191451469278717,1123,583,539,272,584,311,142,77,56,34,86,43,359,195,45,30,168,96,2024-02-06T16:04:13+00:00,2024-03-05T16:04:13+00:00
MKM,Neighborhood Guardian,43935,25742,0.5859110048935928,43935,25742,21263,12441,22672,13301,9700,6460,4577,3020,5123,3440,20002,12681,3328,2294,11323,7573,2024-02-06T16:04:13+00:00,2024-03-05T16:04:13+00:00
MKM,Nervous Gardener,93443,52937,0.5665164859861092,93443,52937,46592,26407,46851,26530,21165,13687,10346,6699,10819,6988,42301,26119,6766,4619,24228,15773,2024-02-06T16:04:13+00:00,2024-03-05T16:04:13+00:00
MKM,Nightdrinker Moroii,19149,10125,0.528748237505875,19149,10125,9500,5022,9649,5103,2720,1658,1349,828,1371,830,6126,3613,757,507,3485,2158,2024-02-06T16:04:13+00:00,2024-03-05T16:04:13+00:00
MKM,"Niv-Mizzet, Guildpact",6836,3877,0.5671445289643066,6836,3877,3364,1893,3472,1984,1578,1033,732,482,846,551,2960,1828,536,365,1765,1153,2024-02-06T16:04:13+00:00,2024-03-05T16:04:13+00:00
MKM,No More Lies,14984,8422,0.5620662039508809,14984,8422,7373,4162,7611,4260,2785,1808,1369,894,1416,914,5939,3691,865,577,3397,2225,2024-02-06T16:04:13+00:00,2024-03-05T16:04:13+00:00
MKM,No Witnesses,10477,5495,0.5244821991027966,10477,5495,5178,2753,5299,2742,1491,941,699,463,792,478,3440,2012,419,278,1895,1187,2024-02-06T16:04:13+00:00,2024-03-05T16:04:13+00:00
MKM,Not on My Watch,22098,12187,0.5514978731106888,22098,12187,10963,6024,11135,6163,3541,2232,1724,1089,1817,1143,7818,4758,1183,769,4325,2770,2024-02-06T16:04:13+00:00,2024-03-05T16:04:13+00:00
MKM,Novice Inspector,108068,64213,0.5941906947477514,108068,64213,53796,31916,54272,32297,24124,16074,11986,7976,12138,8098,48621,31224,8155,5688,28044,18809,2024-02-06T16:04:13+00:00,2024-03-05T16:04:13+00:00
MKM,Nyx Weaver,1732,929,0.5363741339491916,1732,929,915,506,817,423,316,203,173,121,143,82,747,447,104,73,373,241,2024-02-06T16:04:13+00:00,2024-03-05T16:04:13+00:00
MKM,Offender at Large,53599,29966,0.559077594731245,53599,29966,26797,14974,26802,14992,12415,7877,6235,3948,6180,3929,24814,14955,4122,2740,14377,9197,2024-02-06T16:04:13+00:00,2024-03-05T16:04:13+00:00
MKM,Officious Interrogation,4699,2301,0.48967865503298574,4699,2301,2273,1095,2426,1206,507,280,230,121,277,159,1450,810,113,73,660,365,2024-02-06T16:04:13+00:00,2024-03-05T16:04:13+00:00
MKM,On the Job,58961,33185,0.5628296670680619,58961,33185,29666,16712,29295,16473,12952,8263,6404,4066,6548,4197,26490,16238,4269,2891,14908,9563,2024-02-06T16:04:13+00:00,2024-03-05T16:04:13+00:00
MKM,Out Cold,64224,35565,0.5537649476831091,64224,35565,31790,17526,32434,18039,12105,7714,5968,3818,6137,3896,25806,15739,3695,2503,14358,9223,2024-02-06T16:04:13+00:00,2024-03-05T16:04:13+00:00
MKM,Outrageous Robbery,9844,5194,0.5276310442909387,9844,5194,4821,2538,5023,2656,1602,1011,768,475,834,536,3423,2045,467,302,2030,1294,2024-02-06T16:04:13+00:00,2024-03-05T16:04:13+00:00
MKM,Perimeter Enforcer,37452,21623,0.577352344334081,37452,21623,18310,10580,19142,11043,7785,5081,3780,2452,4005,2629,16112,10138,2529,1744,9116,5995,2024-02-06T16:04:13+00:00,2024-03-05T16:04:13+00:00
MKM,Person of Interest,80459,46913,0.5830671522141712,80459,46913,40200,23369,40259,23544,17579,11609,8611,5676,8968,5933,35612,22419,5951,4121,20792,13860,2024-02-06T16:04:13+00:00,2024-03-05T16:04:13+00:00
MKM,Persuasive Interrogators,10368,5586,0.5387731481481481,10368,5586,4957,2644,5411,2942,2351,1448,1149,719,1202,729,4494,2664,714,470,2709,1696,2024-02-06T16:04:13+00:00,2024-03-05T16:04:13+00:00
MKM,Pick Your Poison,6798,3457,0.5085319211532804,6798,3457,3323,1716,3475,1741,886,520,425,250,461,270,1987,1140,237,149,1137,677,2024-02-06T16:04:13+00:00,2024-03-05T16:04:13+00:00
MKM,Plains,453128,255274,0.5633595805158808,453128,255274,224576,126476,228552,128798,91117,58966,44612,28883,46505,30083,189201,116989,30247,20600,107292,69945,2024-02-06T16:04:13+00:00,2024-03-05T16:04:13+00:00
MKM,Polygraph Orb,4540,2351,0.51784140969163,4540,2351,2192,1139,2348,1212,763,467,359,236,404,231,1617,940,188,117,915,567,2024-02-06T16:04:13+00:00,2024-03-05T16:04:13+00:00
MKM,Pompous Gadabout,12030,6350,0.5278470490440565,12030,6350,5956,3158,6074,3192,1845,1137,922,559,923,578,3977,2340,567,364,2259,1401,2024-02-06T16:04:13+00:00,2024-03-05T16:04:13+00:00
MKM,Presumed Dead,10517,5476,0.5206808025102215,10517,5476,5220,2735,5297,2741,1558,974,776,504,782,470,3495,2022,545,365,1968,1234,2024-02-06T16:04:13+00:00,2024-03-05T16:04:13+00:00
MKM,Private Eye,30673,17987,0.5864115019724188,30673,17987,15225,8874,15448,9113,5632,3736,2833,1876,2799,1860,12152,7764,1878,1324,6650,4450,2024-02-06T16:04:13+00:00,2024-03-05T16:04:13+00:00
MKM,Proft's Eidetic Memory,16372,9629,0.5881382848766186,16372,9629,8058,4684,8314,4945,3358,2278,1751,1182,1607,1096,6901,4451,1103,771,4038,2751,2024-02-06T16:04:13+00:00,2024-03-05T16:04:13+00:00
MKM,Projektor Inspector,79797,44591,0.5588054688772761,79797,44591,39771,22171,40026,22420,16054,10324,8013,5115,8041,5209,33260,20440,5144,3502,18860,12204,2024-02-06T16:04:13+00:00,2024-03-05T16:04:13+00:00
MKM,Public Thoroughfare,57058,29696,0.5204528725156858,57058,29696,28461,14814,28597,14882,10485,6436,5319,3291,5166,3145,21674,12657,3498,2300,12200,7500,2024-02-06T16:04:13+00:00,2024-03-05T16:04:13+00:00
MKM,Push // Pull,28126,15626,0.5555713574628458,28126,15626,13956,7785,14170,7841,5199,3377,2578,1674,2621,1703,10966,6717,1710,1188,6264,4081,2024-02-06T16:04:13+00:00,2024-03-05T16:04:13+00:00
MKM,Putrid Warrior,611,331,0.5417348608837971,611,331,305,161,306,170,104,58,58,29,46,29,221,130,20,13,125,73,2024-02-06T16:04:13+00:00,2024-03-05T16:04:13+00:00
MKM,Pyrotechnic Performer,16645,9903,0.5949534394713127,16645,9903,8345,4945,8300,4958,3376,2320,1753,1193,1623,1127,6877,4482,1188,855,4066,2793,2024-02-06T16:04:13+00:00,2024-03-05T16:04:13+00:00
MKM,"Quintorius, Field Historian",511,232,0.45401174168297453,511,232,231,105,280,127,73,50,46,29,27,21,151,86,30,19,83,57,2024-02-06T16:04:13+00:00,2024-03-05T16:04:13+00:00
MKM,"Rakdos, Patron of Chaos",7766,4693,0.6043007983517898,7766,4693,3897,2348,3869,2345,1593,1067,809,536,784,531,3340,2162,463,329,1827,1232,2024-02-06T16:04:13+00:00,2024-03-05T16:04:13+00:00
MKM,Rakish Scoundrel,23396,12070,0.5159001538724568,23396,12070,11660,6048,11736,6022,3499,2094,1821,1106,1678,988,8199,4699,1090,674,4532,2755,2024-02-06T16:04:13+00:00,2024-03-05T16:04:13+00:00
MKM,Ranger-Captain of Eos,1080,619,0.5731481481481482,1080,619,509,294,571,325,235,152,114,76,121,76,508,307,73,49,268,179,2024-02-06T16:04:13+00:00,2024-03-05T16:04:13+00:00
MKM,Raucous Theater,9666,5234,0.5414856196979102,9666,5234,4761,2574,4905,2660,1800,1093,842,511,958,582,3675,2204,553,354,2182,1338,2024-02-06T16:04:13+00:00,2024-03-05T16:04:13+00:00
MKM,Reasonable Doubt,46135,25893,0.561244174704671,46135,25893,22801,12800,23334,13093,9644,6168,4807,3077,4837,3091,20090,12281,3028,2079,11647,7542,2024-02-06T16:04:13+00:00,2024-03-05T16:04:13+00:00
MKM,Reckless Detective,42560,24934,0.5858552631578947,42560,24934,21051,12310,21509,12624,8995,5989,4292,2849,4703,3140,18690,11892,3157,2225,10602,7127,2024-02-06T16:04:13+00:00,2024-03-05T16:04:13+00:00
MKM,Red Herring,77537,43133,0.5562892554522357,77537,43133,38694,21487,38843,21646,15358,9700,7587,4789,7771,4911,32450,19720,5051,3368,18298,11641,2024-02-06T16:04:13+00:00,2024-03-05T16:04:13+00:00
MKM,Reenact the Crime,1017,447,0.43952802359882004,1017,447,551,254,466,193,61,31,29,15,32,16,207,106,13,8,110,56,2024-02-06T16:04:13+00:00,2024-03-05T16:04:13+00:00
MKM,Relive the Past,1653,800,0.4839685420447671,1653,800,772,363,881,437,301,186,128,72,173,114,555,325,90,63,337,203,2024-02-06T16:04:13+00:00,2024-03-05T16:04:13+00:00
MKM,Repeat Offender,29528,15238,0.5160525602817665,29528,15238,14918,7743,14610,7495,4004,2435,2039,1278,1965,1157,9398,5431,1146,745,5202,3201,2024-02-06T16:04:13+00:00,2024-03-05T16:04:13+00:00
MKM,Repulsive Mutation,30051,17838,0.593590895477688,30051,17838,14870,8809,15181,9029,7602,5127,3847,2624,3755,2503,14687,9498,2551,1814,8490,5733,2024-02-06T16:04:13+00:00,2024-03-05T16:04:13+00:00
MKM,Riftburst Hellion,48847,26155,0.535447417446312,48847,26155,24137,12892,24710,13263,8807,5399,4315,2643,4492,2756,19007,11207,2707,1766,10612,6548,2024-02-06T16:04:13+00:00,2024-03-05T16:04:13+00:00
MKM,Rope,2812,1317,0.46834992887624466,2812,1317,1359,632,1453,685,250,137,111,62,139,75,653,343,76,50,375,213,2024-02-06T16:04:13+00:00,2024-03-05T16:04:13+00:00
MKM,Rot Farm Mortipede,14910,7644,0.5126760563380282,14910,7644,7399,3848,7511,3796,2332,1402,1208,726,1124,676,5057,2928,614,399,2826,1706,2024-02-06T16:04:13+00:00,2024-03-05T16:04:13+00:00
MKM,Rubblebelt Braggart,15571,8084,0.5191702523922677,15571,8084,7688,4004,7883,4080,2505,1563,1208,743,1297,820,5461,3190,794,506,3100,1933,2024-02-06T16:04:13+00:00,2024-03-05T16:04:13+00:00
MKM,Rubblebelt Maverick,58737,32631,0.5555442055263292,58737,32631,28915,16042,29822,16589,12023,7640,5894,3755,6129,3885,24799,15120,3833,2551,13809,8806,2024-02-06T16:04:13+00:00,2024-03-05T16:04:13+00:00
MKM,Rune-Brand Juggler,14028,7646,0.545052751639578,14028,7646,7076,3854,6952,3792,2170,1356,1073,648,1097,708,5089,3073,675,452,2659,1675,2024-02-06T16:04:13+00:00,2024-03-05T16:04:13+00:00
MKM,Sample Collector,25783,13790,0.5348485436140092,25783,13790,12731,6804,13052,6986,4877,3028,2417,1476,2460,1552,10394,6160,1536,991,5765,3603,2024-02-06T16:04:13+00:00,2024-03-05T16:04:13+00:00
MKM,Sanctuary Wall,7895,4024,0.5096896770107663,7895,4024,3869,1950,4026,2074,1159,720,554,338,605,382,2740,1578,424,282,1395,874,2024-02-06T16:04:13+00:00,2024-03-05T16:04:13+00:00
MKM,Sanguine Savior,53180,28793,0.5414253478751411,53180,28793,26359,14289,26821,14504,9552,6022,4697,2964,4855,3058,20366,12137,3072,2038,11520,7338,2024-02-06T16:04:13+00:00,2024-03-05T16:04:13+00:00
MKM,Sanitation Automaton,70234,38095,0.542401116268474,70234,38095,35498,19239,34736,18856,14963,9242,7461,4582,7502,4660,31719,18635,4911,3183,17153,10686,2024-02-06T16:04:13+00:00,2024-03-05T16:04:13+00:00
MKM,Scene of the Crime,29321,15807,0.5391016677466662,29321,15807,14326,7731,14995,8076,5450,3487,2599,1670,2851,1817,11714,7082,1948,1342,6427,4133,2024-02-06T16:04:13+00:00,2024-03-05T16:04:13+00:00
MKM,Seasoned Consultant,79407,44093,0.5552785018952989,79407,44093,39593,22036,39814,22057,15850,10150,7943,5104,7907,5046,33583,20381,5291,3553,18665,12000,2024-02-06T16:04:13+00:00,2024-03-05T16:04:13+00:00
MKM,Shadowy Backstreet,10668,5895,0.5525871766029247,10668,5895,5369,2956,5299,2939,2017,1303,1004,648,1013,655,4238,2622,612,420,2457,1599,2024-02-06T16:04:13+00:00,2024-03-05T16:04:13+00:00
MKM,Shady Informant,27463,14266,0.5194625496122055,27463,14266,13808,7185,13655,7081,4409,2711,2144,1318,2265,1393,9689,5645,1351,892,5660,3488,2024-02-06T16:04:13+00:00,2024-03-05T16:04:13+00:00
MKM,Sharp-Eyed Rookie,17009,10081,0.5926862249397378,17009,10081,8480,5029,8529,5052,3710,2491,1730,1183,1980,1308,7521,4859,1231,849,4318,2935,2024-02-06T16:04:13+00:00,2024-03-05T16:04:13+00:00
MKM,Shock,87725,50100,0.5711028783129096,87725,50100,43881,24997,43844,25103,17780,11618,8751,5721,9029,5897,36665,22855,5805,3996,21197,13969,2024-02-06T16:04:13+00:00,2024-03-05T16:04:13+00:00
MKM,Slice from the Shadows,51246,27630,0.5391640323147172,51246,27630,25674,13824,25572,13806,8113,5121,4146,2580,3967,2541,18321,10985,2545,1689,10128,6456,2024-02-06T16:04:13+00:00,2024-03-05T16:04:13+00:00
MKM,Slime Against Humanity,3612,1578,0.4368770764119601,3612,1578,1720,748,1892,830,297,163,129,72,168,91,919,460,104,58,384,214,2024-02-06T16:04:13+00:00,2024-03-05T16:04:13+00:00
MKM,Slimy Dualleech,17912,9540,0.5326038410004467,17912,9540,8827,4710,9085,4830,2771,1719,1357,840,1414,879,6484,3822,908,614,3422,2135,2024-02-06T16:04:13+00:00,2024-03-05T16:04:13+00:00
MKM,Smuggler's Copter,1861,1182,0.6351423965609887,1861,1182,946,587,915,595,439,308,241,162,198,146,877,607,127,97,486,338,2024-02-06T16:04:13+00:00,2024-03-05T16:04:13+00:00
MKM,Snarling Gorehound,41206,22326,0.5418142988885114,41206,22326,20685,11292,20521,11034,7112,4485,3636,2302,3476,2183,15780,9523,2301,1540,8549,5460,2024-02-06T16:04:13+00:00,2024-03-05T16:04:13+00:00
MKM,Soul Enervation,23904,12933,0.541039156626506,23904,12933,11873,6432,12031,6501,4114,2566,2028,1248,2086,1318,9030,5378,1138,742,5059,3187,2024-02-06T16:04:13+00:00,2024-03-05T16:04:13+00:00
MKM,Soul Search,4313,2203,0.5107813586830512,4313,2203,2165,1117,2148,1086,540,332,248,146,292,186,1263,750,192,127,705,446,2024-02-06T16:04:13+00:00,2024-03-05T16:04:13+00:00
MKM,Steamcore Scholar,18044,10929,0.605686100642873,18044,10929,8759,5297,9285,5632,3789,2585,1832,1237,1957,1348,7847,5134,1227,873,4453,3060,2024-02-06T16:04:13+00:00,2024-03-05T16:04:13+00:00
MKM,Stromkirk Captain,560,287,0.5125,560,287,283,144,277,143,45,21,20,9,25,12,151,86,24,13,53,24,2024-02-06T16:04:13+00:00,2024-03-05T16:04:13+00:00
MKM,Sudden Setback,13142,6981,0.5311976868056613,13142,6981,6575,3507,6567,3474,2384,1456,1231,760,1153,696,5004,2961,698,453,2983,1845,2024-02-06T16:04:13+00:00,2024-03-05T16:04:13+00:00
MKM,Sumala Sentry,26978,15441,0.5723552524279042,26978,15441,13242,7516,13736,7925,5582,3598,2723,1729,2859,1869,11923,7363,1784,1207,6429,4162,2024-02-06T16:04:13+00:00,2024-03-05T16:04:13+00:00
MKM,Surveillance Monitor,32845,18279,0.556523062871061,32845,18279,16327,9067,16518,9212,6913,4398,3472,2212,3441,2186,14323,8706,2138,1445,8134,5185,2024-02-06T16:04:13+00:00,2024-03-05T16:04:13+00:00
MKM,Suspicious Detonation,32675,16737,0.5122264728385616,32675,16737,16374,8389,16301,8348,4767,2885,2403,1462,2364,1423,10679,6133,1466,942,6246,3853,2024-02-06T16:04:13+00:00,2024-03-05T16:04:13+00:00
MKM,Swamp,275475,148225,0.5380706053180869,275475,148225,137025,73793,138450,74432,50056,31382,24900,15608,25156,15774,106974,63897,15771,10521,60228,38010,2024-02-06T16:04:13+00:00,2024-03-05T16:04:13+00:00
MKM,"Syr Konrad, the Grim",2386,1308,0.548197820620285,2386,1308,1165,638,1221,670,474,287,274,163,200,124,935,531,132,86,544,339,2024-02-06T16:04:13+00:00,2024-03-05T16:04:13+00:00
MKM,Tenth District Hero,17276,10055,0.5820213012271359,17276,10055,8674,5065,8602,4990,3379,2217,1708,1090,1671,1127,7189,4595,1094,754,3954,2604,2024-02-06T16:04:13+00:00,2024-03-05T16:04:13+00:00
MKM,"Teysa, Opulent Oligarch",15513,9514,0.6132920776123252,15513,9514,7755,4780,7758,4734,2990,2047,1489,1036,1501,1011,6559,4345,998,729,3453,2371,2024-02-06T16:04:13+00:00,2024-03-05T16:04:13+00:00
MKM,The Chase Is On,49507,27496,0.5553962065970469,49507,27496,24743,13699,24764,13797,11029,6942,5359,3370,5670,3572,22229,13374,3533,2326,12728,8096,2024-02-06T16:04:13+00:00,2024-03-05T16:04:13+00:00
MKM,The Pride of Hull Clade,2754,1409,0.5116194625998548,2754,1409,1476,760,1278,649,415,255,247,152,168,103,831,478,116,79,507,308,2024-02-06T16:04:13+00:00,2024-03-05T16:04:13+00:00
MKM,They Went This Way,40002,21652,0.5412729363531823,40002,21652,19938,10829,20064,10823,8173,5176,4013,2552,4160,2624,16729,10043,2757,1835,9354,5972,2024-02-06T16:04:13+00:00,2024-03-05T16:04:13+00:00
MKM,Thinking Cap,26323,13369,0.5078828401018121,26323,13369,12903,6517,13420,6852,4417,2598,2167,1274,2250,1324,9826,5524,1409,850,5385,3225,2024-02-06T16:04:13+00:00,2024-03-05T16:04:13+00:00
MKM,Thundering Falls,12572,6995,0.5563951638561884,12572,6995,6289,3500,6283,3495,2553,1642,1369,899,1184,743,5379,3257,797,557,3017,1963,2024-02-06T16:04:13+00:00,2024-03-05T16:04:13+00:00
MKM,Tin Street Gossip,17151,9263,0.5400851262317066,17151,9263,8541,4612,8610,4651,2988,1867,1481,913,1507,954,6412,3821,927,630,3625,2290,2024-02-06T16:04:13+00:00,2024-03-05T16:04:13+00:00
MKM,Tireless Tracker,1596,973,0.6096491228070176,1596,973,769,471,827,502,355,255,164,115,191,140,676,450,127,96,387,277,2024-02-06T16:04:13+00:00,2024-03-05T16:04:13+00:00
MKM,"Tolsimir, Midnight's Light",16517,10477,0.634316159108797,16517,10477,8203,5210,8314,5267,3572,2520,1785,1254,1787,1266,7368,5002,1120,843,4114,2918,2024-02-06T16:04:13+00:00,2024-03-05T16:04:13+00:00
MKM,Topiary Panther,75421,41384,0.5487065936542873,75421,41384,37454,20609,37967,20775,15289,9678,7633,4873,7656,4805,31731,19142,4500,3027,17720,11281,2024-02-06T16:04:13+00:00,2024-03-05T16:04:13+00:00
MKM,Torch the Witness,41998,25140,0.5985999333301586,41998,25140,20657,12322,21341,12818,9637,6448,4546,3037,5091,3411,19343,12540,3335,2332,11140,7496,2024-02-06T16:04:13+00:00,2024-03-05T16:04:13+00:00
MKM,Toxin Analysis,26920,14380,0.5341753343239227,26920,14380,13225,7059,13695,7321,4648,2837,2343,1415,2305,1422,10247,6010,1448,947,5809,3603,2024-02-06T16:04:13+00:00,2024-03-05T16:04:13+00:00
MKM,Tragic Slip,734,383,0.5217983651226158,734,383,365,203,369,180,116,69,69,45,47,24,232,142,28,18,125,74,2024-02-06T16:04:13+00:00,2024-03-05T16:04:13+00:00
MKM,Treacherous Greed,4780,2502,0.5234309623430963,4780,2502,2452,1283,2328,1219,576,363,308,190,268,173,1348,819,173,109,744,474,2024-02-06T16:04:13+00:00,2024-03-05T16:04:13+00:00
MKM,Treacherous Terrain,1520,840,0.5526315789473685,1520,840,805,456,715,384,226,141,110,70,116,71,542,322,74,43,263,167,2024-02-06T16:04:13+00:00,2024-03-05T16:04:13+00:00
MKM,"Trostani, Three Whispers",7829,4725,0.6035253544513987,7829,4725,3849,2318,3980,2407,1617,1103,800,536,817,567,3254,2155,500,359,1905,1309,2024-02-06T16:04:13+00:00,2024-03-05T16:04:13+00:00
MKM,Tunnel Tipster,83806,46802,0.5584564351001121,83806,46802,41781,23287,42025,23515,17719,11328,8683,5549,9036,5779,36575,22268,5667,3784,20573,13251,2024-02-06T16:04:13+00:00,2024-03-05T16:04:13+00:00
MKM,Unauthorized Exit,49518,27520,0.5557575023223879,49518,27520,24298,13519,25220,14001,9880,6351,4943,3197,4937,3154,20939,12937,3270,2240,11674,7540,2024-02-06T16:04:13+00:00,2024-03-05T16:04:13+00:00
MKM,Undercity Eliminator,24345,13262,0.5447525159170261,24345,13262,12199,6670,12146,6592,4410,2789,2179,1381,2231,1408,9603,5801,1386,923,5336,3405,2024-02-06T16:04:13+00:00,2024-03-05T16:04:13+00:00
MKM,Undercity Sewers,11613,6366,0.5481787651769569,11613,6366,5908,3215,5705,3151,2308,1482,1149,737,1159,745,4915,3018,694,496,2787,1795,2024-02-06T16:04:13+00:00,2024-03-05T16:04:13+00:00
MKM,Undercover Crocodelf,58983,31807,0.5392570740721903,58983,31807,29140,15739,29843,16068,11729,7274,5720,3523,6009,3751,24492,14501,3574,2363,13698,8559,2024-02-06T16:04:13+00:00,2024-03-05T16:04:13+00:00
MKM,Underground Mortuary,11432,6382,0.5582575227431771,11432,6382,5668,3178,5764,3204,2308,1471,1187,773,1121,698,4776,2909,822,576,2679,1721,2024-02-06T16:04:13+00:00,2024-03-05T16:04:13+00:00
MKM,Unscrupulous Agent,51572,28236,0.5475063988210657,51572,28236,25896,14199,25676,14037,9776,6170,4885,3071,4891,3099,20483,12289,3090,2044,11919,7630,2024-02-06T16:04:13+00:00,2024-03-05T16:04:13+00:00
MKM,Unyielding Gatekeeper,16743,9729,0.5810786597383981,16743,9729,8140,4756,8603,4973,3419,2254,1695,1112,1724,1142,7007,4449,1119,782,4049,2687,2024-02-06T16:04:13+00:00,2024-03-05T16:04:13+00:00
MKM,Urgent Necropsy,4471,2631,0.5884589577275777,4471,2631,2224,1329,2247,1302,1094,726,503,344,591,382,2046,1319,342,241,1221,810,2024-02-06T16:04:13+00:00,2024-03-05T16:04:13+00:00
MKM,"Vannifar, Evolved Enigma",8566,5217,0.6090357226243287,8566,5217,4222,2565,4344,2652,1624,1079,859,566,765,513,3599,2315,500,349,1915,1305,2024-02-06T16:04:13+00:00,2024-03-05T16:04:13+00:00
MKM,Vein Ripper,7361,4673,0.6348322238826246,7361,4673,3669,2331,3692,2342,1454,1046,756,531,698,515,2935,2028,452,331,1667,1207,2024-02-06T16:04:13+00:00,2024-03-05T16:04:13+00:00
MKM,Vengeful Creeper,63926,35673,0.5580358539561368,63926,35673,31945,17834,31981,17839,14707,9251,7208,4515,7499,4736,28986,17570,4802,3206,16869,10714,2024-02-06T16:04:13+00:00,2024-03-05T16:04:13+00:00
MKM,Vengeful Tracker,28397,15468,0.5447054266295736,28397,15468,14203,7744,14194,7724,5542,3464,2668,1644,2874,1820,11338,6766,1743,1157,6591,4178,2024-02-06T16:04:13+00:00,2024-03-05T16:04:13+00:00
MKM,Victimize,854,438,0.5128805620608899,854,438,415,208,439,230,107,67,50,34,57,33,299,174,29,20,128,80,2024-02-06T16:04:13+00:00,2024-03-05T16:04:13+00:00
MKM,Vitu-Ghazi Inspector,67337,37261,0.5533510551405616,67337,37261,33211,18319,34126,18942,14256,9060,6988,4389,7268,4671,29446,17856,4571,3096,16189,10369,2024-02-06T16:04:13+00:00,2024-03-05T16:04:13+00:00
MKM,Warleader's Call,15960,9607,0.6019423558897243,15960,9607,7762,4657,8198,4950,3248,2168,1554,1022,1694,1146,6600,4273,1166,821,3773,2545,2024-02-06T16:04:13+00:00,2024-03-05T16:04:13+00:00
MKM,Wispdrinker Vampire,18977,10450,0.5506665964061759,18977,10450,9569,5296,9408,5154,3185,2021,1589,1018,1596,1003,7004,4248,1115,751,3832,2454,2024-02-06T16:04:13+00:00,2024-03-05T16:04:13+00:00
MKM,Wojek Investigator,17999,10906,0.6059225512528473,17999,10906,9012,5440,8987,5466,3736,2557,1861,1264,1875,1293,7775,5120,1223,852,4439,3048,2024-02-06T16:04:13+00:00,2024-03-05T16:04:13+00:00
MKM,Worldsoul's Rage,6373,3410,0.5350698258277107,6373,3410,3255,1766,3118,1644,997,626,435,274,562,352,2256,1334,322,215,1166,742,2024-02-06T16:04:13+00:00,2024-03-05T16:04:13+00:00
MKM,Wrench,7660,3940,0.5143603133159269,7660,3940,3790,1987,3870,1953,1010,601,483,286,527,315,2437,1426,296,186,1345,824,2024-02-06T16:04:13+00:00,2024-03-05T16:04:13+00:00
MKM,"Yarus, Roar of the Old Gods",13230,7506,0.5673469387755102,13230,7506,6743,3814,6487,3692,2482,1628,1147,760,1335,868,5350,3336,746,532,2914,1922,2024-02-06T16:04:13+00:00,2024-03-05T16:04:13+00:00
