id,primary,secondary,role
TLA000,none,,G
TLA001,UG,,E
TLA002,WU,GW,E
TLA003,UR,,E
TLA004,GW,,E
TLA005,UG,,E
TLA006,none,,G
TLA007,WU,,P
TLA008,RW,GW,E
TLA009,none,,G
TLA010,WU,,E
TLA011,UR,,G
TLA012,GW,,E
TLA013,WU,GW,E
TLA014,WU,,E
TLA015,none,,G
TLA016,GW,,P
TLA017,none,,G
TLA018,BG,,E
TLA019,UB,,E
TLA020,BR,UB,E
TLA021,RG,BG+UG,E
TLA022,RG,BG,P
TLA023,RG,BG,E
TLA024,none,,G
TLA025,WB,UB,P
TLA026,BG,,P
TLA027,none,,G
TLA028,WU,,E
TLA029,RG,,P
TLA030,UR,,P
TLA031,BR,,G
TLA032,BR,,E
TLA033,UG,UR,E
TLA034,none,,G
TLA035,UG,RG,P
TLA036,RG,,P
TLA037,WB,BG,E
TLA038,WB,UB,E
TLA039,none,,G
TLA040,none,,G
TLA041,WU,,P
TLA042,none,,G
TLA043,UR,,E
TLA044,GW,,E
TLA045,none,,G
TLA046,none,,G
TLA047,RW,UR,E
TLA048,BR,,P
TLA049,BR,RW,E
TLA050,WB,,E
TLA051,UG,,E
TLA052,BG,,P
TLA053,BG,,E
TLA054,none,,G
TLA055,WB,,E
TLA056,RW,,E
TLA057,none,,G
TLA058,GW,,E
TLA059,UR,,P
TLA060,GW,,P
TLA061,GW,RG,E
TLA062,GW,,E
TLA063,GW,,E
TLA064,GW,,E
TLA065,RG,,E
TLA066,RG,,E
TLA067,BG,,E
TLA068,RG,UG,E
TLA069,RG,,E
TLA070,GW,,E
TLA071,none,,G
TLA072,UG,,E
TLA073,WU,,E
TLA074,none,,G
TLA075,RW,WU,E
TLA076,BG,,E
TLA077,none,,G
TLA078,none,,G
TLA079,none,,G
TLA080,RW,BR,E
TLA081,BR,UR,E
TLA082,BG,,E
TLA083,BR,,E
TLA084,BR,,E
TLA085,none,,G
TLA086,none,,G
TLA087,BR,,E
TLA088,BR,,P
TLA089,UR,,E
TLA090,UR,BR,E
TLA091,WU,,E
TLA092,none,,G
TLA093,RG,,E
TLA094,BG,,G
TLA095,UB,,E
TLA096,UB,,P
TLA097,RG,BG,E
TLA098,none,,G
TLA099,UB,,E
TLA100,GW,RW,E
TLA101,WU,,E
TLA102,none,,G
TLA103,WU,,E
TLA104,WU,,E
TLA105,UR,,P
TLA106,GW,UG,E
TLA107,UG,,P
TLA108,GW,,E
TLA109,UB,,E
TLA110,GW,RG,P
TLA111,none,,G
TLA112,WB,,P
TLA113,UG,,P
TLA114,BG,,E
TLA115,none,,G
TLA116,BR,RW,E
TLA117,UR,WU,E
TLA118,RW,GW,E
TLA119,none,,G
TLA120,GW,,P
TLA121,UR,,E
TLA122,none,,G
TLA123,RW,,E
TLA124,UR,,E
TLA125,GW,,E
TLA126,GW,,E
TLA127,BR,UR,E
TLA128,BR,,E
TLA129,RW,,P
TLA130,WB,,P
TLA131,WB,UB,P
TLA132,none,,G
TLA133,WU,,E
TLA134,none,,G
TLA135,UB,,P
TLA136,none,,G
TLA137,RW,,E
TLA138,UG,,E
TLA139,GW,,G
TLA140,GW,RW,E
TLA141,UG,,E
TLA142,none,,G
TLA143,none,,G
TLA144,BG,,P
TLA145,UB,,E
TLA146,UR,,E
TLA147,none,,G
TLA148,UR,UG,E
TLA149,GW,,E
TLA150,UG,,G
TLA151,WB,,E
TLA152,UB,,P
TLA153,none,,G
TLA154,WB,,G
TLA155,WU,,P
TLA156,WU,,E
TLA157,none,,G
TLA158,WU,,G
TLA159,WU,,E
TLA160,WB,,E
TLA161,UB,BG,E
TLA162,UR,,E
TLA163,RG,,G
TLA164,BG,,E
TLA165,BG,,E
TLA166,UB,,E
TLA167,none,,G
TLA168,BR,,P
TLA169,none,,G
TLA170,WB,,P
TLA171,RG,,E
TLA172,WB,,P
TLA173,UB,,E
TLA174,UG,,E
TLA175,WB,,E
TLA176,none,,G
TLA177,UR,,E
TLA178,none,,G
TLA179,BR,,E
TLA180,RG,UG,E
TLA181,UB,,E
TLA182,none,,G
TLA183,WB,,E
TLA184,RG,,E
TLA185,UR,,E
TLA186,RG,,E
TLA187,none,,G
TLA188,BR,,E
TLA189,WU,,E
TLA190,none,,G
TLA191,none,,G
TLA192,none,,G
TLA193,WB,,P
TLA194,none,,G
TLA195,none,,G
TLA196,none,,G
TLA197,UG,,E
TLA198,UR,,E
TLA199,UB,,G
TLA200,UG,,E
TLA201,UR,,E
TLA202,UR,,P
TLA203,WU,,E
TLA204,none,,G
TLA205,none,,G
TLA206,UR,,E
TLA207,GW,,E
TLA208,GW,,E
TLA209,UG,,E
TLA210,none,,G
TLA211,RW,GW,P
TLA212,GW,,P
TLA213,RW,,P
TLA214,RW,,G
TLA215,none,,G
TLA216,RW,GW,E
TLA217,WU,,P
TLA218,RG,,P
TLA219,RW,,E
TLA220,RG,GW,E
TLA221,none,,G
TLA222,none,,G
TLA223,UG,,P
TLA224,UR,UB,E
TLA225,none,,G
TLA226,none,,G
TLA227,RG,,E
TLA228,UB,,E
TLA229,WB,,P
TLA230,RG,,P
TLA231,RG,,P
TLA232,none,,G
TLA233,RW,,E
TLA234,UG,BG,E
TLA235,none,,G
TLA236,BR,,E
TLA237,none,,G
TLA238,BR,,E
TLA239,UR,BR,E
TLA240,UR,,E
TLA241,RG,,E
TLA242,RW,GW,P
TLA243,none,,G
TLA244,WB,,E
TLA245,BR,,E
TLA246,none,,G
TLA247,WU,UB,E
TLA248,RW,,P
TLA249,none,,G
TLA250,RW,,P
TLA251,RW,GW,E
TLA252,GW,,E
TLA253,WU,,E
TLA254,UR,UG,E
TLA255,none,,G
TLA256,none,,G
TLA257,none,,G
TLA258,GW,,P
TLA259,UB,,E
TLA260,WU,RW,E
TLA261,WU,,E
TLA262,UR,,E
TLA263,BR,,P
TLA264,none,,G
TLA265,WB,,E
TLA266,none,,G
TLA267,BR,,E
TLA268,BR,,E
TLA269,WU,,P
TLA270,none,,G
TLA271,none,,G
TLA272,UR,,E
TLA273,RG,,E
TLA274,none,,G
TLA275,none,,G
TLA276,none,,G
