id,name,colors,mv,type,pt,text
MOM000,Aerial Boost,W,2.0,Instant,,Convoke (Your creatures can help cast this spell. Each creature you tap while casting this spell pays for {1} or one mana of that creature's color.) / Target creature gets +2/+2 and gains flying until end of turn.
MOM001,Akki Scrapchomper,R,1.0,Creature — Phyrexian Goblin,1.0/1.0,"{1}{R}, {T}, Sacrifice an artifact or land: Draw a card."
MOM002,Alabaster Host Intercessor,W,6.0,Creature — Phyrexian Samurai,3.0/4.0,"When this creature enters, exile target creature an opponent controls until this creature leaves the battlefield. / Plainscycling {2} ({2}, Discard this card: Search your library for a Plains card, reveal it, put it into your hand, then shuffle.)"
MOM003,Alabaster Host Sanctifier,W,2.0,Creature — Phyrexian Cleric,2.0/2.0,Lifelink
MOM004,Ancient Imperiosaur,G,7.0,Creature — Dinosaur,6.0/6.0,"Convoke (Your creatures can help cast this spell. Each creature you tap while casting this spell pays for {1} or one mana of that creature's color.) / Trample, ward {2} / This creature enters with two +1/+1 counters on it for each creature that convoked it."
MOM005,Angelic Intervention,W,2.0,Instant,,"Target creature or planeswalker you control gains protection from colorless or from the color of your choice until end of turn. If it's a creature, put a +1/+1 counter on it. (It can't be blocked, targeted, dealt damage, enchanted, or equipped by anything with that quality.)"
MOM006,Arachnoid Adaptation,G,1.0,Instant,,Target creature gets +2/+2 and gains reach until end of turn. Untap it.
MOM007,Archangel Elspeth,W,4.0,Legendary Planeswalker — Elspeth,,+1: Create a 1/1 white Soldier creature token with lifelink. / −2: Put two +1/+1 counters on target creature. It becomes an Angel in addition to its other types and gains flying. / −6: Return all nonland permanent cards with mana value 3 or less from your graveyard to the battlefield.
MOM008,Archpriest of Shadows,B,5.0,Creature — Human Warlock,4.0/4.0,"Backup 1 (When this creature enters, put a +1/+1 counter on target creature. If that's another creature, it gains the following abilities until end of turn.) / Deathtouch / Whenever this creature deals combat damage to a player or battle, return target creature card from your graveyard to the battlefield."
MOM009,Artistic Refusal,U,6.0,Instant,,"Convoke (Your creatures can help cast this spell. Each creature you tap while casting this spell pays for {1} or one mana of that creature's color.) / Choose one or both — / • Counter target spell. / • Draw two cards, then discard a card."
MOM010,Assimilate Essence,U,2.0,Instant,,"Counter target creature or battle spell unless its controller pays {4}. If they do, you incubate 2. (Create an Incubator token with two +1/+1 counters on it and ""{2}: Transform this token."" It transforms into a 0/0 Phyrexian artifact creature.)"
MOM011,Astral Wingspan,U,5.0,Enchantment — Aura,,"Convoke (Your creatures can help cast this spell. Each creature you tap while casting this spell pays for {1} or one mana of that creature's color.) / Enchant creature / When this Aura enters, draw a card. / Enchanted creature gets +2/+2 and has flying."
MOM012,Atraxa's Fall,G,2.0,Sorcery,,"Destroy target artifact, battle, enchantment, or creature with flying."
MOM013,Attentive Skywarden,W,3.0,Creature — Phyrexian Kor,2.0/2.0,"Flying / Whenever this creature deals combat damage to a player or battle, transform up to one target Incubator token you control."
MOM014,Baral and Kari Zev,UR,3.0,Legendary Creature — Human,2.0/4.0,"First strike, menace / Whenever you cast your first instant or sorcery spell each turn, you may cast a spell with lesser mana value that shares a card type with it from your hand without paying its mana cost. If you don't, create First Mate Ragavan, a legendary 2/1 red Monkey Pirate creature token. It gains haste until end of turn."
MOM015,Beamtown Beatstick,R,1.0,Artifact — Equipment,,"Equipped creature gets +1/+0 and has menace. (It can't be blocked except by two or more creatures.) / Whenever equipped creature deals combat damage to a player or battle, create a Treasure token. / Equip {2} ({2}: Attach to target creature you control. Equip only as a sorcery.)"
MOM016,Bladed Battle-Fan,B,2.0,Artifact — Equipment,,"Flash / When this Equipment enters, attach it to target creature you control. That creature gains indestructible until end of turn. / Equipped creature gets +1/+0. / Equip {1} ({1}: Attach to target creature you control. Equip only as a sorcery.)"
MOM017,Blighted Burgeoning,G,3.0,Enchantment — Aura,,"Enchant land / When this Aura enters, incubate 2. (Create an Incubator token with two +1/+1 counters on it and ""{2}: Transform this token."" It transforms into a 0/0 Phyrexian artifact creature.) / Whenever enchanted land is tapped for mana, its controller adds an additional one mana of any color."
MOM018,Bloated Processor,B,3.0,Creature — Phyrexian,3.0/2.0,"Sacrifice another Phyrexian: Put a +1/+1 counter on this creature. / When this creature dies, incubate X, where X is its power. (Create an Incubator token with X +1/+1 counters on it and ""{2}: Transform this token."" It transforms into a 0/0 Phyrexian artifact creature.)"
MOM019,Bloodfeather Phoenix,R,2.0,Creature — Phoenix,2.0/2.0,"Flying / This creature can't block. / Whenever an instant or sorcery spell you control deals damage to an opponent or battle, you may pay {R}. If you do, return this card from your graveyard to the battlefield. It gains haste until end of turn."
MOM020,Bloodfell Caves,,0.0,Land,,"This land enters tapped. / When this land enters, you gain 1 life. / {T}: Add {B} or {R}."
MOM021,Blossoming Sands,,0.0,Land,,"This land enters tapped. / When this land enters, you gain 1 life. / {T}: Add {G} or {W}."
MOM022,Bola Slinger,W,4.0,Creature — Cat Soldier,2.0/2.0,"Backup 1 (When this creature enters, put a +1/+1 counter on target creature. If that's another creature, it gains the following ability until end of turn.) / Whenever this creature attacks, tap target artifact or creature an opponent controls."
MOM023,Boon-Bringer Valkyrie,W,5.0,Creature — Angel Warrior,4.0/4.0,"Backup 1 (When this creature enters, put a +1/+1 counter on target creature. If that's another creature, it gains the following abilities until end of turn.) / Flying, first strike, lifelink"
MOM024,Borborygmos and Fblthp,URG,5.0,Legendary Creature — Cyclops Homunculus,6.0/5.0,"Whenever Borborygmos and Fblthp enters or attacks, draw a card, then you may discard any number of land cards. When you discard one or more cards this way, Borborygmos and Fblthp deals twice that much damage to target creature. / {1}{U}: Put Borborygmos and Fblthp into its owner's library third from the top."
MOM025,Botanical Brawler,WG,2.0,Creature — Elemental Warrior,0.0/0.0,"Trample / This creature enters with two +1/+1 counters on it. / Whenever one or more +1/+1 counters are put on another permanent you control, if it's the first time +1/+1 counters have been put on that permanent this turn, put a +1/+1 counter on this creature."
MOM026,Breach the Multiverse,B,7.0,Sorcery,,"Each player mills ten cards. For each player, choose a creature or planeswalker card in that player's graveyard. Put those cards onto the battlefield under your control. Then each creature you control becomes a Phyrexian in addition to its other types."
MOM027,Burning Sun's Fury,R,2.0,Instant,,Convoke (Your creatures can help cast this spell. Each creature you tap while casting this spell pays for {1} or one mana of that creature's color.) / Up to two target creatures each get +2/+0 and gain haste until end of turn.
MOM028,"Chandra, Hope's Beacon",R,6.0,Legendary Planeswalker — Chandra,,"Whenever you cast an instant or sorcery spell, copy it. You may choose new targets for the copy. This ability triggers only once each turn. / +2: Add two mana in any combination of colors. / +1: Exile the top five cards of your library. Until the end of your next turn, you may cast an instant or sorcery spell from among those exiled cards. / −X: Chandra deals X damage to each of up to two targets."
MOM029,Change the Equation,U,2.0,Instant,,Choose one — / • Counter target spell with mana value 2 or less. / • Counter target red or green spell with mana value 6 or less.
MOM030,Chomping Kavu,G,4.0,Creature — Kavu,3.0/3.0,"Backup 1 (When this creature enters, put a +1/+1 counter on target creature. If that's another creature, it gains the following ability until end of turn.) / This creature can't be blocked by creatures with power 2 or less."
MOM031,Chrome Host Seedshark,U,3.0,Creature — Phyrexian Shark,2.0/4.0,"Flying / Whenever you cast a noncreature spell, incubate X, where X is that spell's mana value. (Create an Incubator token with X +1/+1 counters on it and ""{2}: Transform this token."" It transforms into a 0/0 Phyrexian artifact creature.)"
MOM032,City on Fire,R,8.0,Enchantment,,"Convoke (Your creatures can help cast this spell. Each creature you tap while casting this spell pays for {1} or one mana of that creature's color.) / If a source you control would deal damage to a permanent or player, it deals triple that damage instead."
MOM033,Collective Nightmare,B,3.0,Instant,,Convoke (Your creatures can help cast this spell. Each creature you tap while casting this spell pays for {1} or one mana of that creature's color.) / Target creature gets -3/-3 until end of turn.
MOM034,Coming In Hot,R,1.0,Instant,,Target creature gets +1/+0 and gains first strike until end of turn. Scry 1. (Look at the top card of your library. You may put that card on the bottom.)
MOM035,Compleated Huntmaster,B,3.0,Creature — Phyrexian Elf Warrior,2.0/3.0,"{1}, {T}, Sacrifice another creature or artifact: Incubate 3. (Create an Incubator token with three +1/+1 counters on it and ""{2}: Transform this token."" It transforms into a 0/0 Phyrexian artifact creature.)"
MOM036,Complete the Circuit,U,6.0,Instant,,"Convoke (Your creatures can help cast this spell. Each creature you tap while casting this spell pays for {1} or one mana of that creature's color.) / You may cast sorcery spells this turn as though they had flash. / When you next cast an instant or sorcery spell this turn, copy that spell twice. You may choose new targets for the copies."
MOM037,Consuming Aetherborn,B,4.0,Creature — Aetherborn Vampire,2.0/2.0,"Backup 1 (When this creature enters, put a +1/+1 counter on target creature. If that's another creature, it gains the following ability until end of turn.) / Lifelink"
MOM038,Converter Beast,G,4.0,Creature — Phyrexian Beast,0.0/1.0,"When this creature enters, incubate 5. (Create an Incubator token with five +1/+1 counters on it and ""{2}: Transform this token."" It transforms into a 0/0 Phyrexian artifact creature.)"
MOM039,Copper Host Crusher,G,8.0,Creature — Phyrexian Bear Rhino,8.0/8.0,Trample / Hexproof (This creature can't be the target of spells or abilities your opponents control.)
MOM040,Corrupted Conviction,B,1.0,Instant,,"As an additional cost to cast this spell, sacrifice a creature. / Draw two cards."
MOM041,Corruption of Towashi,U,5.0,Enchantment,,"When this enchantment enters, incubate 4. (Create an Incubator token with four +1/+1 counters on it and ""{2}: Transform this token."" It transforms into a 0/0 Phyrexian artifact creature.) / Whenever a permanent you control transforms or a permanent you control enters transformed, you may draw a card. Do this only once each turn."
MOM042,Cosmic Hunger,G,2.0,Instant,,"Target creature you control deals damage equal to its power to another target creature, planeswalker, or battle."
MOM043,Crystal Carapace,G,4.0,Enchantment — Aura,,"Enchant creature / Enchanted creature gets +3/+3 and has ward {2}. / Cycling {2} ({2}, Discard this card: Draw a card.)"
MOM044,Cut Short,W,3.0,Instant,,Convoke (Your creatures can help cast this spell. Each creature you tap while casting this spell pays for {1} or one mana of that creature's color.) / Destroy target planeswalker that was activated this turn or tapped creature.
MOM045,Deadly Derision,B,4.0,Instant,,"Destroy target creature or planeswalker. Create a Treasure token. (It's an artifact with ""{T}, Sacrifice this token: Add one mana of any color."")"
MOM046,Deeproot Wayfinder,G,2.0,Creature — Merfolk Scout,2.0/3.0,"Whenever this creature deals combat damage to a player or battle, surveil 1, then you may return a land card from your graveyard to the battlefield tapped. (To surveil 1, look at the top card of your library. You may put that card into your graveyard.)"
MOM047,Dismal Backwater,,0.0,Land,,"This land enters tapped. / When this land enters, you gain 1 life. / {T}: Add {U} or {B}."
MOM048,Disturbing Conversion,U,2.0,Enchantment — Aura,,"Flash / Enchant creature / When this Aura enters, each player mills two cards. / Enchanted creature gets -X/-0, where X is the number of cards in its controller's graveyard."
MOM049,Djeru and Hazoret,WR,5.0,Legendary Creature — Human God,5.0/4.0,"As long as you have one or fewer cards in hand, Djeru and Hazoret has vigilance and haste. / Whenever Djeru and Hazoret attacks, look at the top six cards of your library. You may exile a legendary creature card from among them. Put the rest on the bottom of your library in a random order. Until end of turn, you may cast the exiled card without paying its mana cost."
MOM050,Doomskar Warrior,G,4.0,Creature — Human Warrior,4.0/3.0,"Backup 1 / Trample / Whenever this creature deals combat damage to a player or battle, look at that many cards from the top of your library. You may reveal a creature or land card from among them and put it into your hand. Put the rest on the bottom of your library in a random order."
MOM051,Drana and Linvala,WB,4.0,Legendary Creature — Vampire Angel,3.0/4.0,"Flying, vigilance / Activated abilities of creatures your opponents control can't be activated. / Drana and Linvala has all activated abilities of all creatures your opponents control. You may spend mana as though it were mana of any color to activate those abilities."
MOM052,Dreg Recycler,B,2.0,Creature — Phyrexian Beast,2.0/2.0,"{T}, Sacrifice an artifact or creature: Each opponent loses 1 life and you gain 1 life."
MOM053,Dusk Legion Duelist,W,2.0,Creature — Vampire Soldier,2.0/2.0,"Vigilance / Whenever one or more +1/+1 counters are put on this creature, draw a card. This ability triggers only once each turn."
MOM054,Elspeth's Smite,W,1.0,Instant,,"Elspeth's Smite deals 3 damage to target attacking or blocking creature. If that creature would die this turn, exile it instead."
MOM055,Elvish Vatkeeper,BG,3.0,Creature — Phyrexian Elf,3.0/3.0,"When this creature enters, incubate 2. (Create an Incubator token with two +1/+1 counters on it and ""{2}: Transform this token."" It transforms into a 0/0 Phyrexian artifact creature.) / {5}: Transform target Incubator token you control. Double the number of +1/+1 counters on it."
MOM056,Enduring Bondwarden,W,1.0,Creature — Human Scout,0.0/1.0,"Backup 1 (When this creature enters, put a +1/+1 counter on target creature. If that's another creature, it gains the following ability until end of turn.) / When this creature dies, put its counters on target creature you control."
MOM057,Ephara's Dispersal,U,3.0,Instant,,"This spell costs {2} less to cast if it targets an attacking creature. / Return target creature to its owner's hand. Surveil 2. (Look at the top two cards of your library, then put any number of them into your graveyard and the rest on top of your library in any order.)"
MOM058,Errant and Giada,WU,3.0,Legendary Creature — Human Angel,2.0/3.0,Flash / Flying / You may look at the top card of your library any time. / You may cast spells with flash or flying from the top of your library.
MOM059,Etched Familiar,B,3.0,Artifact Creature — Phyrexian Fox,3.0/2.0,"When this creature dies, each opponent loses 2 life and you gain 2 life."
MOM060,Etched Host Doombringer,B,5.0,Creature — Phyrexian Demon,3.0/5.0,"When this creature enters, choose one — / • Target opponent loses 2 life and you gain 2 life. / • Choose target battle. If an opponent protects it, remove three defense counters from it. Otherwise, put three defense counters on it."
MOM061,Expedition Lookout,U,2.0,Creature — Merfolk Rogue,2.0/3.0,"Defender / As long as an opponent has eight or more cards in their graveyard, this creature can attack as though it didn't have defender and it can't be blocked."
MOM062,Eyes of Gitaxias,U,3.0,Sorcery,,"Incubate 3. (Create an Incubator token with three +1/+1 counters on it and ""{2}: Transform this token."" It transforms into a 0/0 Phyrexian artifact creature.) / Draw a card."
MOM063,Faerie Mastermind,U,2.0,Creature — Faerie Rogue,2.0/1.0,"Flash / Flying / Whenever an opponent draws their second card each turn, you draw a card. / {3}{U}: Each player draws a card."
MOM064,Failed Conversion,B,5.0,Enchantment — Aura,,"Enchant creature / Enchanted creature gets -4/-4. / When enchanted creature dies, surveil 2. (Look at the top two cards of your library, then put any number of them into your graveyard and the rest on top of your library in any order.)"
MOM065,Fearless Skald,R,5.0,Creature — Dwarf Berserker,3.0/2.0,"Backup 1 (When this creature enters, put a +1/+1 counter on target creature. If that's another creature, it gains the following ability until end of turn.) / Double strike"
MOM066,Fertilid's Favor,G,4.0,Instant,,"Target player searches their library for a basic land card, puts it onto the battlefield tapped, then shuffles. Put two +1/+1 counters on up to one target artifact or creature."
MOM067,Final Flourish,B,2.0,Instant,,"Kicker—Sacrifice an artifact or creature. (You may sacrifice an artifact or creature in addition to any other costs as you cast this spell.) / Target creature gets -2/-2 until end of turn. If this spell was kicked, that creature gets -6/-6 until end of turn instead."
MOM068,Flitting Guerrilla,B,3.0,Creature — Faerie Rogue,2.0/2.0,"Flying / When this creature dies, each player mills two cards. Then you may exile this card. When you do, put target creature or battle card from your graveyard on top of your library. (To mill two cards, a player puts the top two cards of their library into their graveyard.)"
MOM069,Flywheel Racer,,2.0,Artifact — Vehicle,3.0/2.0,Vigilance / {T}: Add one mana of any color. Activate only if this permanent is a creature. / Crew 1 (Tap any number of creatures you control with total power 1 or more: This Vehicle becomes an artifact creature until end of turn.)
MOM070,Furnace Gremlin,R,2.0,Creature — Phyrexian Gremlin,1.0/2.0,"{1}{R}: This creature gets +1/+0 until end of turn. / When this creature dies, incubate X, where X is its power. (Create an Incubator token with X +1/+1 counters on it and ""{2}: Transform this token."" It transforms into a 0/0 Phyrexian artifact creature.)"
MOM071,Furnace Host Charger,R,6.0,Creature — Phyrexian Giant,5.0/5.0,"Haste / Mountaincycling {2} ({2}, Discard this card: Search your library for a Mountain card, reveal it, put it into your hand, then shuffle.)"
MOM072,Furnace Reins,R,3.0,Sorcery,,"Gain control of target creature until end of turn. Untap that creature. Until end of turn, it gains haste and ""Whenever this creature deals combat damage to a player or battle, create a Treasure token."" (It's an artifact with ""{T}, Sacrifice this token: Add one mana of any color."")"
MOM073,Furtive Analyst,U,3.0,Creature — Human Wizard,1.0/4.0,"Vigilance / {2}, {T}: Draw a card, then discard a card."
MOM074,Ghalta and Mavren,WG,7.0,Legendary Creature — Dinosaur Vampire,12.0/12.0,"Trample / Whenever you attack, choose one — / • Create a tapped and attacking X/X green Dinosaur creature token with trample, where X is the greatest power among other attacking creatures. / • Create X 1/1 white Vampire creature tokens with lifelink, where X is the number of other attacking creatures."
MOM075,Gift of Compleation,B,2.0,Enchantment,,"When this enchantment enters, incubate 3. (Create an Incubator token with three +1/+1 counters on it and ""{2}: Transform this token."" It transforms into a 0/0 Phyrexian artifact creature.) / Whenever a Phyrexian you control dies, surveil 1. (Look at the top card of your library. You may put that card into your graveyard.)"
MOM076,"Glissa, Herald of Predation",BG,5.0,Legendary Creature — Phyrexian Zombie Elf,3.0/5.0,"At the beginning of combat on your turn, choose one — / • Incubate 2 twice. (To incubate 2, create an Incubator token with two +1/+1 counters on it and ""{2}: Transform this token."" It transforms into a 0/0 Phyrexian artifact creature.) / • Transform all Incubator tokens you control. / • Phyrexians you control gain first strike and deathtouch until end of turn."
MOM077,Glistening Dawn,G,4.0,Sorcery,,"Incubate X twice, where X is the number of lands you control. (To incubate X, create an Incubator token with X +1/+1 counters on it and ""{2}: Transform this token."" It transforms into a 0/0 Phyrexian artifact creature.)"
MOM078,Glistening Deluge,B,3.0,Sorcery,,All creatures get -1/-1 until end of turn. Creatures that are green and/or white get an additional -2/-2 until end of turn.
MOM079,Gloomfang Mauler,B,7.0,Creature — Nightmare,5.0/5.0,"Swampcycling {2} ({2}, Discard this card: Search your library for a Swamp card, reveal it, put it into your hand, then shuffle.) / Backup 2 (When this creature enters, put two +1/+1 counters on target creature. If that's another creature, it gains the following ability until end of turn.) / Menace"
MOM080,Golden-Scale Aeronaut,W,5.0,Creature — Dwarf Pilot,2.0/3.0,"Backup 1 (When this creature enters, put a +1/+1 counter on target creature. If that's another creature, it gains the following ability until end of turn.) / Flying"
MOM081,Grafted Butcher,B,2.0,Creature — Phyrexian Samurai,2.0/2.0,"When this creature enters, Phyrexians you control gain menace until end of turn. / Other Phyrexians you control get +1/+1. / {3}{B}, Sacrifice an artifact or creature: Return this card from your graveyard to the battlefield. Activate only as a sorcery."
MOM082,Guardian of Ghirapur,W,3.0,Creature — Angel,3.0/3.0,"Flying / When this creature enters, exile up to one other target creature or artifact you control. Return it to the battlefield under its owner's control at the beginning of the next end step."
MOM083,Halo Forager,UB,3.0,Creature — Faerie Rogue,3.0/1.0,"Flying / When this creature enters, you may pay {X}. When you do, you may cast target instant or sorcery card with mana value X from a graveyard without paying its mana cost. If that spell would be put into a graveyard, exile it instead."
MOM084,Halo Hopper,,3.0,Artifact Creature — Frog,3.0/2.0,Convoke (Your creatures can help cast this spell. Each creature you tap while casting this spell pays for {1} or one mana of that creature's color.)
MOM085,Halo-Charged Skaab,U,5.0,Creature — Zombie,4.0/4.0,"When this creature enters, each player mills two cards. Then you may put an instant, sorcery, or battle card from your graveyard on top of your library. (To mill two cards, a player puts the top two cards of their library into their graveyard.)"
MOM086,Hangar Scrounger,R,3.0,Creature — Dwarf Pilot,2.0/1.0,"Backup 1 (When this creature enters, put a +1/+1 counter on target creature. If that's another creature, it gains the following ability until end of turn.) / Whenever this creature becomes tapped, you may discard a card. If you do, draw a card."
MOM087,Hidetsugu and Kairi,UB,5.0,Legendary Creature — Ogre Demon Dragon,5.0/4.0,"Flying / When Hidetsugu and Kairi enters, draw three cards, then put two cards from your hand on top of your library in any order. / When Hidetsugu and Kairi dies, exile the top card of your library. Target opponent loses life equal to its mana value. If it's an instant or sorcery card, you may cast it without paying its mana cost."
MOM088,Hoarding Broodlord,B,8.0,Creature — Dragon,7.0/6.0,"Convoke / Flying / When this creature enters, search your library for a card, exile it face down, then shuffle. For as long as that card remains exiled, you may play it. / Spells you cast from exile have convoke."
MOM089,Ichor Drinker,B,1.0,Creature — Phyrexian Vampire,1.0/1.0,"Lifelink / {B}, Exile this card from your graveyard: Incubate 2. Activate only as a sorcery. (Create an Incubator token with two +1/+1 counters on it and ""{2}: Transform this token."" It transforms into a 0/0 Phyrexian artifact creature.)"
MOM090,Ichor Shade,B,3.0,Creature — Phyrexian Shade,2.0/3.0,"At the beginning of your end step, if an artifact or creature was put into a graveyard from the battlefield this turn, put a +1/+1 counter on this creature."
MOM091,Infected Defector,W,5.0,Creature — Phyrexian Knight,4.0/3.0,"When this creature dies, incubate 3. (Create an Incubator token with three +1/+1 counters on it and ""{2}: Transform this token."" It transforms into a 0/0 Phyrexian artifact creature.)"
MOM092,Inga and Esika,UG,4.0,Legendary Creature — Human God,4.0/4.0,"Creatures you control have vigilance and ""{T}: Add one mana of any color. Spend this mana only to cast a creature spell."" / Whenever you cast a creature spell, if three or more mana from creatures was spent to cast it, draw a card."
MOM093,Inspired Charge,W,4.0,Instant,,Creatures you control get +2/+1 until end of turn.
MOM094,Into the Fire,R,3.0,Sorcery,,"Choose one — / • Into the Fire deals 2 damage to each creature, planeswalker, and battle. / • Put any number of cards from your hand on the bottom of your library, then draw that many cards plus one."
MOM095,Iridescent Blademaster,G,2.0,Creature — Elf Warrior,2.0/2.0,{3}{G}: This creature gets +2/+2 until end of turn.
MOM096,Joyful Stormsculptor,UR,5.0,Creature — Human Shaman,2.0/3.0,"When this creature enters, create two 1/1 blue and red Elemental creature tokens. / Whenever you cast a spell that has convoke, this creature deals 1 damage to each opponent and each battle they protect."
MOM097,Jungle Hollow,,0.0,Land,,"This land enters tapped. / When this land enters, you gain 1 life. / {T}: Add {B} or {G}."
MOM098,Kami of Whispered Hopes,G,3.0,Creature — Spirit,1.0/1.0,"If one or more +1/+1 counters would be put on a permanent you control, that many plus one +1/+1 counters are put on that permanent instead. / {T}: Add X mana of any one color, where X is this creature's power."
MOM099,Karsus Depthguard,R,3.0,Creature — Lizard Warrior,4.0/3.0,"Defender / As long as this creature's power is 5 or greater, it can attack as though it didn't have defender."
MOM100,Kitesail,,2.0,Artifact — Equipment,,Equipped creature gets +1/+0 and has flying. / Equip {2} ({2}: Attach to target creature you control. Equip only as a sorcery.)
MOM101,Kithkin Billyrider,W,3.0,Creature — Kithkin Knight,1.0/3.0,Double strike
MOM102,Knight of the New Coalition,W,4.0,Creature — Human Knight,2.0/2.0,"Vigilance / When this creature enters, create a 2/2 white and blue Knight creature token with vigilance."
MOM103,Knight-Errant of Eos,W,5.0,Creature — Human Knight,4.0/4.0,"Convoke / When this creature enters, look at the top six cards of your library. You may reveal up to two creature cards with mana value X or less from among them, where X is the number of creatures that convoked this creature. Put the revealed cards into your hand, then shuffle."
MOM104,Kogla and Yidaro,RG,6.0,Legendary Creature — Ape Dinosaur Turtle,7.0/7.0,"When Kogla and Yidaro enters, choose one — / • It gains trample and haste until end of turn. / • It fights target creature you don't control. / {2}{R}{G}, Discard this card: Destroy up to one target artifact or enchantment. Shuffle this card into your library from your graveyard, then draw a card."
MOM105,Kor Halberd,W,1.0,Artifact — Equipment,,Equipped creature gets +1/+1 and has vigilance. / Equip {1} ({1}: Attach to target creature you control. Equip only as a sorcery.)
MOM106,Kroxa and Kunoros,WBR,6.0,Legendary Creature — Elder Giant Dog,6.0/6.0,"Vigilance, menace, lifelink / Whenever Kroxa and Kunoros enters or attacks, you may exile five cards from your graveyard. When you do, return target creature card from your graveyard to the battlefield."
MOM107,Lithomantic Barrage,R,1.0,Sorcery,,This spell can't be countered. / Lithomantic Barrage deals 1 damage to target creature or planeswalker. It deals 5 damage instead if that target is white and/or blue.
MOM108,Marauding Dreadship,R,3.0,Artifact — Vehicle,4.0/1.0,"Haste / When this Vehicle enters, incubate 2. (Create an Incubator token with two +1/+1 counters on it and ""{2}: Transform this token."" It transforms into a 0/0 Phyrexian artifact creature.) / Crew 2 (Tap any number of creatures you control with total power 2 or more: This Vehicle becomes an artifact creature until end of turn.)"
MOM109,Marshal of Zhalfir,WU,2.0,Creature — Human Knight,2.0/2.0,"Other Knights you control get +1/+1. / {W}{U}, {T}: Tap another target creature."
MOM110,Meeting of Minds,U,4.0,Instant,,Convoke (Your creatures can help cast this spell. Each creature you tap while casting this spell pays for {1} or one mana of that creature's color.) / Draw two cards.
MOM111,Merciless Repurposing,B,6.0,Instant,,"Exile target creature. Incubate 3. (Create an Incubator token with three +1/+1 counters on it and ""{2}: Transform this token."" It transforms into a 0/0 Phyrexian artifact creature.)"
MOM112,Mirran Banesplitter,R,1.0,Artifact — Equipment,,"Flash / When this Equipment enters, attach it to target creature you control. / Equipped creature gets +2/+0. / Equip {3} ({3}: Attach to target creature you control. Equip only as a sorcery.)"
MOM113,Mirrodin Avenged,B,1.0,Instant,,Destroy target creature that was dealt damage this turn. / Draw a card.
MOM114,Mirror-Shield Hoplite,WR,2.0,Creature — Human Soldier,2.0/2.0,"Vigilance / Whenever a creature you control becomes the target of a backup ability, copy that ability. You may choose new targets for the copy. This ability triggers only once each turn."
MOM115,Moment of Truth,U,2.0,Instant,,"Look at the top three cards of your library. Put one of those cards into your hand, one into your graveyard, and one on the bottom of your library."
MOM116,Monastery Mentor,W,3.0,Creature — Human Monk,2.0/2.0,"Prowess (Whenever you cast a noncreature spell, this creature gets +1/+1 until end of turn.) / Whenever you cast a noncreature spell, create a 1/1 white Monk creature token with prowess."
MOM117,Mutagen Connoisseur,UG,3.0,Creature — Vedalken Mutant,0.0/5.0,"Flying, vigilance / This creature gets +1/+0 for each transformed permanent you control."
MOM118,Nahiri's Warcrafting,R,3.0,Sorcery,,"Nahiri's Warcrafting deals 5 damage to target creature, planeswalker, or battle. Look at the top X cards of your library, where X is the excess damage dealt this way. You may exile one of those cards. Put the rest on the bottom of your library in a random order. You may play the exiled card this turn."
MOM119,Negate,U,2.0,Instant,,Counter target noncreature spell.
MOM120,Nezumi Informant,B,2.0,Creature — Rat Rogue,1.0/1.0,"When this creature enters, each opponent discards a card."
MOM121,Norn's Inquisitor,W,2.0,Creature — Phyrexian Knight,1.0/1.0,"When this creature enters, incubate 2. (Create an Incubator token with two +1/+1 counters on it and ""{2}: Transform this token."" It transforms into a 0/0 Phyrexian artifact creature.) / Whenever a permanent you control transforms into a Phyrexian, put a +1/+1 counter on it."
MOM122,Oculus Whelp,U,4.0,Creature — Phyrexian Dragon,3.0/2.0,"Flying / As long as you control a transformed permanent, this creature has ""When this creature dies, draw a card."""
MOM123,Omen Hawker,U,1.0,Creature — Octopus Advisor,1.0/1.0,{T}: Add {C}{U}. Spend this mana only to activate abilities.
MOM124,"Omnath, Locus of All",WUBRG,5.0,Legendary Creature — Phyrexian Elemental,4.0/4.0,"If you would lose unspent mana, that mana becomes black instead. / At the beginning of your first main phase, look at the top card of your library. You may reveal that card if it has three or more colored mana symbols in its mana cost. If you do, add three mana in any combination of its colors and put it into your hand. If you don't reveal it, put it into your hand."
MOM125,Onakke Javelineer,R,5.0,Creature — Ogre Spirit,5.0/4.0,Reach / {T}: This creature deals 2 damage to target player or battle.
MOM126,Oracle of Tragedy,U,2.0,Creature — Human Wizard,1.0/3.0,"When this creature enters or dies, choose one — / • Draw a card, then discard a card. / • Shuffle up to four target cards with mana value 3 or greater from your graveyard into your library."
MOM127,Overgrown Pest,G,3.0,Creature — Pest,2.0/2.0,"When this creature enters, look at the top five cards of your library. You may reveal a land or double-faced card from among them and put that card into your hand. Put the rest on the bottom of your library in a random order."
MOM128,"Ozolith, the Shattered Spire",G,2.0,Legendary Artifact,,"If one or more +1/+1 counters would be put on an artifact or creature you control, that many plus one +1/+1 counters are put on it instead. / {1}{G}, {T}: Put a +1/+1 counter on target artifact or creature you control. Activate only as a sorcery. / Cycling {2} ({2}, Discard this card: Draw a card.)"
MOM129,Phyrexian Archivist,,6.0,Artifact Creature — Phyrexian Construct,4.0/5.0,"Reach / {2}, {T}: Put target card from a graveyard on the bottom of its owner's library."
MOM130,Phyrexian Awakening,W,3.0,Enchantment,,"When this enchantment enters, incubate 4. (Create an Incubator token with four +1/+1 counters on it and ""{2}: Transform this token."" It transforms into a 0/0 Phyrexian artifact creature.) / Phyrexians you control have vigilance."
MOM131,Phyrexian Censor,W,3.0,Creature — Phyrexian Wizard,3.0/3.0,Each player can't cast more than one non-Phyrexian spell each turn. / Non-Phyrexian creatures enter tapped.
MOM132,Phyrexian Gargantua,B,6.0,Creature — Phyrexian Horror,4.0/4.0,"When this creature enters, you draw two cards and you lose 2 life."
MOM133,Pile On,B,4.0,Instant,,"Convoke (Your creatures can help cast this spell. Each creature you tap while casting this spell pays for {1} or one mana of that creature's color.) / Destroy target creature or planeswalker. Surveil 2. (Look at the top two cards of your library, then put any number of them into your graveyard and the rest on top of your library in any order.)"
MOM134,Placid Rottentail,G,1.0,Creature — Fungus Rabbit,1.0/1.0,"Vigilance / {2}{G}, Exile this card from your graveyard: Put two +1/+1 counters on target creature. Activate only as a sorcery."
MOM135,Portent Tracker,G,2.0,Creature — Satyr Scout,1.0/1.0,"{T}: Untap target land. / {T}: Choose target battle. If an opponent protects it, remove a defense counter from it. Otherwise, put a defense counter on it. Activate only as a sorcery."
MOM136,Preening Champion,U,3.0,Creature — Bird Knight,2.0/2.0,"Flying / When this creature enters, create a 1/1 blue and red Elemental creature token."
MOM137,Progenitor Exarch,W,1.0,Creature — Phyrexian Cat Cleric,1.0/2.0,"When this creature enters, incubate 3 X times. (To incubate 3, create an Incubator token with three +1/+1 counters on it and ""{2}: Transform this token."" It transforms into a 0/0 Phyrexian artifact creature.) / {T}: Transform target Incubator token you control."
MOM138,Protocol Knight,U,4.0,Creature — Human Knight,3.0/4.0,"When this creature enters, tap target creature an opponent controls. Put a stun counter on that creature if you control another Knight. (If a permanent with a stun counter would become untapped, remove one from it instead.)"
MOM139,"Quintorius, Loremaster",WR,5.0,Legendary Creature — Elephant Cleric,3.0/5.0,"Vigilance / At the beginning of your end step, exile target noncreature, nonland card from your graveyard. Create a 3/2 red and white Spirit creature token. / {1}{R}{W}, {T}, Sacrifice a Spirit: Choose target card exiled with Quintorius. You may cast that card this turn without paying its mana cost. If that spell would be put into a graveyard, put it on the bottom of its owner's library instead."
MOM140,Ral's Reinforcements,R,2.0,Sorcery,,Create two 1/1 blue and red Elemental creature tokens.
MOM141,Ramosian Greatsword,R,5.0,Artifact — Equipment,,Convoke (Your creatures can help cast this spell. Each creature you tap while casting this spell pays for {1} or one mana of that creature's color.) / Equipped creature gets +3/+1 and has trample. / Equip {2} ({2}: Attach to target creature you control. Equip only as a sorcery.)
MOM142,Rampaging Geoderm,RG,4.0,Creature — Dinosaur Beast,3.0/3.0,"Trample, haste / Whenever you attack, target attacking creature gets +1/+1 until end of turn. If it's attacking a battle, put a +1/+1 counter on it instead."
MOM143,Rampaging Raptor,R,4.0,Creature — Dinosaur,4.0/4.0,"Trample, haste / {2}{R}: This creature gets +2/+0 until end of turn. / Whenever this creature deals combat damage to an opponent, it deals that much damage to target planeswalker that player controls or battle that player protects."
MOM144,Rankle and Torbran,BR,5.0,Legendary Creature — Faerie Dwarf,3.0/4.0,"Flying, first strike, haste / Whenever Rankle and Torbran deals combat damage to a player or battle, choose any number — / • Each player creates a Treasure token. / • Each player sacrifices a creature of their choice. / • If a source would deal damage to a player or battle this turn, it deals that much damage plus 2 instead."
MOM145,Ravenous Sailback,G,5.0,Creature — Dinosaur,3.0/4.0,"When this creature enters, choose one — / • This creature gains haste until end of turn. / • Destroy target artifact or enchantment."
MOM146,Realmbreaker's Grasp,W,2.0,Enchantment — Aura,,"Enchant artifact or creature / Enchanted permanent can't attack or block, and its activated abilities can't be activated unless they're mana abilities."
MOM147,"Realmbreaker, the Invasion Tree",,3.0,Legendary Artifact,,"{2}, {T}: Target opponent mills three cards. Put a land card from their graveyard onto the battlefield tapped under your control. It gains ""If this land would leave the battlefield, exile it instead of putting it anywhere else."" / {10}, {T}, Sacrifice Realmbreaker: Search your library for any number of Praetor cards, put them onto the battlefield, then shuffle."
MOM148,Redcap Heelslasher,R,4.0,Creature — Goblin Rogue,2.0/3.0,"Backup 1 (When this creature enters, put a +1/+1 counter on target creature. If that's another creature, it gains the following ability until end of turn.) / First strike"
MOM149,Render Inert,B,3.0,Sorcery,,Remove up to five counters from target permanent. / Draw a card.
MOM150,Rugged Highlands,,0.0,Land,,"This land enters tapped. / When this land enters, you gain 1 life. / {T}: Add {R} or {G}."
MOM151,Saiba Cryptomancer,U,2.0,Creature — Moonfolk Ninja,0.0/1.0,"Flash / Backup 1 (When this creature enters, put a +1/+1 counter on target creature. If that's another creature, it gains the following ability until end of turn.) / Hexproof"
MOM152,Sandstalker Moloch,G,3.0,Creature — Lizard,4.0/2.0,"Flash / When this creature enters, if an opponent cast a blue and/or black spell this turn, look at the top four cards of your library. You may reveal a permanent card from among them and put it into your hand. Put the rest on the bottom of your library in a random order."
MOM153,Scorn-Blade Berserker,B,1.0,Creature — Human Berserker,0.0/1.0,"Backup 1 (When this creature enters, put a +1/+1 counter on target creature. If that's another creature, it gains the following ability until end of turn.) / {1}, Sacrifice this creature: Draw a card."
MOM154,Scoured Barrens,,0.0,Land,,"This land enters tapped. / When this land enters, you gain 1 life. / {T}: Add {W} or {B}."
MOM155,Scrappy Bruiser,R,4.0,Creature — Raccoon Warrior,3.0/4.0,"Whenever this creature attacks, up to one target attacking creature gets +2/+0 and gains trample until end of turn. Return that creature to its owner's hand at end of combat. (Return it only if it's on the battlefield.)"
MOM156,Scrollshift,W,3.0,Instant,,"Exile up to one target artifact, creature, or enchantment you control, then return it to the battlefield under its owner's control. / Draw a card."
MOM157,Sculpted Perfection,WB,4.0,Enchantment,,"When this enchantment enters, incubate 2. (Create an Incubator token with two +1/+1 counters on it and ""{2}: Transform this token."" It transforms into a 0/0 Phyrexian artifact creature.) / Phyrexians you control get +1/+1."
MOM158,Seal from Existence,W,3.0,Enchantment,,"Ward {3} (Whenever this enchantment becomes the target of a spell or ability an opponent controls, counter it unless that player pays {3}.) / When this enchantment enters, exile target nonland permanent an opponent controls until this enchantment leaves the battlefield."
MOM159,Searing Barb,R,3.0,Sorcery,,"Searing Barb deals 2 damage to any target. If it's a creature, it can't block this turn. Incubate 1. (Create an Incubator token with a +1/+1 counter on it and ""{2}: Transform this token."" It transforms into a 0/0 Phyrexian artifact creature.)"
MOM160,See Double,U,4.0,Instant,,"This spell can't be copied. / Choose one. If an opponent has eight or more cards in their graveyard, you may choose both instead. / • Copy target spell. You may choose new targets for the copy. (A copy of a permanent spell becomes a token.) / • Create a token that's a copy of target creature."
MOM161,Seed of Hope,G,1.0,Instant,,"Mill two cards. You may put a permanent card from among the milled cards into your hand. You gain 2 life. (To mill two cards, put the top two cards of your library into your graveyard.)"
MOM162,Serpent-Blade Assailant,G,3.0,Creature — Elf Warrior,2.0/1.0,"Backup 1 (When this creature enters, put a +1/+1 counter on target creature. If that's another creature, it gains the following ability until end of turn.) / Deathtouch"
MOM163,Shatter the Source,R,6.0,Instant,,"Convoke (Your creatures can help cast this spell. Each creature you tap while casting this spell pays for {1} or one mana of that creature's color.) / Choose one — / • Shatter the Source deals 6 damage to target creature, planeswalker, or battle. / • Destroy target artifact."
MOM164,Shivan Branch-Burner,R,7.0,Creature — Dragon,4.0/4.0,"Convoke (Your creatures can help cast this spell. Each creature you tap while casting this spell pays for {1} or one mana of that creature's color.) / Flying, haste"
MOM165,Sigiled Sentinel,W,3.0,Creature — Human Knight,2.0/2.0,"Backup 1 (When this creature enters, put a +1/+1 counter on target creature. If that's another creature, it gains the following ability until end of turn.) / Vigilance"
MOM166,Skittering Surveyor,,3.0,Artifact Creature — Construct,1.0/2.0,"When this creature enters, you may search your library for a basic land card, reveal it, put it into your hand, then shuffle."
MOM167,Stasis Field,U,2.0,Enchantment — Aura,,"Enchant creature / Enchanted creature has base power and toughness 0/2, has defender, and loses all other abilities."
MOM168,Stoke the Flames,R,4.0,Instant,,Convoke (Your creatures can help cast this spell. Each creature you tap while casting this spell pays for {1} or one mana of that creature's color.) / Stoke the Flames deals 4 damage to any target.
MOM169,Storm the Seedcore,G,4.0,Sorcery,,Distribute four +1/+1 counters among up to four target creatures you control. Creatures you control gain vigilance and trample until end of turn.
MOM170,Stormclaw Rager,BR,3.0,Creature — Ogre Warrior,2.0/2.0,"{1}, Sacrifice another creature or artifact: Put a +1/+1 counter on this creature and draw a card. Activate only as a sorcery."
MOM171,Streetwise Negotiator,G,2.0,Creature — Cat Citizen,0.0/2.0,"Backup 1 (When this creature enters, put a +1/+1 counter on target creature. If that's another creature, it gains the following ability until end of turn.) / This creature assigns combat damage equal to its toughness rather than its power."
MOM172,Sunder the Gateway,W,2.0,Sorcery,,"Choose one — / • Destroy target nontoken artifact or enchantment an opponent controls. Incubate 2. (Create an Incubator token with two +1/+1 counters on it and ""{2}: Transform this token."" It transforms into a 0/0 Phyrexian artifact creature.) / • Incubate 2, then transform an Incubator token you control."
MOM173,Sunfall,W,5.0,Sorcery,,"Exile all creatures. Incubate X, where X is the number of creatures exiled this way. (Create an Incubator token with X +1/+1 counters on it and ""{2}: Transform this token."" It transforms into a 0/0 Phyrexian artifact creature.)"
MOM174,Surge of Salvation,W,1.0,Instant,,You and permanents you control gain hexproof until end of turn. Prevent all damage that black and/or red sources would deal to creatures you control this turn.
MOM175,Swiftwater Cliffs,,0.0,Land,,"This land enters tapped. / When this land enters, you gain 1 life. / {T}: Add {U} or {R}."
MOM176,Sword of Once and Future,,3.0,Artifact — Equipment,,"Equipped creature gets +2/+2 and has protection from blue and from black. / Whenever equipped creature deals combat damage to a player, surveil 2. Then you may cast an instant or sorcery spell with mana value 2 or less from your graveyard without paying its mana cost. If that spell would be put into your graveyard, exile it instead. / Equip {2}"
MOM177,Swordsworn Cavalier,W,2.0,Creature — Human Knight,3.0/1.0,This creature has first strike as long as another Knight entered the battlefield under your control this turn.
MOM178,Tandem Takedown,G,3.0,Instant,,"Up to two target creatures you control each get +1/+0 until end of turn. They each deal damage equal to their power to another target creature, planeswalker, or battle."
MOM179,Tangled Skyline,G,5.0,Enchantment,,"When this enchantment enters, you gain 5 life and incubate 5. (Create an Incubator token with five +1/+1 counters on it and ""{2}: Transform this token."" It transforms into a 0/0 Phyrexian artifact creature.) / Phyrexians you control have reach."
MOM180,Temporal Cleansing,U,4.0,Sorcery,,Convoke (Your creatures can help cast this spell. Each creature you tap while casting this spell pays for {1} or one mana of that creature's color.) / The owner of target nonland permanent puts it into their library second from the top or on the bottom.
MOM181,Tenured Oilcaster,B,4.0,Creature — Phyrexian Wizard,2.0/4.0,"Menace (This creature can't be blocked except by two or more creatures.) / This creature gets +3/+0 as long as an opponent has eight or more cards in their graveyard. / Whenever this creature attacks or blocks, each player mills a card."
MOM182,Thalia and The Gitrog Monster,WBG,4.0,Legendary Creature — Human Frog Horror,4.0/4.0,"First strike, deathtouch / You may play an additional land on each of your turns. / Creatures and nonbasic lands your opponents control enter tapped. / Whenever Thalia and The Gitrog Monster attacks, sacrifice a creature or land, then draw a card."
MOM183,Thornwood Falls,,0.0,Land,,"This land enters tapped. / When this land enters, you gain 1 life. / {T}: Add {G} or {U}."
MOM184,Thrashing Frontliner,R,2.0,Creature — Phyrexian Lizard,2.0/2.0,"Trample / Whenever this creature attacks a battle, it gets +1/+1 until end of turn."
MOM185,Thunderhead Squadron,U,6.0,Creature — Human Knight,3.0/4.0,Convoke (Your creatures can help cast this spell. Each creature you tap while casting this spell pays for {1} or one mana of that creature's color.) / Flying
MOM186,Tidal Terror,U,6.0,Creature — Octopus,5.0/6.0,"Whenever this creature attacks, you may tap two other untapped creatures you control. If you do, this creature can't be blocked this turn. / Islandcycling {2} ({2}, Discard this card: Search your library for an Island card, reveal it, put it into your hand, then shuffle.)"
MOM187,Tiller of Flesh,W,4.0,Creature — Phyrexian Knight,2.0/4.0,"Whenever you cast a spell that targets one or more permanents, incubate 2. (Create an Incubator token with two +1/+1 counters on it and ""{2}: Transform this token."" It transforms into a 0/0 Phyrexian artifact creature.)"
MOM188,Timberland Ancient,G,6.0,Creature — Treefolk,6.0/5.0,"Reach, trample / Forestcycling {2} ({2}, Discard this card: Search your library for a Forest card, reveal it, put it into your hand, then shuffle.)"
MOM189,Trailblazing Historian,R,2.0,Creature — Human Shaman,1.0/3.0,Haste / {T}: Another target creature gains haste until end of turn.
MOM190,Tranquil Cove,,0.0,Land,,"This land enters tapped. / When this land enters, you gain 1 life. / {T}: Add {W} or {U}."
MOM191,Transcendent Message,U,4.0,Instant,,Convoke (Your creatures can help cast this spell. Each creature you tap while casting this spell pays for {1} or one mana of that creature's color.) / Draw X cards.
MOM192,Traumatic Revelation,B,2.0,Sorcery,,"Target opponent reveals their hand. You may choose a creature or battle card from it. If you do, that player discards that card. If you don't, incubate 3. (Create an Incubator token with three +1/+1 counters on it and ""{2}: Transform this token."" It transforms into a 0/0 Phyrexian artifact creature.)"
MOM193,Tribute to the World Tree,G,3.0,Enchantment,,"Whenever a creature you control enters, draw a card if its power is 3 or greater. Otherwise, put two +1/+1 counters on it."
MOM194,Unseal the Necropolis,B,3.0,Instant,,"Each player mills three cards. Then you return up to two creature cards from your graveyard to your hand. (To mill three cards, a player puts the top three cards of their library into their graveyard.)"
MOM195,Urn of Godfire,,1.0,Artifact,,"{2}: Add one mana of any color. / {6}, {T}, Sacrifice this artifact: Destroy target creature or enchantment."
MOM196,Vanquish the Weak,B,3.0,Instant,,Destroy target creature with power 3 or less.
MOM197,Vengeant Earth,G,2.0,Instant,,Target creature or land you control becomes a 4/4 Elemental creature with haste in addition to its other types until end of turn. It must be blocked this turn if able.
MOM198,Volcanic Spite,R,2.0,Instant,,"Volcanic Spite deals 3 damage to target creature, planeswalker, or battle. You may put a card from your hand on the bottom of your library. If you do, draw a card."
MOM199,Voldaren Thrillseeker,R,3.0,Creature — Vampire Warrior,1.0/1.0,"Backup 2 (When this creature enters, put two +1/+1 counters on target creature. If that's another creature, it gains the following ability until end of turn.) / {1}, Sacrifice this creature: It deals damage equal to its power to any target."
MOM200,War Historian,G,3.0,Creature — Human Monk,3.0/3.0,Reach / This creature has indestructible as long as it attacked a battle this turn.
MOM201,War-Trained Slasher,R,4.0,Creature — Wolverine Dinosaur,4.0/3.0,"Menace (This creature can't be blocked except by two or more creatures.) / Whenever this creature attacks a battle, double its power until end of turn."
MOM202,Wary Thespian,G,2.0,Creature — Cat Druid,3.0/1.0,"When this creature enters or dies, surveil 1. (Look at the top card of your library. You may put it into your graveyard.)"
MOM203,Wicked Slumber,U,4.0,Instant,,"Convoke (Your creatures can help cast this spell. Each creature you tap while casting this spell pays for {1} or one mana of that creature's color.) / Tap up to two target creatures. Put a stun counter on either of them. Then put a stun counter on either of them. (If a permanent with a stun counter would become untapped, remove one from it instead.)"
MOM204,Wildwood Escort,G,5.0,Creature — Elf Warrior,3.0/3.0,"When this creature enters, return target creature or battle card from your graveyard to your hand. / If this creature would die, exile it instead."
MOM205,Wind-Scarred Crag,,0.0,Land,,"This land enters tapped. / When this land enters, you gain 1 life. / {T}: Add {R} or {W}."
MOM206,Wrenn and Realmbreaker,G,3.0,Legendary Planeswalker — Wrenn,,"Lands you control have ""{T}: Add one mana of any color."" / +1: Up to one target land you control becomes a 3/3 Elemental creature with vigilance, hexproof, and haste until your next turn. It's still a land. / −2: Mill three cards. You may put a permanent card from among the milled cards into your hand. / −7: You get an emblem with ""You may play lands and cast permanent spells from your graveyard."""
MOM207,Wrenn's Resolve,R,2.0,Sorcery,,"Exile the top two cards of your library. Until the end of your next turn, you may play those cards."
MOM208,Xerex Strobe-Knight,U,3.0,Creature — Human Knight,2.0/2.0,"Flying, vigilance / {T}: Create a 2/2 white and blue Knight creature token with vigilance. Activate only if you've cast two or more spells this turn."
MOM209,Yargle and Multani,BG,6.0,Legendary Creature — Frog Spirit Elemental,18.0/6.0,
MOM210,Zephyr Singer,U,4.0,Creature — Siren Pirate,3.0/4.0,"Convoke (Your creatures can help cast this spell. Each creature you tap while casting this spell pays for {1} or one mana of that creature's color.) / Flying, vigilance / When this creature enters, put a flying counter on each creature that convoked it."
MOM211,Zhalfirin Lancer,W,3.0,Creature — Human Knight,3.0/3.0,"Whenever another Knight you control enters, this creature gets +1/+1 and gains vigilance until end of turn."
MOM212,Zhalfirin Shapecraft,U,2.0,Instant,,Target creature has base power and toughness 4/3 until end of turn. / Draw a card.
MOM213,Zimone and Dina,UBG,3.0,Legendary Creature — Human Dryad,3.0/4.0,"Whenever you draw your second card each turn, target opponent loses 2 life and you gain 2 life. / {T}, Sacrifice another creature: Draw a card. You may put a land card from your hand onto the battlefield tapped. If you control eight or more lands, repeat this process once."
MOM214,Zurgo and Ojutai,WUR,5.0,Legendary Creature — Orc Dragon,4.0/4.0,"Flying, haste / Zurgo and Ojutai has hexproof as long as it entered this turn. / Whenever one or more Dragons you control deal combat damage to a player or battle, look at the top three cards of your library. Put one of them into your hand and the rest on the bottom of your library in any order. You may return one of those Dragons to its owner's hand."
