set,pair,F0,F1,F2,F3,F4,F5,F6,A1,A2,A3,A4,A5,y,S,F0s,Ss,D,A,M1,M2,M3,M4
AFR,WU,-0.0006,-0.0003,-0.0008,-0.0126,-0.0146,0.0249,0.0678,0.0206,-0.0076,0.0078,3.0,0.0018,-4.428,0.0543,-0.4126,0.2112,-0.8405,-0.5648,-0.4017,-0.398,-0.5229,-0.4665
AFR,WB,-0.0004,-0.0004,-0.0007,-0.0057,0.0159,0.0535,0.0265,-0.0275,-0.0067,-0.0135,-3.0,0.0063,0.001,-0.0023,-0.2751,-0.0089,-0.8071,-1.7765,-0.7169,-0.8642,-1.7101,-1.5708
AFR,WR,-0.0006,-0.0009,-0.0005,-0.0169,0.004,0.0074,-0.0047,0.0087,-0.0115,-0.0123,3.0,-0.0212,0.113,0.0149,-0.4126,0.058,-1.378,-1.8222,-0.8887,-1.0474,-1.7577,-1.6956
AFR,WG,-0.0003,-0.0007,0.0011,0.0064,-0.0446,0.0278,-0.0295,0.0059,0.0053,-0.0002,-1.0,-0.0005,1.26,0.033,-0.2063,0.1283,0.5199,0.9049,0.3367,0.5177,0.9011,0.8229
AFR,UB,0.0004,0.001,-0.0008,0.0046,0.0277,0.0067,0.0549,-0.047,-0.0073,-0.013,-6.0,0.0097,-0.328,0.0358,0.2751,0.1392,0.2917,-1.2485,-0.1356,-0.2725,-1.1847,-1.0845
AFR,UR,-0.0,0.0003,-0.0005,-0.0171,0.0159,-0.0437,0.0277,0.0297,0.0012,0.0126,4.0,-0.0103,-2.031,-0.0145,-0.0,-0.0564,-0.8535,0.0473,-0.2156,-0.2875,0.0186,-0.01
AFR,UG,0.0003,0.0003,0.0003,0.0067,-0.0346,-0.0225,-0.003,-0.0214,0.0041,-0.0135,-7.0,-0.0006,-0.962,0.0386,0.2063,0.1501,0.7943,0.2812,0.358,0.4085,0.2824,0.1726
AFR,BR,0.0007,0.0008,0.0003,0.0271,0.0497,-0.0106,-0.0185,0.0148,0.0062,0.0097,0.0,0.0067,4.375,0.0007,0.4814,0.0027,1.4641,1.9292,0.9693,1.132,1.8623,1.7863
AFR,BG,0.0002,0.0002,0.0005,-0.0055,-0.004,-0.0046,-0.0441,-0.018,0.0091,0.0047,3.0,-0.0068,-0.029,-0.082,0.1375,-0.3189,-0.1061,0.2381,-0.0123,-0.0623,0.1968,0.2128
AFR,RG,0.0004,-0.0002,0.0012,0.013,-0.0153,-0.039,-0.0771,0.0341,0.0072,0.0177,4.0,0.0149,2.031,-0.0786,0.2751,-0.3057,0.984,2.0611,0.7536,0.9131,1.9626,1.8794
BLB,WU,0.0014,0.0009,0.0,-0.0046,-0.0246,-0.0033,0.0843,-0.0271,0.0048,-0.0164,-3.7,0.0164,-2.178,0.007,0.9956,0.027,0.3017,-0.2473,0.2692,0.0271,-0.2604,-0.2714
BLB,WB,0.0003,0.0009,0.0006,-0.004,0.0119,-0.041,0.1017,0.0069,-0.0022,-0.0018,1.3,0.0064,0.93,-0.0951,0.2133,-0.3664,0.3511,0.1715,0.0924,0.0521,0.0662,0.0497
BLB,WR,-0.0002,-0.0007,-0.0004,-0.0107,0.0192,-0.0078,-0.0106,0.0138,-0.005,0.0164,4.3,0.0,-0.205,0.0066,-0.1422,0.0254,-1.058,-0.6598,-0.4587,-0.5641,-0.6098,-0.5046
BLB,WG,0.0007,0.0018,0.0002,0.0162,-0.0409,-0.009,-0.0485,0.0099,0.0032,0.0044,1.3,-0.0019,2.085,0.0467,0.4978,0.1799,1.7974,1.9847,1.1149,1.3207,1.9363,1.8048
BLB,UB,0.0004,-0.0001,0.0012,-0.0011,0.0106,-0.0066,0.0656,0.0014,-0.0068,0.0142,-0.7,-0.0018,-0.745,0.0333,0.2845,0.1283,0.2336,0.1023,0.1871,0.1547,0.1252,0.1499
BLB,UR,-0.0002,-0.0016,-0.0004,-0.0123,0.0172,0.0261,-0.0175,0.0029,-0.0047,0.0039,-0.7,-0.0107,-3.925,0.0262,-0.1422,0.1009,-1.5133,-1.3805,-0.7338,-0.931,-1.2965,-1.2154
BLB,UG,0.0006,0.0012,0.0003,0.0112,-0.0426,0.0416,-0.0554,-0.0013,0.0048,-0.016,-0.7,0.0044,0.695,0.0826,0.4267,0.3182,1.2618,1.1188,0.7814,0.8996,1.1276,1.0311
BLB,BR,-0.0011,-0.0013,0.0006,-0.0032,0.0541,-0.0016,0.0284,-0.0053,0.0057,-0.0051,-0.7,0.0028,1.651,-0.0456,-0.7823,-0.1757,-0.7709,-0.6589,-0.5969,-0.5352,-0.6509,-0.5953
BLB,BG,-0.0007,0.0001,-0.0006,0.0092,-0.0059,-0.0156,-0.0344,0.0067,0.0015,-0.0069,2.3,-0.007,1.769,-0.0225,-0.4978,-0.0867,0.4089,0.4527,0.0693,0.2583,0.4112,0.3506
BLB,RG,-0.0012,-0.0012,-0.0015,-0.0007,0.001,0.0172,-0.1134,-0.0079,-0.0013,0.0073,-2.7,-0.0086,-0.077,-0.0392,-0.8534,-0.151,-1.0073,-0.8815,-0.7233,-0.6799,-0.8469,-0.7974
BRO,WU,0.0,0.0001,0.0003,-0.0083,-0.0039,-0.0014,0.0702,0.0093,0.0089,0.0186,0.7,0.0054,2.067,0.023,0.0,0.0865,-0.3808,0.6376,0.0858,0.1144,0.6274,0.6191
BRO,WB,0.0008,0.0007,0.0009,-0.0008,0.0254,-0.0319,0.0296,-0.0237,-0.0065,-0.0104,-3.3,0.0211,-1.195,0.0424,0.5508,0.1595,0.4275,-0.814,0.081,-0.0757,-0.743,-0.6597
BRO,WR,0.0022,0.0008,0.001,-0.0084,0.0202,0.0006,0.009,-0.0064,-0.0044,-0.0115,-2.3,-0.0055,2.801,-0.0046,1.5147,-0.0173,-0.0637,-0.7449,0.1722,-0.2753,-0.7299,-0.7082
BRO,WG,0.0006,0.0001,-0.0011,-0.0106,-0.0533,0.0142,-0.0311,-0.0201,0.0066,-0.0115,2.7,-0.003,-0.003,-0.0252,0.4131,-0.0948,-0.7158,-0.7568,-0.2886,-0.5225,-0.7471,-0.7047
BRO,UB,-0.0016,-0.0005,0.0004,0.0093,0.0265,-0.0112,0.0549,-0.0006,-0.0002,0.0104,-4.3,-0.0017,-1.48,-0.0071,-1.1016,-0.0267,0.4175,0.5744,-0.0341,0.3217,0.5441,0.489
BRO,UR,-0.0003,-0.0004,0.0004,-0.0046,0.025,0.0216,0.024,0.0419,-0.0055,-0.0005,9.7,-0.0116,1.378,-0.0285,-0.2066,-0.1072,-0.506,0.036,-0.1959,-0.1924,0.0051,0.0322
BRO,UG,-0.0023,-0.0012,-0.0027,-0.0251,-0.0493,0.0142,-0.0171,-0.0204,-0.0028,-0.0104,-4.3,-0.0188,-3.1,-0.0875,-1.5836,-0.3292,-2.5174,-2.7176,-1.787,-1.8548,-2.7077,-2.6467
BRO,BR,0.0008,0.0005,0.0012,0.0207,0.0502,-0.0166,-0.0053,0.0346,-0.004,0.016,6.7,-0.0092,-0.865,0.0358,0.5508,0.1347,1.6019,2.1438,1.1078,1.2935,2.0993,2.0159
BRO,BG,-0.0009,-0.0002,-0.0001,0.0155,-0.0143,-0.0132,-0.0562,0.0281,-0.0018,0.0133,2.7,-0.013,-0.53,0.0434,-0.6197,0.1633,0.9775,1.635,0.539,0.9253,1.606,1.485
BRO,RG,0.0007,0.0001,-0.0004,0.0122,-0.0264,0.0238,-0.0779,-0.0427,0.0098,-0.014,-8.3,0.0363,0.928,0.0083,0.482,0.0312,0.7285,-0.0135,0.3071,0.2488,0.0257,0.0589
DFT,WU,-0.0004,-0.0,0.0009,-0.0095,0.0193,0.0144,0.0854,0.0276,-0.0023,0.0184,6.3,-0.0111,-1.314,-0.0764,-0.2843,-0.2863,-0.3222,0.5408,-0.088,-0.0226,0.4915,0.494
DFT,WB,0.0018,0.0007,-0.0006,0.0105,0.0293,0.0151,0.0464,-0.0107,0.0016,-0.0102,2.3,0.0112,0.582,0.056,1.2794,0.2099,0.6136,0.4036,0.6266,0.409,0.4115,0.4211
DFT,WR,0.0007,0.0004,0.001,0.0032,0.0273,0.0661,-0.0092,0.0264,-0.0046,0.0007,7.3,-0.0022,-3.066,0.0031,0.4976,0.0116,0.5376,0.9765,0.5058,0.5085,0.954,0.9505
DFT,WG,0.0004,0.0001,0.0002,0.0076,-0.045,0.051,-0.0156,0.0469,-0.0021,0.006,6.3,-0.0037,1.053,0.033,0.2843,0.1237,0.735,1.7478,0.7227,0.8688,1.6923,1.5844
DFT,UB,-0.0,0.0,-0.0009,0.0012,0.0293,-0.0659,0.0624,0.006,0.0019,0.0011,6.3,0.0058,-0.219,-0.0325,-0.0,-0.1218,-0.302,-0.1035,-0.1318,-0.1758,-0.1084,-0.0729
DFT,UR,-0.0008,-0.0003,0.0006,0.0014,0.0277,-0.0209,0.0068,-0.0122,-0.0053,0.0023,-7.7,-0.0119,-1.572,-0.0248,-0.5686,-0.0929,0.0266,-0.6318,-0.3167,-0.2327,-0.6305,-0.6398
DFT,UG,-0.0014,-0.0006,0.0005,-0.0051,-0.0484,-0.0258,0.0005,-0.049,0.0081,-0.0072,-8.7,0.0064,2.029,0.0011,-0.9951,0.0041,-0.2013,-0.9119,-0.526,-0.3697,-0.88,-0.8665
DFT,BR,0.0008,0.0004,-0.0003,0.0062,0.0323,-0.0132,-0.031,0.0012,0.0094,-0.0079,-0.7,0.0132,0.44,0.0517,0.5686,0.1938,0.2629,0.4145,0.3599,0.2904,0.4305,0.4204
DFT,BG,-0.0001,-0.0002,-0.0012,-0.0071,-0.0303,-0.0363,-0.0467,-0.0144,-0.0057,0.0029,-4.7,-0.0112,1.754,0.0163,-0.0711,0.0611,-0.7483,-1.2686,-0.5067,-0.6519,-1.227,-1.1976
DFT,RG,-0.0009,-0.0005,-0.0003,-0.0084,-0.0416,0.0156,-0.099,-0.0217,-0.0011,-0.006,-6.7,0.0036,0.314,-0.0275,-0.6397,-0.1031,-0.6245,-1.1872,-0.6386,-0.6383,-1.1533,-1.1117
DMU,WU,0.0016,0.0013,0.0018,0.0021,-0.0264,-0.0132,0.0354,0.0042,-0.0004,-0.0037,5.2,0.0046,0.095,-0.0077,1.1439,-0.0288,1.29,1.0999,0.8762,0.787,1.0519,1.0152
DMU,WB,0.0038,0.0043,0.004,0.0035,0.0221,0.0251,0.0171,-0.0475,0.0119,-0.0126,-8.8,0.0136,1.729,0.0733,2.7168,0.2745,2.7397,1.6326,1.8409,1.5489,1.637,1.5813
DMU,WR,0.0039,0.0034,0.0035,0.0135,0.034,0.0154,-0.026,0.0594,0.0001,0.0089,7.2,-0.0012,3.278,0.0623,2.7883,0.2333,2.7788,3.3231,2.2809,2.1117,3.2414,3.1053
DMU,WG,0.0022,0.0022,0.003,-0.0045,-0.0249,0.0084,-0.001,-0.0231,0.0049,-0.0132,-2.8,0.0183,1.602,-0.0325,1.5729,-0.1217,1.5072,0.7452,0.9259,0.7102,0.7097,0.6943
DMU,UB,-0.0023,-0.0016,-0.0019,-0.0037,-0.0048,-0.0133,0.0205,-0.004,0.0001,-0.0031,4.2,0.0,-1.053,0.0614,-1.6444,0.2299,-1.268,-1.0174,-0.925,-0.6852,-0.9396,-0.8778
DMU,UR,-0.0025,-0.0029,-0.0029,-0.0041,0.0037,-0.0198,-0.0059,0.0096,-0.0113,0.0183,-0.8,-0.0186,0.279,-0.0571,-1.7873,-0.2138,-2.0937,-1.7912,-1.4715,-1.3662,-1.769,-1.6991
DMU,UG,-0.0036,-0.0039,-0.0045,-0.0053,-0.0549,-0.0265,0.0307,-0.0136,-0.0035,-0.0001,-3.8,-0.0062,-3.12,-0.1185,-2.5738,-0.4438,-2.6304,-2.3634,-2.0028,-1.8125,-2.3827,-2.3496
DMU,BR,-0.0001,0.0002,-0.0,0.0027,0.0523,0.0103,-0.0293,0.0144,-0.0035,-0.0091,2.2,-0.0047,-1.549,0.0798,-0.0715,0.2988,-0.0885,-0.1806,-0.0104,0.0099,-0.1221,-0.1116
DMU,BG,-0.0011,-0.0008,-0.0004,0.0046,-0.0065,0.0117,-0.0075,-0.0112,0.0013,-0.0013,-4.8,0.0027,-1.375,0.0348,-0.7864,0.1303,-0.1419,-0.248,-0.2615,-0.0865,-0.2124,-0.2222
DMU,RG,-0.0018,-0.0022,-0.0026,-0.0089,0.0053,0.002,-0.034,0.0119,0.0004,0.0159,2.2,-0.0084,0.114,-0.0959,-1.2869,-0.3591,-2.0939,-1.2025,-1.2356,-1.2185,-1.216,-1.1373
DSK,WU,0.0016,0.0016,0.0015,0.0061,0.0162,-0.0054,0.0563,0.0457,0.0013,0.0336,8.5,-0.005,2.593,0.1192,1.188,0.4707,1.3022,2.587,1.387,1.4533,2.571,2.497
DSK,WB,0.0022,0.0024,0.0018,-0.002,0.0289,0.0017,0.0205,-0.0189,-0.0036,-0.0101,-1.5,-0.0077,-2.261,0.0598,1.6335,0.2361,1.1897,0.2841,0.8359,0.57,0.3088,0.2906
DSK,WR,0.0003,0.0011,0.0022,0.0042,0.0402,-0.0151,0.0439,0.0282,0.0019,0.0003,2.5,0.0075,2.639,-0.0273,0.2228,-0.1078,1.0669,1.2823,0.616,0.7471,1.2113,1.1753
DSK,WG,-0.0012,0.0001,0.0005,-0.0104,-0.056,0.0053,-0.0219,-0.0172,0.0074,-0.0017,-3.5,0.0045,-1.489,0.0073,-0.891,0.0288,-0.1733,-0.1164,-0.288,-0.0869,-0.0875,-0.0977
DSK,UB,0.0017,0.0006,-0.0003,0.0016,0.0221,0.0055,0.0239,-0.012,0.0006,-0.0009,0.5,0.0084,-3.245,0.0865,1.2623,0.3416,0.1598,-0.0311,0.4331,0.1568,0.0341,0.0696
DSK,UR,-0.0005,-0.0009,-0.0008,-0.0027,0.0372,-0.0216,0.027,0.0004,-0.0111,0.0009,-1.5,-0.0185,-1.925,-0.0244,-0.3713,-0.0964,-0.8261,-1.2336,-0.6318,-0.7187,-1.2196,-1.1913
DSK,UG,-0.0015,-0.0019,-0.0025,-0.002,-0.0629,0.0056,-0.0353,0.0112,-0.0033,0.0019,1.5,-0.0003,1.42,-0.0574,-1.1138,-0.2267,-1.2275,-0.8121,-0.845,-0.7554,-0.8353,-0.8298
DSK,BR,0.0001,-0.0001,0.0001,-0.0121,0.0496,-0.0042,-0.0023,-0.0059,0.0013,-0.0104,1.5,-0.0002,0.779,-0.1357,0.0743,-0.5359,-0.8921,-1.1159,-0.6174,-0.848,-1.1819,-1.0986
DSK,BG,-0.0001,-0.0005,-0.0007,0.0131,-0.0399,0.0258,-0.0607,-0.0057,0.003,-0.0075,-1.5,0.0132,0.161,0.0785,-0.0743,0.31,0.4563,0.3949,0.2717,0.3871,0.4576,0.4322
DSK,RG,-0.0026,-0.0024,-0.0017,0.0042,-0.0355,0.0024,-0.0514,-0.0258,0.0026,-0.0062,-6.5,-0.0019,1.328,-0.1064,-1.9306,-0.4202,-1.0271,-1.218,-1.149,-0.8884,-1.2362,-1.2247
ECL,WU,0.0011,0.0007,0.001,0.0197,0.0213,0.0039,0.0786,0.0535,-0.0049,0.0187,8.0,-0.0053,2.828,-0.0315,0.7646,-0.1127,1.3925,2.1601,1.0511,1.1466,2.0496,1.9615
ECL,WB,0.0013,0.0019,0.0006,-0.0108,0.0101,0.0234,0.0317,-0.0209,-0.0008,-0.0106,-1.0,0.0122,-4.102,0.0794,0.9037,0.2841,0.3388,-0.2127,0.3285,0.1367,-0.1738,-0.1403
ECL,WR,0.0011,0.0005,0.0025,-0.0053,0.0473,-0.0,-0.0051,-0.0422,0.004,-0.0078,-9.0,-0.0082,-1.996,-0.0592,0.7646,-0.2118,0.2684,-0.6496,0.0429,-0.1977,-0.6255,-0.5792
ECL,WG,0.0005,-0.0001,0.0013,0.0085,-0.0516,0.0323,-0.0436,0.0262,0.0045,0.0069,2.0,0.0071,3.429,-0.057,0.3476,-0.2039,0.739,1.4456,0.582,0.6602,1.3821,1.3255
ECL,UB,-0.0007,-0.0001,-0.003,-0.0067,0.0126,-0.0149,0.0637,-0.0295,0.0068,-0.0058,-5.0,0.0016,-3.039,-0.0674,-0.4866,-0.2411,-0.948,-0.8535,-0.6323,-0.6809,-0.9139,-0.9464
ECL,UR,-0.0008,-0.0008,-0.0,-0.0011,0.0514,-0.0324,0.0201,0.023,-0.005,0.0101,4.0,-0.0042,2.297,0.0452,-0.5561,0.1617,-0.5183,-0.2872,-0.3,-0.2146,-0.2364,-0.1823
ECL,UG,-0.0027,-0.0029,-0.0035,-0.0168,-0.0488,-0.0147,-0.0136,-0.0369,-0.0023,-0.0101,-5.0,0.0126,-5.824,-0.1868,-1.8768,-0.6683,-2.524,-2.8258,-1.9737,-2.006,-2.8345,-2.7172
ECL,BR,0.0012,0.0016,0.0013,0.0063,0.0389,-0.0009,-0.0094,0.0349,-0.0032,0.0065,6.0,0.0023,0.2,0.2016,0.8341,0.7213,1.0873,1.3215,0.9911,1.0434,1.3908,1.3642
ECL,BG,-0.0003,0.0005,-0.0007,0.0018,-0.0592,0.0125,-0.0409,0.0444,-0.0068,0.0053,6.0,-0.007,4.6,0.0893,-0.2085,0.3195,0.3457,0.8211,0.3194,0.4954,0.8116,0.725
ECL,RG,-0.0008,-0.0013,0.0004,0.0042,-0.022,-0.0093,-0.0815,-0.0525,0.0077,-0.0132,-6.0,-0.0111,1.608,-0.0137,-0.5561,-0.049,-0.2084,-0.9402,-0.4384,-0.3992,-0.8714,-0.8325
EOE,WU,-0.0001,0.0006,0.0001,0.0049,-0.007,-0.0127,0.0127,-0.0292,-0.0072,0.0051,-9.2,-0.0149,0.455,-0.0181,-0.0715,-0.0675,0.5739,-0.3013,0.0334,0.0684,-0.3199,-0.3709
EOE,WB,0.0013,0.0017,0.0013,0.003,0.0119,0.0146,0.0021,-0.0408,0.0205,-0.006,-8.2,0.0217,0.829,-0.0002,0.9292,-0.0007,1.0473,0.9643,0.735,0.6703,0.9496,0.9163
EOE,WR,0.0015,0.0015,0.0026,-0.0145,0.0267,-0.0035,-0.0278,0.011,-0.0035,0.0045,1.8,-0.0048,-1.684,-0.1184,1.0722,-0.4414,0.383,0.2326,0.3116,0.0581,0.176,0.1954
EOE,WG,0.0016,0.0014,0.0016,-0.0099,-0.0679,0.0024,-0.0585,0.0196,-0.0048,0.0118,-0.2,-0.0045,0.669,-0.0211,1.1437,-0.0787,0.7708,0.87,0.6765,0.5207,0.8275,0.758
EOE,UB,-0.0019,-0.0012,-0.0028,0.0012,0.0311,-0.0031,0.0549,0.0415,-0.0049,-0.0021,12.8,-0.0003,-0.141,0.0837,-1.3581,0.312,-1.3047,-0.4701,-0.7052,-0.4876,-0.4247,-0.3539
EOE,UR,-0.0016,-0.0013,-0.0011,-0.01,0.0432,-0.0214,0.0374,0.0325,-0.0053,0.0068,11.8,-0.0047,-1.503,-0.0192,-1.1437,-0.0716,-1.4764,-0.7613,-0.8632,-0.7698,-0.7373,-0.6292
EOE,UG,-0.0011,-0.0013,-0.0018,0.0231,-0.0522,-0.0064,0.0002,-0.0352,0.0027,-0.0093,-6.2,0.0112,1.971,0.1219,-0.7863,0.4545,0.5234,-0.0654,0.0315,0.3042,-0.0023,-0.0416
EOE,BR,-0.0,-0.0003,0.0002,0.0025,0.0652,0.0091,0.0266,0.0586,-0.0079,-0.0023,9.8,-0.0015,0.405,-0.0186,-0.0,-0.0693,-0.2725,0.3171,-0.0062,-0.0082,0.2893,0.3125
EOE,BG,0.0,-0.0006,-0.0014,0.003,-0.0328,0.0212,-0.0102,-0.0491,0.0025,-0.0065,-11.2,-0.011,-1.724,-0.0002,0.0,-0.0007,-0.3393,-0.9887,-0.3322,-0.4429,-0.9741,-1.0063
EOE,RG,0.0004,-0.0006,0.0011,-0.0034,-0.0182,-0.0002,-0.0375,-0.0089,0.0081,-0.0021,-1.2,0.0088,0.722,-0.0097,0.2859,-0.0362,-0.0019,0.136,0.096,0.0327,0.1508,0.1568
FDN,WU,0.0015,0.0017,0.0017,-0.0064,0.0111,0.0039,0.0479,-0.0141,0.0038,-0.0141,1.2,0.0048,1.629,-0.0234,1.0968,-0.091,0.708,0.2149,0.4822,0.2773,0.1817,0.1915
FDN,WB,0.0015,0.0021,0.0036,-0.0133,0.0148,0.0621,0.033,0.0098,-0.0014,0.0121,3.2,-0.0048,0.57,0.0291,1.0968,0.1131,0.9145,1.0614,0.7965,0.6963,1.052,1.08
FDN,WR,0.0022,0.0018,0.0025,0.0144,0.0392,0.0178,-0.0113,-0.0199,0.011,-0.0129,-1.8,-0.002,0.831,0.0272,1.6086,0.1058,1.9268,1.5162,1.2893,1.1829,1.4924,1.4244
FDN,WG,0.0034,0.0035,0.0038,-0.008,-0.0427,0.0589,-0.0149,0.0226,-0.0045,0.0098,3.2,-0.0086,0.091,0.0692,2.486,0.269,2.153,2.1996,1.7769,1.5405,2.1669,2.0844
FDN,UB,-0.0024,-0.0024,-0.0033,0.0038,0.0111,-0.0295,0.0415,-0.003,-0.0093,0.001,2.2,-0.0096,0.466,-0.0823,-1.7549,-0.32,-1.6579,-1.7392,-1.368,-1.239,-1.762,-1.6936
FDN,UR,-0.002,-0.0029,-0.0042,0.0145,0.0351,-0.0707,0.002,0.0255,-0.0073,0.0021,3.2,-0.0108,-1.811,-0.0919,-1.4624,-0.3573,-1.6192,-1.2055,-1.1611,-1.0607,-1.2586,-1.257
FDN,UG,-0.0006,-0.0005,-0.001,0.0077,-0.0463,-0.0328,-0.0095,-0.013,0.0055,-0.0001,-5.8,0.0219,-1.984,0.0794,-0.4387,0.3087,0.3,0.2766,0.1116,0.2951,0.3402,0.2931
FDN,BR,-0.0023,-0.0022,-0.0024,-0.0093,0.0392,-0.0191,-0.0145,0.0052,-0.0033,0.0092,-1.8,0.0029,0.611,-0.0696,-1.6817,-0.2706,-2.2775,-1.9153,-1.5363,-1.4878,-1.8903,-1.7805
FDN,BG,-0.0008,-0.0003,0.0002,-0.0081,-0.0427,0.0253,-0.0149,0.0151,-0.0007,0.0034,0.2,0.0049,-2.201,0.083,-0.585,0.3227,-0.2698,0.1045,-0.1069,0.0525,0.1675,0.154
FDN,RG,-0.0003,-0.0007,-0.001,0.0047,-0.0186,-0.0159,-0.0593,-0.0281,0.0063,-0.0106,-3.8,0.0014,1.798,-0.0207,-0.2194,-0.0805,-0.166,-0.4979,-0.2409,-0.2481,-0.4767,-0.4839
HOB,WU,-0.0006,-0.0005,0.0004,-0.0069,-0.009,0.006,-0.0006,0.0349,0.0014,0.0167,6.0,-0.0106,1.063,0.1238,-0.4106,0.4529,-0.4084,0.6789,0.0782,0.2411,0.7405,0.7199
HOB,WB,0.0003,0.0002,-0.0,0.0,0.0159,0.0494,0.0589,-0.0634,-0.0018,-0.014,-8.0,-0.004,1.594,-0.0123,0.2053,-0.045,-0.2367,-1.6278,-0.426,-0.6365,-1.5872,-1.49
HOB,WR,0.0019,0.0014,0.0022,0.0022,0.0244,0.0367,-0.0196,0.1071,0.0012,0.0315,13.0,0.0048,1.379,0.0348,1.3003,0.1273,0.9289,3.2917,1.4121,1.4493,3.1976,3.1034
HOB,WG,-0.0008,-0.001,-0.0005,0.0,-0.0741,0.0103,-0.0524,-0.0634,-0.0018,-0.014,-8.0,-0.004,-5.001,-0.1176,-0.5475,-0.4302,-0.0054,-1.3402,-0.5808,-0.5919,-1.357,-1.335
HOB,UB,-0.0009,-0.0009,-0.0021,0.0,0.0367,-0.0031,0.0697,-0.0634,-0.0018,-0.014,-8.0,-0.004,-1.507,-0.0236,-0.6159,-0.0863,-1.1531,-2.46,-1.0789,-1.2332,-2.3996,-2.2808
HOB,UR,0.0001,0.0,0.0004,0.0,0.0561,-0.0231,-0.0038,-0.0634,-0.0018,-0.014,-8.0,-0.004,0.747,-0.1101,0.0684,-0.4028,-0.1729,-1.8401,-0.5868,-0.8053,-1.8299,-1.7268
HOB,UG,-0.0009,-0.0014,-0.0017,0.0048,-0.0591,-0.0462,-0.0465,0.0676,-0.0012,0.0022,7.0,0.0126,-2.902,0.0669,-0.6159,0.2448,-0.0975,1.2591,0.1976,0.4688,1.2463,1.1101
HOB,BR,0.0021,0.0024,0.0021,0.0072,0.0706,0.0088,0.0425,0.0629,0.0056,-0.0083,7.0,0.016,2.681,0.1465,1.4372,0.536,1.3016,2.2426,1.3793,1.3601,2.2354,2.136
HOB,BG,-0.001,-0.0005,-0.0015,-0.0072,-0.0434,-0.0128,0.0146,0.0447,0.0022,0.0278,7.0,-0.0028,2.064,-0.0146,-0.6844,-0.0534,-0.6786,0.9466,-0.1174,0.0716,0.9004,0.8727
HOB,RG,-0.0001,0.0002,0.0008,0.0,-0.0181,-0.0261,-0.0628,-0.0634,-0.0018,-0.014,-8.0,-0.004,-0.118,-0.0938,-0.0684,-0.3432,0.5296,-1.1358,-0.2545,-0.3165,-1.1313,-1.0967
LCI,WU,0.0023,0.0014,0.0021,0.0,0.0048,0.0257,0.0675,-0.0003,-0.0083,-0.0029,0.3,-0.0094,2.753,0.0282,1.6024,0.1081,1.064,0.4123,0.7967,0.5281,0.3984,0.3772
LCI,WB,0.0004,0.0008,0.002,-0.0007,0.0318,0.0474,0.056,-0.0201,0.0068,0.0003,-5.7,-0.0027,-2.114,0.0551,0.2787,0.2112,0.6255,0.5324,0.412,0.4564,0.5507,0.5262
LCI,WR,0.0003,0.0001,-0.0001,-0.0079,0.0285,0.004,-0.0009,-0.0056,0.0061,-0.0023,-1.7,0.0133,1.265,-0.059,0.209,-0.2262,-0.5921,-0.4531,-0.2656,-0.4238,-0.4706,-0.4156
LCI,WG,0.0016,0.0015,0.0013,0.0031,-0.0287,0.0276,-0.0239,-0.0124,-0.0093,-0.0062,-3.7,-0.0019,0.51,0.0484,1.1147,0.1855,1.1551,0.1314,0.6467,0.4907,0.1597,0.1458
LCI,UB,-0.0005,-0.0004,0.0001,-0.0121,0.0115,-0.0072,0.0609,0.0165,0.0017,0.0062,4.3,0.0036,-1.495,0.0022,-0.3484,0.0084,-0.7922,-0.2242,-0.3391,-0.336,-0.2209,-0.1807
LCI,UR,-0.0003,-0.0011,-0.0015,-0.0001,0.008,-0.0313,-0.0025,0.0078,0.0012,0.0052,1.3,0.0019,2.839,-0.0506,-0.209,-0.194,-0.8156,-0.396,-0.4036,-0.4685,-0.4167,-0.3996
LCI,UG,0.0009,0.0005,0.0003,-0.0007,-0.0493,-0.0093,-0.0257,0.0159,-0.0011,-0.0087,-0.7,0.0057,-1.416,0.0186,0.627,0.0713,0.4676,0.3861,0.388,0.3083,0.3748,0.3041
LCI,BR,-0.0024,-0.0018,-0.002,0.0046,0.0397,-0.0211,-0.0097,-0.0299,0.0002,0.0019,-1.7,-0.0146,-2.813,-0.0693,-1.6721,-0.2657,-1.1122,-1.2463,-1.0741,-0.8747,-1.2404,-1.1836
LCI,BG,-0.0013,-0.0004,-0.0003,-0.0024,-0.0212,-0.0061,-0.0329,-0.0104,-0.0047,0.0091,3.3,-0.0111,-1.397,0.0331,-0.9057,0.1269,-0.2554,-0.354,-0.347,-0.1608,-0.2987,-0.2502
LCI,RG,-0.001,-0.0007,-0.0017,0.0163,-0.025,-0.0298,-0.0887,0.0384,0.0074,-0.0026,4.3,0.0153,1.867,-0.0067,-0.6967,-0.0257,0.2915,1.2286,0.1994,0.4982,1.1827,1.0954
LTR,WU,0.0003,0.0003,-0.0008,0.0058,0.0271,-0.0081,0.0171,-0.026,0.0039,-0.0027,-5.1,0.003,-2.436,0.0081,0.2014,0.031,0.1515,-0.2205,0.0409,-0.0127,-0.2115,-0.2138
LTR,WB,0.0031,0.0027,0.0031,0.0094,0.0302,0.0121,0.0606,0.0252,0.0021,-0.001,8.9,-0.001,2.264,-0.0241,2.0816,-0.0921,2.0611,2.3156,1.5915,1.4282,2.1938,2.1294
LTR,WR,0.0016,0.0015,0.0014,-0.0056,0.0364,-0.0158,-0.0185,0.0085,0.0029,0.0029,-0.1,0.0157,1.61,0.0686,1.0744,0.2622,0.388,0.3849,0.5274,0.345,0.44,0.4768
LTR,WG,-0.0001,0.0006,0.0006,0.0001,-0.0241,0.0122,-0.0387,0.0252,0.0075,-0.0032,1.9,0.0096,-3.148,0.039,-0.0671,0.1491,0.5052,1.2494,0.4591,0.6345,1.2271,1.1406
LTR,UB,-0.0002,-0.0006,-0.0007,-0.0028,0.01,0.0012,0.0574,-0.0205,0.0003,-0.0033,-0.1,-0.0051,1.329,-0.0625,-0.1343,-0.2389,-0.6312,-0.8285,-0.4582,-0.5662,-0.8543,-0.8082
LTR,UR,-0.0012,-0.0015,-0.002,-0.0015,0.019,-0.0268,-0.0187,-0.041,-0.0128,-0.0015,-10.1,-0.0203,1.555,-0.001,-0.8058,-0.0038,-1.161,-2.4975,-1.117,-1.2208,-2.4018,-2.3395
LTR,UG,-0.0032,-0.0026,-0.0037,-0.0028,-0.0444,0.0012,-0.0388,0.0158,-0.0117,-0.0049,-2.1,-0.0171,-5.6,-0.0266,-2.1487,-0.1017,-1.7038,-1.6339,-1.397,-1.1464,-1.6273,-1.6728
LTR,BR,0.0015,0.001,0.0025,-0.002,0.0221,0.0089,0.037,0.058,0.0038,0.0296,11.9,0.0038,4.256,0.0036,1.0072,0.0138,0.6469,2.1402,0.952,0.9336,2.0809,2.0994
LTR,BG,-0.0007,-0.0002,0.0002,-0.0095,-0.0413,0.0214,0.0093,-0.0193,0.0032,-0.0076,0.9,0.0081,0.74,-0.0575,-0.47,-0.2198,-0.4017,-0.5115,-0.4008,-0.3777,-0.5269,-0.4721
LTR,RG,-0.0011,-0.0011,-0.0006,0.0089,-0.0351,-0.0065,-0.0667,-0.026,0.0008,-0.0083,-6.1,0.0034,-0.571,0.0524,-0.7386,0.2003,0.1909,-0.367,-0.1786,0.0081,-0.2905,-0.3117
MID,WU,0.001,0.0014,0.0008,-0.0056,0.0046,-0.0111,0.027,-0.0118,0.0012,0.0055,-0.6,-0.0022,3.308,-0.0423,0.6844,-0.1588,0.3655,0.2009,0.273,0.1359,0.1643,0.1753
MID,WB,-0.0001,0.0007,-0.0,-0.0013,0.024,-0.0161,0.0409,-0.003,0.0036,-0.0082,0.4,0.0061,0.889,-0.0041,-0.0684,-0.0154,0.0768,-0.021,-0.007,0.0135,-0.0342,-0.0326
MID,WR,0.0009,0.0006,0.0006,0.0075,0.0142,-0.0238,-0.0049,-0.028,0.0061,-0.0036,-3.6,0.0071,-0.732,-0.0055,0.616,-0.0207,0.7636,0.3034,0.4156,0.3488,0.3042,0.2965
MID,WG,0.0002,-0.0002,0.0013,0.0066,-0.0478,0.0016,-0.0419,0.026,0.0055,0.0183,2.4,0.0046,1.602,-0.0066,0.1369,-0.0248,0.8691,1.7442,0.6813,0.8628,1.6978,1.6196
MID,UB,0.0002,0.0008,-0.0001,0.0044,0.0265,0.0069,0.0512,0.0822,-0.0018,0.0179,10.4,0.0116,2.27,0.0244,0.1369,0.0916,0.3397,1.886,0.6135,0.7724,1.805,1.7521
MID,UR,0.0001,-0.0,-0.0004,-0.0158,0.0262,-0.0014,0.0149,-0.0143,-0.0116,0.0088,-0.6,-0.0188,-2.628,-0.012,0.0684,-0.0451,-1.1017,-1.5789,-0.6643,-0.9085,-1.5304,-1.4242
MID,UG,0.0004,0.0,0.001,0.0098,-0.0354,0.0308,-0.03,-0.0426,0.0095,-0.0151,-8.6,0.0097,2.055,0.0594,0.2738,0.223,0.9158,0.2688,0.4203,0.4692,0.3141,0.2643
MID,BR,-0.0003,-0.0002,-0.001,0.006,0.037,-0.0058,0.0264,0.0186,-0.0006,-0.0079,0.4,-0.0036,-1.458,0.0497,-0.2053,0.1866,-0.1606,0.0337,-0.0364,0.0199,0.0403,-0.0028
MID,BG,-0.0016,-0.0013,-0.0011,-0.0085,-0.0258,0.0098,-0.0193,-0.0248,-0.003,-0.0088,1.4,-0.0052,-1.371,-0.0121,-1.0951,-0.0454,-1.0988,-1.5171,-0.9391,-0.8871,-1.4596,-1.3724
MID,RG,-0.0008,-0.0017,-0.0011,-0.003,-0.0236,0.0091,-0.0643,-0.0023,-0.0088,-0.0069,-1.6,-0.0093,-3.935,-0.0508,-0.5476,-0.1907,-0.9238,-1.2784,-0.7351,-0.7976,-1.2619,-1.238
MKM,WU,0.0002,0.001,-0.0004,-0.0049,-0.0219,-0.0185,0.0444,0.074,0.0004,0.0032,14.7,0.0082,0.409,0.0167,0.1406,0.0635,0.1659,1.6324,0.5006,0.6206,1.5524,1.4783
MKM,WB,0.001,0.0005,0.0022,-0.0001,0.0168,0.012,0.1011,-0.0135,0.0006,0.0084,-4.3,0.0117,0.637,0.0314,0.7029,0.1194,0.8309,0.4763,0.5324,0.4756,0.4827,0.4973
MKM,WR,-0.0004,0.0006,0.0019,0.0046,0.0291,0.0084,0.0053,-0.0366,-0.001,-0.0071,-7.3,0.0043,3.507,-0.0748,-0.2811,-0.2845,0.8497,-0.2897,-0.0014,0.0918,-0.3103,-0.2804
MKM,WG,0.0006,0.0003,0.0003,0.0037,-0.0494,0.0532,-0.0753,-0.0187,0.0116,-0.0027,-1.3,-0.0126,1.635,0.0757,0.4217,0.288,0.3049,0.7318,0.4366,0.4416,0.7638,0.6942
MKM,UB,0.0002,-0.0001,-0.001,-0.0086,0.0213,-0.0281,0.084,-0.0184,-0.0004,-0.0103,-4.3,-0.0042,-3.073,-0.0472,0.1406,-0.1796,-0.6795,-1.0888,-0.4518,-0.6493,-1.1134,-1.1177
MKM,UR,-0.0002,0.0005,-0.0006,0.0151,0.0201,-0.0556,0.0239,0.0216,-0.0037,0.0052,6.7,-0.0031,-0.04,0.046,-0.1406,0.175,0.9974,1.1977,0.5574,0.79,1.1752,1.1199
MKM,UG,-0.0,-0.0002,-0.0026,-0.001,-0.0567,0.0104,-0.0892,0.0047,0.0022,-0.0063,-0.3,0.0191,0.952,0.0105,-0.0,0.0399,-0.7964,-0.5231,-0.3199,-0.4265,-0.4937,-0.4626
MKM,BR,0.0001,-0.0005,0.0012,0.0093,0.067,-0.0251,0.0449,0.0044,0.0005,0.0096,0.7,-0.0027,-1.809,-0.0367,0.0703,-0.1396,0.5726,0.6077,0.2777,0.3469,0.5756,0.5727
MKM,BG,0.0004,-0.0007,0.0004,-0.0041,-0.0151,0.0406,-0.0365,-0.015,-0.0045,0.001,-3.3,-0.0132,-1.574,0.0698,0.2811,0.2655,-0.4784,-0.84,-0.1929,-0.351,-0.7563,-0.7188
MKM,RG,-0.0018,-0.0014,-0.0014,-0.014,-0.0112,0.0027,-0.1028,-0.0027,-0.0057,-0.0012,-1.3,-0.0074,-0.644,-0.0915,-1.2652,-0.3481,-1.7621,-1.9105,-1.3215,-1.3403,-1.8821,-1.7881
MOM,WU,0.0008,0.0008,-0.0002,0.0115,-0.0066,0.0025,0.0363,0.0089,0.0017,0.0013,3.0,0.0011,2.961,-0.0411,0.5516,-0.1574,0.8674,1.095,0.5891,0.6017,1.0073,0.9537
MOM,WB,0.0004,0.0009,0.0009,-0.0192,0.0357,0.0279,0.0194,0.0234,0.0051,0.012,7.0,-0.0064,-2.72,0.0047,0.2758,0.018,-0.7392,0.3216,-0.0309,-0.1332,0.3143,0.359
MOM,WR,-0.0009,-0.0004,0.0009,-0.0053,0.0164,-0.0106,-0.015,-0.0079,0.0097,-0.0048,-2.0,-0.0097,-0.706,-0.0504,-0.6205,-0.1931,-0.2145,0.0266,-0.2504,-0.127,-0.0018,-0.0455
MOM,WG,0.0004,0.0007,0.0005,-0.0078,-0.0322,0.0087,-0.0506,-0.0055,0.0072,0.0058,-2.0,-0.0035,-0.038,0.0744,0.2758,0.285,0.0774,0.4607,0.2747,0.2744,0.5084,0.475
MOM,UB,0.001,0.0006,-0.0001,0.0172,0.0195,0.005,0.0689,-0.001,-0.0133,-0.0079,-2.0,-0.0393,2.736,0.0198,0.6895,0.0758,1.0203,-0.1044,0.4203,0.3306,-0.1576,-0.2656
MOM,UR,-0.0004,-0.001,-0.0008,0.0253,0.0006,-0.0334,0.026,0.0289,-0.0054,-0.0008,5.0,0.0141,-0.405,-0.0376,-0.2758,-0.144,0.9167,0.9907,0.3719,0.5878,0.9233,0.8812
MOM,UG,0.0001,-0.0004,-0.0021,-0.0141,-0.0487,-0.0143,-0.0015,-0.0163,0.0034,0.0082,-2.0,-0.0076,0.354,-0.101,0.0689,-0.3869,-1.2829,-0.8915,-0.6231,-0.8538,-0.9415,-0.9314
MOM,BR,-0.0011,-0.0009,0.0004,-0.0232,0.043,0.0049,0.0091,-0.0025,-0.0053,-0.0079,-1.0,0.0328,-1.333,-0.014,-0.7584,-0.0536,-1.685,-1.9767,-1.1184,-1.2384,-1.8737,-1.6746
MOM,BG,0.0009,0.0008,0.0007,0.0216,-0.0067,0.0236,-0.0315,-0.0125,0.009,-0.0079,-2.0,0.0383,0.217,0.168,0.6205,0.6435,1.6647,1.6213,1.1375,1.3098,1.7177,1.7143
MOM,RG,-0.0011,-0.0012,-0.0001,-0.0059,-0.0209,-0.0144,-0.061,-0.0155,-0.012,0.0021,-4.0,-0.0198,-1.066,-0.0228,-0.7584,-0.0873,-0.618,-1.5366,-0.7501,-0.7473,-1.488,-1.4579
MSH,WU,0.0006,0.0017,0.002,0.0048,-0.0054,-0.0303,0.042,-0.031,0.0061,0.0,-5.0,0.0061,3.733,0.0243,0.4114,0.0926,1.3579,0.7492,0.6528,0.7332,0.7474,0.7154
MSH,WB,0.0015,0.0013,0.0018,0.0023,-0.0056,0.0227,0.0693,0.0059,-0.0082,0.0036,-1.0,-0.0062,1.159,0.0136,1.0284,0.0518,1.0474,0.6118,0.6849,0.5704,0.5802,0.5486
MSH,WR,-0.0004,0.0003,0.0004,-0.0068,0.014,-0.0123,-0.0373,0.0063,0.0038,-0.0059,2.0,0.0177,0.491,-0.0077,-0.2743,-0.0294,-0.2449,-0.1507,-0.1748,-0.1416,-0.1314,-0.0814
MSH,WG,0.0016,0.0,0.0004,0.0149,-0.0573,-0.0142,-0.0662,-0.0183,0.0078,-0.0071,-2.0,0.0057,1.675,-0.0391,1.097,-0.149,1.1578,0.9361,0.7605,0.6483,0.8985,0.8232
MSH,UB,-0.0001,0.0006,0.0001,-0.0047,0.0188,0.0128,0.1049,-0.0021,0.006,0.0048,-3.0,0.0081,-0.687,0.0171,-0.0686,0.0652,-0.1044,0.2675,0.0399,0.0761,0.2459,0.2313
MSH,UR,-0.0021,-0.0006,-0.0014,-0.0161,0.0382,-0.018,0.0014,0.0966,-0.0076,0.0088,10.0,-0.0062,-1.91,-0.0993,-1.4398,-0.3785,-1.62,0.0214,-0.8542,-0.659,-0.0812,-0.1136
MSH,UG,-0.0005,-0.0005,-0.0009,-0.0049,-0.0298,-0.0192,-0.0179,-0.0092,-0.0062,0.0024,1.0,-0.0122,1.317,0.0069,-0.3428,0.0263,-0.574,-0.8534,-0.436,-0.467,-0.8192,-0.788
MSH,BR,-0.0003,-0.0002,0.0002,0.0084,0.0517,0.0343,0.0215,-0.0163,0.0003,0.0013,2.0,-0.0077,-3.121,0.0766,-0.2057,0.292,0.2913,0.1429,0.1301,0.2421,0.1973,0.2381
MSH,BG,0.0007,-0.0009,-0.0007,0.0029,-0.018,0.0283,-0.0024,-0.0116,-0.0032,-0.0039,-1.0,-0.0083,-0.085,0.0026,0.4799,0.0099,-0.2378,-0.4738,-0.0554,-0.2339,-0.4608,-0.4567
MSH,RG,-0.001,-0.0018,-0.002,-0.0007,-0.0066,-0.004,-0.1153,-0.0203,0.001,-0.0039,-3.0,0.0029,-2.572,0.0048,-0.6856,0.0183,-1.1242,-1.2994,-0.7727,-0.8017,-1.2234,-1.1614
NEO,WU,-0.0008,-0.0002,-0.002,-0.0109,0.0088,0.0066,0.0247,0.0028,-0.0034,-0.0049,3.0,-0.0011,-0.528,-0.0208,-0.579,-0.0789,-1.3521,-1.2636,-0.8184,-0.8982,-1.2558,-1.191
NEO,WB,0.0021,0.0023,0.0028,0.0215,0.0186,0.0391,0.0108,-0.0182,-0.0004,0.0045,3.0,-0.0082,0.345,0.0863,1.52,0.3273,2.7751,2.3919,1.7536,1.8314,2.3655,2.2802
NEO,WR,0.0018,0.0017,0.0024,-0.001,0.0031,0.0115,-0.0337,0.0182,-0.0007,0.0205,-1.0,-0.01,-2.647,0.0657,1.3029,0.2492,1.2152,1.7335,1.1252,1.066,1.7187,1.6362
NEO,WG,0.0002,-0.0001,-0.0004,-0.0013,-0.0269,0.0177,-0.0364,0.0479,-0.0034,0.0007,8.0,-0.0064,1.021,0.0164,0.1448,0.0622,-0.1213,0.6988,0.1961,0.2132,0.6767,0.6388
NEO,UB,-0.0006,0.0002,0.0003,0.0251,0.0232,0.0063,0.0515,0.0068,0.0144,0.0029,-4.0,0.0146,1.886,0.0682,-0.4343,0.2587,1.536,2.1446,0.8762,1.3131,2.1062,1.979
NEO,UR,-0.0007,-0.001,-0.0011,0.0062,0.0095,-0.0189,0.0182,0.0451,-0.0008,0.0137,13.0,-0.0004,-1.716,-0.0612,-0.5067,-0.2321,-0.3251,1.0172,-0.0117,0.1533,0.9604,0.9507
NEO,UG,-0.0025,-0.0024,-0.0038,-0.0022,-0.0203,-0.0352,0.0155,-0.0497,-0.0074,-0.0176,-10.0,0.0007,0.362,0.0096,-1.8095,0.0364,-1.9412,-3.3049,-1.7548,-1.7366,-3.2201,-3.125
NEO,BR,0.001,0.0009,0.0023,-0.0223,0.0196,0.0048,-0.0033,-0.0411,-0.0005,-0.0149,-10.0,0.0019,1.106,-0.111,0.7238,-0.421,-0.4524,-1.8998,-0.5124,-0.9244,-1.8768,-1.7755
NEO,BG,-0.0,-0.0002,0.0008,0.0124,-0.0104,-0.0026,0.0025,-0.0679,0.0061,-0.0206,-13.0,0.0002,1.951,0.0101,-0.0,0.0383,0.9527,-0.6523,0.0847,0.1129,-0.6233,-0.6491
NEO,RG,-0.0005,-0.0013,-0.0014,-0.0275,-0.0252,-0.0294,-0.05,0.056,-0.0039,0.0156,11.0,0.0086,-1.78,-0.0633,-0.3619,-0.2401,-2.3492,-0.9203,-0.9679,-1.1699,-0.9047,-0.7949
ONE,WU,0.0009,0.001,0.0004,-0.0133,0.0103,0.0293,0.0597,0.0299,-0.0069,0.0024,5.1,0.002,0.535,0.08,0.6331,0.304,-0.3289,-0.0951,0.1283,-0.04,-0.0603,-0.0211
ONE,WB,0.0008,0.0018,0.0032,0.0084,0.0298,-0.0018,0.0252,0.0094,-0.0009,0.0081,10.1,-0.0035,1.455,0.0479,0.5627,0.182,1.8144,1.7466,1.0764,1.2476,1.7415,1.7621
ONE,WR,0.0006,0.0003,0.0014,-0.0034,0.0464,0.0099,-0.0108,-0.0068,0.0011,0.0024,-5.9,-0.0033,2.959,-0.0089,0.4221,-0.0338,-0.0442,-0.2489,0.0238,-0.109,-0.234,-0.22
ONE,WG,-0.0007,-0.0007,-0.0005,0.0034,-0.0159,0.0182,-0.0285,-0.0022,0.0013,-0.0069,5.1,-0.0005,1.663,-0.0012,-0.4924,-0.0046,-0.2034,-0.1038,-0.201,-0.1039,-0.0923,-0.0609
ONE,UB,0.0007,0.0012,0.0004,0.0016,-0.0101,0.0074,0.0562,-0.0029,0.0088,-0.0023,-4.9,0.0159,-2.511,0.0888,0.4924,0.3374,0.7588,1.0155,0.651,0.7039,1.0238,0.9451
ONE,UR,0.0005,-0.0002,-0.001,-0.0058,0.0151,0.0041,0.0198,-0.0257,0.001,-0.005,-9.9,0.0096,-2.066,-0.0128,0.3517,-0.0486,-0.7245,-1.1555,-0.3942,-0.6429,-1.1306,-1.1048
ONE,UG,-0.0009,-0.0013,-0.0032,-0.0075,-0.0484,0.0041,-0.0018,-0.032,-0.0042,-0.0062,-3.9,-0.0002,-2.4,-0.0598,-0.6331,-0.2272,-1.438,-1.8896,-1.047,-1.1849,-1.8795,-1.8238
ONE,BR,0.0006,0.0003,0.0013,0.0221,0.0233,-0.0264,-0.0169,-0.0038,0.0032,-0.0045,-0.9,0.0048,-0.959,-0.0131,0.4221,-0.0498,1.5835,1.2915,0.8118,0.9417,1.2524,1.1883
ONE,BG,-0.0015,-0.0009,-0.0011,-0.0221,-0.0393,-0.0265,-0.0351,-0.0027,-0.0008,-0.0046,3.1,-0.0191,-2.431,-0.0769,-1.0551,-0.2922,-1.5703,-1.4357,-1.0883,-1.0994,-1.442,-1.4211
ONE,RG,-0.0009,-0.0016,-0.001,0.0168,-0.0112,-0.0183,-0.0679,0.0368,-0.0025,0.0167,2.1,-0.0057,3.755,-0.0439,-0.6331,-0.1668,0.1015,0.8427,0.0361,0.2591,0.79,0.7266
OTJ,WU,0.0001,-0.0008,-0.0015,-0.0007,-0.0004,-0.033,0.0728,0.009,0.0032,-0.0046,-3.0,-0.0097,-2.824,-0.0606,0.0691,-0.2259,-0.5754,-0.1246,-0.2142,-0.3086,-0.2058,-0.3163
OTJ,WB,0.0037,0.0023,0.0022,0.0063,-0.003,0.0066,0.0888,-0.0374,-0.0016,-0.0034,-7.0,-0.003,2.273,0.059,2.5566,0.22,1.7728,0.6392,1.2972,0.8773,0.6383,0.5929
OTJ,WR,0.001,0.0006,0.0024,0.0138,0.0409,-0.0231,0.0075,-0.0079,0.0048,-0.0022,-2.0,0.0094,1.282,-0.0514,0.691,-0.1916,1.5288,1.1653,0.7984,0.8342,1.108,1.0594
OTJ,WG,0.0015,0.0008,0.0003,0.007,-0.0445,-0.0065,-0.0182,0.0245,0.0007,0.0018,2.0,0.0106,3.841,0.0065,1.0365,0.0242,0.9068,1.1861,0.7884,0.7057,1.146,1.0793
OTJ,UB,-0.0004,-0.0003,-0.0009,-0.0126,-0.0034,0.0175,0.0589,-0.0018,-0.0079,0.0042,0.0,-0.0071,-1.052,0.0279,-0.2764,0.104,-1.0236,-1.1715,-0.5919,-0.697,-1.1274,-1.0575
OTJ,UR,-0.0032,-0.0022,-0.0019,-0.0081,0.0467,-0.0157,-0.0126,0.0314,-0.0084,0.0087,4.0,-0.0227,-3.763,-0.0709,-2.2111,-0.2643,-1.8465,-1.1802,-1.3755,-1.097,-1.193,-1.1615
OTJ,UG,-0.0025,-0.0018,-0.0031,-0.008,-0.0379,-0.0019,-0.061,-0.038,0.0026,-0.0017,-8.0,0.0091,-0.849,-0.0141,-1.7274,-0.0526,-1.7843,-2.0707,-1.4088,-1.3025,-1.9916,-1.8953
OTJ,BR,0.0005,0.0011,0.0021,0.0016,0.0388,0.027,0.0081,0.0113,0.0043,0.003,10.0,0.0049,-1.041,0.0939,0.3455,0.3501,0.8175,1.2194,0.6831,0.7957,1.2593,1.3041
OTJ,BG,0.0012,0.001,0.0002,-0.0006,-0.046,0.0306,-0.0318,0.0147,-0.0071,-0.0024,6.0,-0.0022,1.286,0.1252,0.8292,0.4668,0.4281,0.3129,0.5092,0.4026,0.3797,0.3995
OTJ,RG,-0.0018,-0.0007,0.0001,0.0014,0.0089,-0.0014,-0.1125,-0.0057,0.0094,-0.0034,-2.0,0.0108,0.847,-0.1155,-1.2438,-0.4306,-0.2437,0.0098,-0.4771,-0.2215,-0.0276,-0.0177
SNC,WU,0.0006,0.0012,0.0006,0.0069,0.0109,-0.0062,0.0557,0.0363,0.0035,0.0037,5.7,0.0119,5.569,0.059,0.3946,0.2114,0.8631,1.4669,0.734,0.8471,1.4342,1.3855
SNC,WB,0.0023,0.0025,0.0019,0.0,0.018,0.0145,0.0272,-0.0642,0.0081,-0.0086,-8.3,0.0077,1.692,-0.0271,1.5125,-0.0971,1.1296,0.0681,0.6533,0.3669,0.055,0.0881
SNC,WR,-0.0008,-0.0001,0.0002,0.0,0.0266,-0.0057,0.0354,-0.0418,-0.0019,-0.0086,-8.3,-0.0054,-0.162,-0.0884,-0.5261,-0.3167,-0.0756,-0.9826,-0.4753,-0.4583,-1.0151,-0.9962
SNC,WG,0.0018,0.0021,0.0031,-0.0046,-0.0367,0.0238,-0.0209,0.0805,-0.004,0.0031,10.7,-0.0012,3.524,0.0536,1.1837,0.1921,1.2943,2.1449,1.2038,1.2104,2.0802,1.9695
SNC,UB,-0.0002,-0.0001,-0.0012,-0.0005,0.014,0.0037,0.0076,0.0457,-0.0014,0.0095,7.7,-0.0034,1.423,0.0697,-0.1315,0.2497,-0.4535,0.5114,0.044,0.1025,0.5289,0.5218
SNC,UR,-0.0031,-0.0029,-0.003,0.0,0.0281,-0.0174,0.0098,-0.0577,-0.0074,-0.0039,-8.3,-0.0098,-9.771,-0.0636,-2.0386,-0.2279,-1.7345,-2.6615,-1.6656,-1.5413,-2.5946,-2.4839
SNC,UG,-0.0002,-0.0007,-0.0004,0.0,-0.0318,-0.0135,-0.0443,-0.0789,0.0038,-0.0086,-8.3,0.0124,1.519,-0.1051,-0.1315,-0.3766,-0.1436,-1.3898,-0.5104,-0.6367,-1.3759,-1.2794
SNC,BR,-0.0015,-0.0014,-0.0017,-0.0063,0.0273,0.0018,0.0231,0.0692,-0.0033,0.0189,10.7,-0.0091,0.9,0.0822,-0.9864,0.2945,-1.3478,0.2321,-0.4519,-0.2737,0.2679,0.2731
SNC,BG,0.0019,0.0009,0.0011,0.0,-0.0309,0.0088,-0.0488,-0.0696,0.0053,-0.0086,-8.3,-0.0005,-3.356,0.0038,1.2495,0.0136,0.6765,-0.4234,0.379,0.0889,-0.3718,-0.3468
SNC,RG,-0.0009,-0.0015,-0.0006,0.0044,-0.0255,-0.0097,-0.0447,0.0805,-0.0028,0.0031,6.7,-0.0025,-1.339,0.0159,-0.5919,0.057,-0.2097,1.0245,0.07,0.2906,0.9823,0.8605
SOS,WU,-0.0001,0.0015,0.0013,0.0,-0.0023,-0.0042,0.0732,-0.0609,0.0004,-0.0196,-14.4,-0.0001,-12.48,0.0531,-0.0681,0.3418,0.9476,0.1412,0.3406,0.4769,-0.1598,-0.2344
SOS,WB,-0.0007,0.0007,0.0007,-0.0027,0.0143,-0.0368,0.1102,0.0554,-0.0044,0.0256,19.6,-0.0037,5.885,0.2814,-0.4765,1.8112,0.3186,0.5094,0.5407,0.8797,-0.2945,0.103
SOS,WR,-0.0002,-0.0002,-0.0002,-0.0002,0.0361,-0.0086,0.0228,0.0559,-0.0001,0.0068,9.6,0.0002,6.204,0.2366,-0.1361,1.5229,-0.3128,0.4059,0.37,0.5386,-0.3172,-0.1288
SOS,WG,-0.0005,0.0001,0.0013,0.0,-0.0642,0.0083,0.0212,-0.0609,0.0004,-0.0196,-14.4,-0.0001,0.461,-0.0004,-0.3403,-0.0026,0.694,-0.0443,0.0767,0.2157,-0.2143,-0.3048
SOS,UB,-0.0002,0.0005,-0.0001,0.0,0.0329,-0.0202,0.0094,-0.0609,0.0004,-0.0196,-14.4,-0.0001,3.075,0.2012,-0.1361,1.295,0.0314,-0.7242,0.1165,0.2007,-1.5423,-1.4355
SOS,UR,0.0012,0.0005,0.0003,0.0011,0.03,0.0037,-0.0247,0.07,-0.006,0.0292,16.6,-0.0027,2.042,0.3461,0.8168,2.2277,0.1463,0.6981,0.9722,1.0241,-0.2129,0.1454
SOS,UG,0.0021,0.0008,0.001,0.0026,-0.0641,0.0464,-0.0416,0.0195,0.0071,0.0134,9.6,0.0034,2.131,0.2957,1.4294,1.9033,0.9551,1.3071,1.3987,1.3885,0.5421,0.795
SOS,BR,-0.0014,-0.0013,-0.0024,0.0,0.058,-0.0263,-0.0228,-0.0609,0.0004,-0.0196,-14.4,-0.0001,-6.925,0.0616,-0.9529,0.3965,-1.3579,-1.9218,-0.959,-0.9611,-2.307,-2.2388
SOS,BG,0.0003,-0.0006,-0.0002,-0.0007,-0.0101,0.0166,-0.0461,0.1039,0.0012,0.0227,16.6,0.003,3.129,0.2891,0.2042,1.8608,-0.3159,1.2459,0.7487,0.9303,0.448,0.6417
SOS,RG,-0.0004,-0.0019,-0.0018,0.0,-0.0306,0.0211,-0.1016,-0.0609,0.0004,-0.0196,-14.4,-0.0001,-3.522,-1.7644,-0.2723,-11.3567,-1.0795,-1.5995,-3.577,-4.6786,4.0791,2.6709
TDM,WU,-0.0012,-0.0016,-0.0011,0.0,-0.0012,-0.0038,0.0239,-0.0635,-0.0043,-0.0069,0.0,-0.0108,2.282,0.0151,-0.8487,0.056,-0.9309,-1.5494,-0.8183,-0.8081,-1.5128,-1.4713
TDM,WB,0.0026,0.0031,0.0027,-0.0044,0.0257,0.0089,0.0584,0.1164,0.0034,0.021,0.0,0.0037,1.079,0.021,1.8388,0.0778,1.5174,2.6082,1.5105,1.4011,2.5628,2.5042
TDM,WR,0.0023,0.0018,0.0015,0.0032,-0.0037,0.0266,0.0227,0.0966,-0.0018,0.0228,0.0,-0.0068,4.292,0.0505,1.6266,0.1872,1.1876,2.1241,1.2814,1.1663,2.0945,2.025
TDM,WG,0.0013,0.0008,0.0011,0.0,-0.0685,0.0335,-0.0221,-0.0437,0.0062,-0.0086,0.0,0.0128,2.994,-0.0771,0.9194,-0.2857,0.7613,0.5699,0.4912,0.3485,0.5056,0.4649
TDM,UB,-0.0019,-0.0011,-0.0012,0.0,0.0565,-0.0396,0.0241,-0.0719,-0.0028,-0.013,0.0,-0.014,-3.613,0.0013,-1.3437,0.0048,-0.8452,-1.7437,-0.982,-0.8614,-1.7108,-1.6697
TDM,UR,-0.002,-0.0024,-0.0031,0.0068,0.0315,-0.0219,-0.0062,0.0231,-0.0021,0.0,0.0,-0.0004,-0.632,0.0654,-1.4144,0.2424,-1.4106,-1.1186,-0.9253,-0.7623,-1.0452,-0.9896
TDM,UG,-0.0029,-0.0035,-0.0033,-0.0017,-0.042,-0.0089,-0.0527,0.0148,-0.0014,-0.0062,0.0,0.001,1.465,0.0078,-2.0509,0.0289,-2.1055,-1.8332,-1.4902,-1.3033,-1.7524,-1.6699
TDM,BR,0.0013,0.002,0.002,0.0,0.0558,-0.0074,0.0255,-0.0429,0.0005,0.0058,0.0,-0.0034,-1.943,0.0031,0.9194,0.0115,1.1062,0.7181,0.6888,0.6119,0.6757,0.6342
TDM,BG,0.0007,0.0012,0.0018,-0.0039,-0.0131,-0.0032,-0.0157,0.0874,0.0017,0.0022,0.0,0.0018,2.599,-0.0268,0.4951,-0.0993,0.7936,1.2755,0.6162,0.6566,1.2642,1.2473
TDM,RG,-0.0001,-0.0003,-0.0003,0.0,-0.041,0.0159,-0.0579,-0.1164,0.0005,-0.017,0.0,0.016,-8.523,-0.0603,-0.0707,-0.2235,-0.0446,-1.0355,-0.3436,-0.4345,-1.065,-1.0576
TLA,WU,0.0009,0.0011,0.0006,-0.005,-0.0189,0.0189,0.0717,0.015,0.0073,0.0013,1.3,0.0058,1.395,-0.0456,0.6395,-0.1705,0.3278,0.9607,0.4394,0.3727,0.8726,0.8132
TLA,WB,0.0012,0.0016,0.0007,0.0005,0.0275,0.0568,0.0458,0.0054,-0.0084,0.0137,-2.7,-0.0145,-0.327,-0.0318,0.8527,-0.1189,0.5552,0.484,0.4433,0.3068,0.4147,0.3957
TLA,WR,0.0035,0.0034,0.002,0.001,0.0173,-0.0113,-0.022,-0.0084,0.0068,0.0018,0.3,0.009,1.615,0.1276,2.487,0.477,1.6952,1.5283,1.5469,1.2335,1.5715,1.5452
TLA,WG,0.002,0.0008,-0.0006,0.0053,-0.0803,-0.0157,-0.0566,0.002,0.0025,0.0044,4.3,-0.0087,1.612,-0.0029,1.4211,-0.0108,0.795,1.1012,0.8266,0.6285,1.0583,0.9775
TLA,UB,-0.0021,-0.0012,0.0007,0.0139,0.0483,0.0289,0.0933,-0.017,0.0091,-0.0011,-4.7,0.0038,0.371,0.0645,-1.4922,0.2411,0.3322,0.4468,-0.118,0.34,0.4679,0.4429
TLA,UR,-0.0007,-0.0002,0.0,-0.0078,0.0316,-0.0031,0.0059,0.0253,-0.0005,0.0001,5.3,-0.0099,0.717,-0.0209,-0.4974,-0.0781,-0.6536,-0.1803,-0.3524,-0.304,-0.1925,-0.1805
TLA,UG,-0.0018,-0.0028,-0.0028,0.0079,-0.0594,-0.0146,-0.0352,-0.0212,-0.0114,-0.0064,0.3,-0.0003,-2.562,-0.1393,-1.279,-0.5208,-0.9739,-1.6514,-1.1063,-1.0487,-1.679,-1.6163
TLA,BR,-0.0004,0.0004,0.0016,-0.0015,0.0773,0.0017,0.0299,0.0024,-0.0013,-0.008,-0.7,0.0023,-1.672,0.0589,-0.2842,0.2202,0.1344,-0.2469,-0.0441,0.0359,-0.1928,-0.1527
TLA,BG,-0.0021,-0.0025,-0.0018,0.0005,-0.0132,-0.0096,-0.0322,-0.0124,-0.0078,-0.0086,-3.7,0.0099,-0.348,-0.0256,-1.4922,-0.0957,-1.2454,-1.8263,-1.1649,-1.0558,-1.768,-1.6885
TLA,RG,-0.0005,-0.0007,-0.0004,-0.0148,-0.0302,-0.052,-0.1006,0.0089,0.0038,0.0028,0.3,0.0028,-0.8,0.0152,-0.3553,0.0568,-0.9979,-0.6408,-0.4843,-0.5273,-0.5754,-0.5574
TMT,WU,0.0027,0.003,0.0012,0.0,0.0218,0.016,0.0759,-0.064,-0.0008,-0.019,-8.6,-0.0021,5.6,-0.0574,1.667,-0.2105,0.882,-0.8185,0.38,-0.049,-0.8574,-0.7823
TMT,WB,0.0016,0.0011,0.0017,0.0024,-0.005,-0.006,0.0542,0.0555,0.0047,0.0336,7.4,0.011,5.233,0.0708,0.9879,0.2596,0.9546,2.4993,1.1754,1.2378,2.4424,2.3727
TMT,WR,0.0022,0.0016,0.002,0.0046,0.0826,0.0233,-0.011,0.0437,0.0088,0.0089,8.4,0.005,2.358,0.0707,1.3583,0.2593,0.7394,1.7825,1.0349,0.927,1.78,1.7786
TMT,WG,0.0008,0.0005,0.0008,0.0,-0.0566,-0.0083,-0.0346,-0.064,-0.0008,-0.019,-8.6,-0.0021,1.641,-0.1703,0.4939,-0.6245,0.7553,-0.7517,-0.0317,-0.207,-0.8653,-0.8782
TMT,UB,-0.0007,0.0001,-0.0014,0.0,-0.0151,0.0113,0.0885,-0.064,-0.0008,-0.019,-8.6,-0.0021,-3.13,0.0144,-0.4322,0.0528,-0.4199,-1.6774,-0.6192,-0.6815,-1.618,-1.5609
TMT,UR,0.0002,0.0003,-0.0004,0.0004,0.0735,0.0022,-0.0052,0.1079,-0.0035,0.0013,13.4,-0.0024,4.477,0.0889,0.1235,0.326,-0.47,1.0731,0.2632,0.3097,1.0829,1.046
TMT,UG,-0.0006,-0.0002,-0.0003,-0.0014,-0.0756,0.006,-0.0323,0.0299,-0.0003,-0.0021,4.4,0.0034,-4.177,0.0467,-0.3705,0.1713,0.2292,0.7723,0.2006,0.3909,0.7753,0.6997
TMT,BR,-0.0018,-0.0016,-0.0006,0.0,0.055,-0.0036,0.0053,-0.064,-0.0008,-0.019,-8.6,-0.0021,-4.689,0.0386,-1.1114,0.1416,-0.8935,-2.2022,-1.0164,-0.9847,-2.0536,-1.9744
TMT,BG,-0.0024,-0.0027,-0.002,-0.0059,-0.0833,-0.0221,-0.0325,0.0831,-0.0054,0.0532,9.4,-0.0068,-0.025,0.021,-1.4818,0.077,-1.0469,1.3676,-0.271,0.1326,1.3313,1.2556
TMT,RG,-0.002,-0.0019,-0.0011,0.0,0.0025,-0.0188,-0.1083,-0.064,-0.0008,-0.019,-8.6,-0.0021,-7.288,-0.1233,-1.2348,-0.4522,-0.7008,-2.0142,-1.1005,-1.0557,-1.9879,-1.923
VOW,WU,-0.0002,-0.0009,-0.0031,0.0,-0.0252,-0.0215,0.0832,0.0074,-0.0059,-0.0066,0.6,-0.0334,1.037,-0.0916,-0.1438,-0.3486,-1.0282,-1.0095,-0.6325,-0.7954,-1.1044,-1.1899
VOW,WB,0.0024,0.0022,0.0019,-0.0061,0.034,-0.0103,0.0304,-0.0066,0.0045,0.0063,2.6,0.008,0.063,0.045,1.7258,0.1713,0.8707,0.8633,0.9078,0.6351,0.8813,0.9147
VOW,WR,0.0003,0.0,-0.0009,-0.015,0.0487,0.0225,0.0183,-0.0333,-0.0036,-0.0072,-6.4,-0.0012,0.832,0.0058,0.2157,0.0221,-1.5062,-2.2956,-0.891,-1.2599,-2.2127,-2.0705
VOW,WG,-0.0013,-0.0015,-0.0017,-0.0038,-0.0353,0.0117,-0.0244,-0.0008,0.0017,0.0032,-0.4,0.0049,-1.931,-0.0334,-0.9348,-0.1271,-1.1193,-0.7169,-0.7245,-0.6544,-0.708,-0.6727
VOW,UB,0.0016,0.0016,0.0014,0.0098,-0.0064,-0.0291,0.0452,0.034,0.0047,0.0032,4.6,0.0045,-0.793,0.0398,1.1505,0.1515,1.7227,2.3454,1.3425,1.4065,2.2717,2.1329
VOW,UR,-0.0001,-0.0004,-0.0012,0.0194,0.0082,-0.0061,0.0294,-0.0248,-0.0,0.0063,-4.4,0.0052,1.083,0.0038,-0.0719,0.0145,0.566,0.2739,0.1956,0.2848,0.2672,0.2651
VOW,UG,-0.0023,-0.0022,-0.0018,-0.0006,-0.0759,-0.0073,-0.0098,-0.0133,-0.0064,-0.0023,0.6,0.0243,-1.525,-0.0438,-1.6539,-0.1667,-0.8928,-1.1037,-0.9543,-0.7211,-1.0799,-1.005
VOW,BR,0.0023,0.0026,0.0032,0.0215,0.0678,0.0155,-0.0294,0.0679,0.0048,0.0068,10.6,0.0163,1.629,0.0637,1.6539,0.2424,2.6572,3.74,2.0734,2.2132,3.6705,3.5725
VOW,BG,-0.0004,0.0004,0.0026,-0.0253,-0.0159,-0.0049,-0.0607,-0.0121,-0.0023,-0.0036,-2.4,-0.0171,-1.576,0.0434,-0.2876,0.1652,-0.3733,-0.9831,-0.3697,-0.3971,-0.9043,-0.8855
VOW,RG,-0.0022,-0.0017,-0.0004,0.0,-0.0,0.0294,-0.0821,-0.0184,0.0027,-0.006,-5.4,-0.0117,1.18,-0.0327,-1.582,-0.1244,-0.8604,-1.0747,-0.9104,-0.6865,-1.044,-1.0258
WOE,WU,-0.002,-0.0015,-0.0025,-0.0053,-0.0104,-0.0253,0.0296,-0.0141,-0.0008,-0.0016,-2.5,-0.0036,-4.566,-0.0436,-1.3532,-0.1621,-1.2652,-1.2887,-1.0173,-0.9053,-1.2857,-1.2664
WOE,WB,0.0015,0.0019,0.0005,0.0011,0.0196,-0.0402,0.0425,0.0077,-0.0063,-0.003,4.5,-0.0127,-0.734,-0.035,1.0149,-0.1301,1.0311,0.7318,0.6619,0.5442,0.6597,0.5882
WOE,WR,-0.0001,-0.0001,-0.0005,0.0052,0.0193,0.0159,0.0019,-0.0078,-0.0014,-0.0044,-3.5,0.0146,2.75,0.1034,-0.0677,0.3844,-0.0573,-0.4738,-0.0536,-0.0489,-0.399,-0.3414
WOE,WG,-0.0014,-0.0018,-0.0027,0.0104,-0.0462,-0.0339,-0.0452,0.0497,-0.0083,-0.0031,6.5,0.0025,-0.571,-0.0475,-0.9472,-0.1766,-0.3866,0.2015,-0.3272,-0.1206,0.1429,0.0649
WOE,UB,0.0014,0.0018,0.0019,0.0129,0.0227,0.0015,0.0629,-0.0148,0.0049,-0.0009,0.5,0.0027,-0.359,0.0087,0.9472,0.0323,1.8028,1.5338,1.079,1.123,1.4859,1.4281
WOE,UR,-0.001,-0.0009,-0.0001,-0.0161,0.0226,0.0411,0.0141,-0.0008,-0.0137,0.0096,-1.5,-0.0199,-0.911,0.0497,-0.6766,0.1848,-1.5764,-1.8376,-0.9765,-1.0764,-1.7419,-1.6125
WOE,UG,-0.0025,-0.0025,-0.0021,-0.0174,-0.0485,0.0004,-0.0333,-0.0133,-0.0033,-0.0023,-2.5,-0.0214,-3.169,-0.0095,-1.6914,-0.0353,-2.1916,-2.0559,-1.4936,-1.4276,-2.0018,-1.9674
WOE,BR,0.0028,0.0028,0.0033,-0.0048,0.0524,0.02,0.0216,0.0013,0.0116,0.0102,-2.5,0.0246,2.64,0.0233,1.8944,0.0866,1.23,1.3481,1.1398,0.8882,1.3489,1.3854
WOE,BG,0.0018,0.0014,0.0022,0.0189,-0.0143,-0.0208,-0.0281,0.0182,0.0059,0.0012,4.5,0.0108,3.252,-0.0547,1.2178,-0.2034,2.2786,2.5184,1.4529,1.5312,2.4163,2.2957
WOE,RG,-0.0004,-0.0011,0.0,-0.0049,-0.0171,0.0414,-0.0659,-0.026,0.0114,-0.0058,-3.5,0.0023,1.668,0.0052,-0.2706,0.0193,-0.8623,-0.6763,-0.4475,-0.5064,-0.6243,-0.5739
