set,card,k,s,actual,current,live,dead,adjusted,err_current,err_adjusted
AFR,Burning Hands,1,0.4,56.2372,57.1156,57.5135,57.0023,57.2068,0.8784,0.9695
AFR,Divine Smite,1,0.4,47.2178,56.1555,57.5541,55.9301,56.5797,8.9377,9.3619
AFR,Hunter's Mark,1,0.4,58.4118,56.7495,56.9133,56.727,56.8015,-1.6624,-1.6103
AFR,Ray of Enfeeblement,1,0.4,58.3692,56.5938,56.7457,56.2582,56.4532,-1.7754,-1.916
AFR,Ray of Frost,1,0.4,54.5084,54.942,55.8292,53.5153,54.4409,0.4336,-0.0675
SNC,Bouncer's Beatdown,1,0.4,55.8246,57.7794,57.1505,57.7019,57.4814,1.9548,1.6567
SNC,Knockout Blow,1,0.4,58.3368,55.5776,54.0555,54.7047,54.445,-2.7592,-3.8918
SNC,Out of the Way,1,0.4,59.7206,56.1573,55.9288,55.7898,55.8454,-3.5632,-3.8752
SNC,Torch Breath,1,0.4,54.5613,57.4685,57.2227,57.3307,57.2875,2.9071,2.7262
SNC,Whack,1,0.4,55.8869,57.0327,56.3697,56.5638,56.4861,1.1458,0.5993
MOM,Change the Equation,2,0.7,50.9799,55.0504,54.8837,54.1163,54.6535,4.0706,3.6736
MOM,Glistening Deluge,2,0.7,51.8622,52.5293,53.0773,53.3127,53.1479,0.6671,1.2857
MOM,Lithomantic Barrage,2,0.7,53.5347,57.0602,56.8436,56.9171,56.8657,3.5255,3.3309
MOM,Sandstalker Moloch,2,0.7,55.9487,55.5528,58.3068,54.2189,57.0804,-0.396,1.1317
MOM,Surge of Salvation,2,0.7,53.6037,55.1253,55.2171,54.8673,55.1122,1.5215,1.5084
