window,card,rarity,colors,mana_value,types,deck_n,deck_w,oh_n,oh_w,gd_n,gd_w,gnd_n,gnd_w,gih_n,gih_w
D3,+2 Mace,common,W,2,Artifact - Equipment,5549,2924,1071,521,1471,752,3007,1651,2542,1273
D3,Aberrant Mind Sorcerer,uncommon,U,5,Creature - Human Elf Shaman Sorcerer,2172,1095,366,175,639,349,1167,571,1005,524
D3,Acererak the Archlich,mythic,B,3,Legendary Creature - Zombie Wizard,820,408,142,66,202,105,476,237,344,171
D3,Adult Gold Dragon,rare,RW,5,Creature - Dragon,2247,1298,415,271,556,346,1276,681,971,617
D3,Air-Cult Elemental,common,U,6,Creature - Elemental,5777,2937,1085,557,1798,991,2894,1389,2883,1548
D3,Arborea Pegasus,common,W,4,Creature - Pegasus,8499,4547,1693,898,2424,1363,4382,2286,4117,2261
D3,Arcane Investigator,common,U,2,Creature - Elf Wizard,5164,2670,1054,558,1479,761,2631,1351,2533,1319
D3,Armory Veteran,common,R,2,Creature - Orc Warrior,8305,4568,2026,1130,2086,1073,4193,2365,4112,2203
D3,Asmodeus the Archfiend,rare,B,6,Legendary Creature - Devil God,553,285,89,36,137,68,327,181,226,104
D3,Bag of Holding,uncommon,,1,Artifact,979,468,177,88,262,107,540,273,439,195
D3,Baleful Beholder,common,B,6,Creature - Beholder,5682,3149,894,482,1610,881,3178,1786,2504,1363
D3,Bar the Gate,common,U,3,Instant,3087,1557,600,322,863,455,1624,780,1463,777
D3,Barbarian Class,uncommon,R,1,Enchantment - Class,1509,745,280,124,416,188,816,435,696,312
D3,Bard Class,rare,GR,2,Enchantment - Class,4,1,0,0,2,1,2,0,2,1
D3,Barrowin of Clan Undurr,uncommon,BW,4,Legendary Creature - Dwarf Cleric,2880,1534,555,294,818,464,1507,776,1373,758
D3,Battle Cry Goblin,uncommon,R,2,Creature - Goblin,7090,4107,1502,903,1659,1006,3929,2198,3161,1909
D3,Black Dragon,uncommon,B,7,Creature - Dragon,5016,2830,858,503,1438,847,2720,1480,2296,1350
D3,Blink Dog,uncommon,W,3,Creature - Dog,1628,862,300,155,396,215,932,492,696,370
D3,Blue Dragon,uncommon,U,7,Creature - Dragon,3101,1559,494,250,927,500,1680,809,1421,750
D3,Boots of Speed,common,R,1,Artifact - Equipment,6957,3871,1361,743,1676,862,3921,2267,3037,1605
D3,Brazen Dwarf,common,R,2,Creature - Dwarf Shaman,2214,1150,542,290,584,286,1088,574,1126,576
D3,Bruenor Battlehammer,uncommon,RW,4,Legendary Creature - Dwarf Warrior,3816,2079,777,441,957,548,2082,1090,1734,989
D3,Bulette,common,G,4,Creature - Beast,4232,2194,776,377,1228,628,2228,1189,2004,1005
D3,Bull's Strength,common,G,2,Instant,5630,3101,1070,605,1536,852,3024,1644,2606,1457
D3,Burning Hands,uncommon,R,2,Instant,5485,3089,1079,621,1357,751,3049,1717,2436,1372
D3,Cave of the Frost Dragon,rare,W,0,Land,1312,697,226,124,326,176,760,397,552,300
D3,Celestial Unicorn,common,W,3,Creature - Unicorn,5762,3059,1467,793,1658,901,2637,1365,3125,1694
D3,Chaos Channeler,uncommon,R,4,Creature - Human Shaman,6062,3424,1103,669,1484,836,3475,1919,2587,1505
D3,Charmed Sleep,common,U,3,Enchantment - Aura,6792,3466,1557,754,2284,1229,2951,1483,3841,1983
D3,Check for Traps,uncommon,B,2,Sorcery,2516,1303,492,264,646,318,1378,721,1138,582
D3,Choose Your Weapon,uncommon,G,3,Instant,2035,1105,312,164,547,314,1176,627,859,478
D3,Circle of Dreams Druid,rare,G,3,Creature - Elf Druid,271,130,47,27,59,25,165,78,106,52
D3,Circle of the Moon Druid,common,G,3,Creature - Human Elf Druid,7539,4121,1665,942,2056,1127,3818,2052,3721,2069
D3,Clattering Skeletons,common,B,4,Creature - Skeleton,6261,3397,1221,670,1712,951,3328,1776,2933,1621
D3,Cleric Class,uncommon,W,1,Enchantment - Class,2283,1211,496,261,680,374,1107,576,1176,635
D3,Clever Conjurer,common,U,3,Creature - Gnome Wizard,3906,2021,848,453,1119,585,1939,983,1967,1038
D3,Cloister Gargoyle,uncommon,W,3,Artifact Creature - Gargoyle,3203,1681,641,332,902,488,1660,861,1543,820
D3,Compelled Duel,common,G,2,Sorcery,1229,611,216,93,319,146,696,373,535,239
D3,Contact Other Plane,common,U,4,Instant,6294,3242,1240,603,1794,968,3260,1671,3034,1571
D3,Critical Hit,uncommon,R,2,Instant,806,403,112,53,193,85,501,265,305,138
D3,Dancing Sword,rare,W,2,Artifact - Equipment,1924,1066,341,197,479,262,1104,607,820,459
D3,Dawnbringer Cleric,common,W,2,Creature - Human Cleric,7098,3751,1493,788,1895,1023,3710,1940,3388,1811
D3,Deadly Dispute,common,B,2,Instant,9048,5192,1850,1058,2379,1384,4819,2750,4229,2442
D3,Death-Priest of Myrkul,uncommon,B,4,Creature - Tiefling Cleric,4213,2316,789,402,1118,624,2307,1290,1907,1026
D3,"Delina, Wild Mage",rare,R,4,Legendary Creature - Elf Shaman,1795,951,315,161,446,243,1034,547,761,404
D3,Delver's Torch,common,W,2,Artifact - Equipment,6892,3488,1322,678,1896,964,3674,1846,3218,1642
D3,Demilich,mythic,U,4,Creature - Skeleton Wizard,291,150,52,24,85,44,154,82,137,68
D3,Demogorgon's Clutches,uncommon,B,3,Sorcery,1074,590,198,104,272,151,604,335,470,255
D3,Den of the Bugbear,rare,R,0,Land,2015,1138,382,230,454,247,1181,662,836,477
D3,Devoted Paladin,common,W,5,Creature - Orc Knight,5628,2939,951,483,1487,783,3190,1673,2438,1266
D3,Devour Intellect,common,B,1,Sorcery,225,115,44,17,51,21,130,77,95,38
D3,Dire Wolf Prowler,common,G,3,Creature - Wolf,5140,2748,1116,601,1377,728,2647,1419,2493,1329
D3,Displacer Beast,uncommon,U,3,Creature - Cat Beast,3119,1599,605,327,883,486,1631,786,1488,813
D3,Divine Smite,uncommon,W,2,Instant,331,157,47,22,76,34,208,101,123,56
D3,Djinni Windseer,common,U,4,Creature - Djinn,7565,3925,1714,903,2348,1331,3503,1691,4062,2234
D3,Dragon Turtle,rare,U,3,Creature - Dragon Turtle,1276,684,224,123,356,196,696,365,580,319
D3,Dragon's Disciple,uncommon,W,2,Creature - Human Monk,599,308,115,56,141,71,343,181,256,127
D3,Dragon's Fire,common,R,2,Instant,15142,8557,3714,2144,4000,2359,7428,4054,7714,4503
D3,Drider,uncommon,B,5,Creature - Elf Spider,2990,1596,525,258,826,448,1639,890,1351,706
D3,Drizzt Do'Urden,rare,GW,5,Legendary Creature - Elf Ranger,1901,1050,338,212,493,312,1070,526,831,524
D3,Druid Class,uncommon,G,2,Enchantment - Class,1770,922,362,192,486,266,922,464,848,458
D3,Dueling Rapier,common,R,1,Artifact - Equipment,5993,3310,1184,664,1505,794,3304,1852,2689,1458
D3,Dungeon Crawler,uncommon,B,1,Creature - Zombie,3239,1790,653,374,844,443,1742,973,1497,817
D3,Dungeon Descent,rare,,0,Land,68,24,17,8,18,4,33,12,35,12
D3,Dungeon Map,uncommon,,3,Artifact,2614,1304,459,239,703,369,1453,696,1162,608
D3,Dwarfhold Champion,common,W,2,Creature - Dwarf Warrior,8366,4459,2059,1128,2161,1135,4146,2196,4220,2263
D3,Earth-Cult Elemental,common,R,6,Creature - Elemental,3879,2114,641,350,1045,578,2193,1186,1686,928
D3,"Ebondeath, Dracolich",mythic,B,4,Legendary Creature - Zombie Dragon,886,485,157,93,198,108,531,284,355,201
D3,Eccentric Apprentice,uncommon,U,3,Creature - Tiefling Wizard,3288,1659,692,339,982,551,1614,769,1674,890
D3,Ellywick Tumblestrum,mythic,G,4,Legendary Planeswalker - Ellywick,834,428,135,70,212,118,487,240,347,188
D3,Elturgard Ranger,common,G,5,Creature - Human Elf Ranger,6798,3704,1302,718,1952,1106,3544,1880,3254,1824
D3,Evolving Wilds,common,,0,Land,14088,7572,2975,1645,3585,1893,7530,4035,6560,3538
D3,Eye of Vecna,rare,,2,Legendary Artifact,1084,551,200,91,283,138,601,322,483,229
D3,Eyes of the Beholder,common,B,6,Instant,3595,1871,617,306,1009,531,1969,1034,1626,837
D3,Farideh's Fireball,common,R,5,Instant,10246,5699,2036,1099,2740,1564,5470,3036,4776,2663
D3,"Farideh, Devil's Chosen",uncommon,RU,4,Legendary Creature - Tiefling Warlock,2098,1062,427,227,593,279,1078,556,1020,506
D3,Fates' Reversal,common,B,2,Sorcery,5889,3190,1017,500,1645,921,3227,1769,2662,1421
D3,Feign Death,common,B,1,Instant,3535,1991,586,347,969,538,1980,1106,1555,885
D3,Feywild Trickster,uncommon,U,3,Creature - Gnome Warlock,2438,1243,529,270,715,374,1194,599,1244,644
D3,Fifty Feet of Rope,uncommon,,1,Artifact,1025,510,186,87,277,125,562,298,463,212
D3,Fighter Class,rare,RW,2,Enchantment - Class,1046,568,159,84,240,118,647,366,399,202
D3,Find the Path,common,G,3,Enchantment - Aura,3341,1690,746,352,911,445,1684,893,1657,797
D3,Flameskull,mythic,R,3,Creature - Skeleton,1017,591,190,121,236,133,591,337,426,254
D3,Flumph,rare,W,2,Creature - Jellyfish,250,113,48,19,50,20,152,74,98,39
D3,Fly,uncommon,U,1,Enchantment - Aura,2762,1370,537,276,763,399,1462,695,1300,675
D3,Forsworn Paladin,rare,B,1,Creature - Human Knight,1936,1088,356,216,474,268,1106,604,830,484
D3,Froghemoth,rare,G,5,Creature - Frog Horror,1732,916,299,159,461,254,972,503,760,413
D3,Gelatinous Cube,rare,B,4,Creature - Ooze,1895,1085,310,196,534,350,1051,539,844,546
D3,Gloom Stalker,common,W,3,Creature - Dwarf Ranger,2653,1319,539,251,748,378,1367,690,1287,629
D3,Gnoll Hunter,common,G,2,Creature - Gnoll,9611,5305,2439,1375,2698,1464,4474,2466,5137,2839
D3,Goblin Javelineer,common,R,1,Creature - Goblin Warrior,3663,1961,814,443,862,417,1987,1101,1676,860
D3,Goblin Morningstar,uncommon,R,2,Artifact - Equipment,5825,3252,1162,654,1416,799,3247,1799,2578,1453
D3,Grand Master of Flowers,mythic,W,4,Legendary Planeswalker - Bahamut,820,446,148,94,190,113,482,239,338,207
D3,"Grazilaxx, Illithid Scholar",rare,U,3,Legendary Creature - Horror,1268,669,238,129,343,200,687,340,581,329
D3,Greataxe,common,,1,Artifact - Equipment,802,425,132,64,193,103,477,258,325,167
D3,Green Dragon,uncommon,G,6,Creature - Dragon,2786,1447,421,208,777,398,1588,841,1198,606
D3,Gretchen Titchwillow,uncommon,GU,2,Legendary Creature - Halfling Druid,1943,976,398,205,585,308,960,463,983,513
D3,Grim Bounty,common,B,4,Sorcery,13190,7523,2993,1780,3899,2344,6298,3399,6892,4124
D3,Grim Wanderer,uncommon,B,2,Creature - Goblin Warlock,4469,2536,836,493,1215,699,2419,1345,2051,1192
D3,Guardian of Faith,rare,W,3,Creature - Spirit Knight,1379,717,261,146,346,177,772,394,607,323
D3,Guild Thief,uncommon,U,2,Creature - Orc Rogue,2413,1178,512,246,665,298,1236,634,1177,544
D3,Half-Elf Monk,common,W,4,Creature - Human Elf Monk,5790,3000,1105,552,1620,803,3065,1645,2725,1355
D3,Hall of Storm Giants,rare,U,0,Land,1288,681,239,131,341,194,708,356,580,325
D3,"Hama Pashar, Ruin Seeker",uncommon,UW,3,Legendary Creature - Human Wizard,1724,786,324,141,523,249,877,396,847,390
D3,Hand of Vecna,rare,,3,Legendary Artifact - Equipment,1969,1072,349,184,526,280,1094,608,875,464
D3,Herald of Hadar,common,B,5,Creature - Human Warlock,3043,1580,526,263,855,460,1662,857,1381,723
D3,Hill Giant Herdgorger,common,G,6,Creature - Giant,9311,5007,1807,949,2876,1630,4628,2428,4683,2579
D3,Hired Hexblade,common,B,2,Creature - Elf Warlock,8884,5064,1991,1160,2372,1328,4521,2576,4363,2488
D3,Hive of the Eye Tyrant,rare,B,0,Land,1608,912,319,191,407,237,882,484,726,428
D3,Hoard Robber,common,B,2,Creature - Tiefling Rogue,8798,4870,2066,1228,2306,1240,4426,2402,4372,2468
D3,Hoarding Ogre,common,R,4,Creature - Ogre,9948,5496,2129,1196,2626,1444,5193,2856,4755,2640
D3,Hobgoblin Bandit Lord,rare,R,3,Creature - Goblin Rogue,1816,1013,324,188,400,234,1093,591,724,422
D3,Hobgoblin Captain,common,R,2,Creature - Goblin Barbarian,14484,8297,3792,2280,3892,2107,6802,3911,7684,4387
D3,Hulking Bugbear,uncommon,R,3,Creature - Goblin,5691,3230,1121,647,1341,763,3229,1820,2462,1410
D3,Hunter's Mark,uncommon,G,4,Instant,5201,2872,925,523,1441,860,2835,1489,2366,1383
D3,"Icingdeath, Frost Tyrant",mythic,W,4,Legendary Creature - Dragon,821,446,143,90,202,118,476,238,345,208
D3,Improvised Weaponry,common,R,3,Sorcery,11008,6178,2378,1377,2798,1560,5832,3241,5176,2937
D3,Inferno of the Star Mounts,mythic,R,6,Legendary Creature - Dragon,1149,645,182,115,295,170,672,360,477,285
D3,Ingenious Smith,uncommon,W,2,Creature - Human Artificer,1667,882,324,176,428,219,915,487,752,395
D3,Inspiring Bard,common,G,4,Creature - Elf Bard,7093,3956,1400,775,1961,1097,3732,2084,3361,1872
D3,Instrument of the Bards,rare,G,1,Legendary Artifact,415,216,71,32,100,55,244,129,171,87
D3,Intrepid Outlander,uncommon,G,2,Creature - Orc Ranger,4752,2619,999,553,1220,690,2533,1376,2219,1243
D3,Iron Golem,uncommon,,4,Artifact Creature - Golem,1444,756,276,134,355,185,813,437,631,319
D3,"Iymrith, Desert Doom",mythic,U,5,Legendary Creature - Dragon,786,429,124,81,230,139,432,209,354,220
D3,Jaded Sell-Sword,common,R,4,Creature - Dragon Warrior,6458,3694,1259,701,1665,936,3534,2057,2924,1637
D3,"Kalain, Reclusive Painter",uncommon,BR,2,Legendary Creature - Human Elf Bard,4961,2876,1125,695,1214,715,2622,1466,2339,1410
D3,Keen-Eared Sentry,uncommon,W,2,Creature - Human Soldier,1155,590,214,113,293,141,648,336,507,254
D3,Kick in the Door,common,R,1,Sorcery,1020,510,201,95,229,111,590,304,430,206
D3,Krydle of Baldur's Gate,uncommon,BU,2,Legendary Creature - Human Elf Rogue,2443,1315,529,289,796,456,1118,570,1325,745
D3,Lair of the Hydra,rare,G,0,Land,1641,897,327,208,414,221,900,468,741,429
D3,Leather Armor,common,,1,Artifact - Equipment,782,396,127,66,176,73,479,257,303,139
D3,Lightfoot Rogue,uncommon,B,2,Creature - Halfling Rogue,3645,1968,765,433,933,490,1947,1045,1698,923
D3,Loathsome Troll,uncommon,G,5,Creature - Troll,2042,1049,335,174,565,277,1142,598,900,451
D3,"Lolth, Spider Queen",mythic,B,5,Legendary Planeswalker - Lolth,956,573,152,112,254,164,550,297,406,276
D3,Long Rest,rare,G,3,Sorcery,547,289,75,34,154,84,318,171,229,118
D3,Loyal Warhound,rare,W,2,Creature - Dog,1704,940,288,170,416,231,1000,539,704,401
D3,Lurking Roper,uncommon,G,3,Creature - Horror,4301,2346,901,512,1161,671,2239,1163,2062,1183
D3,Magic Missile,uncommon,R,3,Sorcery,6845,3853,1321,753,1608,937,3916,2163,2929,1690
D3,Manticore,common,B,4,Creature - Manticore,5169,2824,970,506,1462,799,2737,1519,2432,1305
D3,Meteor Swarm,rare,R,3,Sorcery,2869,1689,450,273,715,461,1704,955,1165,734
D3,Mimic,common,,2,Artifact - Treasure,604,295,121,57,138,62,345,176,259,119
D3,Mind Flayer,rare,U,5,Creature - Horror,1747,980,291,171,498,342,960,467,789,513
D3,Minimus Containment,common,W,3,Enchantment - Aura,9719,5110,2109,1038,2892,1567,4718,2505,5001,2605
D3,Minion of the Mighty,rare,R,1,Creature - Kobold,60,22,4,2,15,1,41,19,19,3
D3,"Minsc, Beloved Ranger",mythic,GRW,3,Legendary Creature - Human Ranger,379,183,43,23,109,55,227,105,152,78
D3,Monk Class,rare,UW,2,Enchantment - Class,568,239,98,39,160,79,310,121,258,118
D3,Monk of the Open Hand,uncommon,W,1,Creature - Elf Monk,1587,812,308,154,403,202,876,456,711,356
D3,Moon-Blessed Cleric,uncommon,W,3,Creature - Human Elf Cleric,2436,1262,478,223,640,344,1319,695,1118,567
D3,Mordenkainen,mythic,U,6,Legendary Planeswalker - Mordenkainen,650,318,108,56,195,113,347,149,303,169
D3,Mordenkainen's Polymorph,common,U,2,Instant,185,90,30,10,40,20,115,60,70,30
D3,"Nadaar, Selfless Paladin",rare,W,3,Legendary Creature - Dragon Knight,1944,1101,335,220,505,311,1104,570,840,531
D3,Neverwinter Dryad,common,G,1,Creature - Dryad,3539,1836,777,403,898,447,1864,986,1675,850
D3,Ochre Jelly,rare,G,1,Creature - Ooze,1861,996,304,169,504,298,1053,529,808,467
D3,Old Gnawbone,mythic,G,7,Legendary Creature - Dragon,810,439,124,71,224,128,462,240,348,199
D3,Orb of Dragonkind,rare,R,2,Artifact,85,45,16,11,23,12,46,22,39,23
D3,"Orcus, Prince of Undeath",rare,BR,4,Legendary Creature - Demon,2191,1233,322,181,611,393,1258,659,933,574
D3,Oswald Fiddlebender,rare,W,2,Legendary Creature - Gnome Artificer,506,265,78,47,136,69,292,149,214,116
D3,Owlbear,common,G,5,Creature - Bird Bear,11292,6173,2634,1463,3320,1915,5338,2795,5954,3378
D3,Paladin Class,rare,W,1,Enchantment - Class,1778,964,295,179,524,287,959,498,819,466
D3,Paladin's Shield,common,W,2,Artifact - Equipment,2228,1109,445,206,555,272,1228,631,1000,478
D3,Pixie Guide,common,U,2,Creature - Faerie,4876,2486,1145,593,1439,728,2292,1165,2584,1321
D3,Planar Ally,common,W,5,Creature - Angel,7643,4089,1536,805,2335,1283,3772,2001,3871,2088
D3,Plate Armor,uncommon,W,3,Artifact - Equipment,5185,2768,1008,537,1467,813,2710,1418,2475,1350
D3,Plummet,common,G,2,Instant,340,166,61,26,77,35,202,105,138,61
D3,Plundering Barbarian,common,R,3,Creature - Dwarf Barbarian,12760,7231,2830,1594,3210,1815,6720,3822,6040,3409
D3,Portable Hole,uncommon,W,1,Artifact,4040,2173,768,401,1046,571,2226,1201,1814,972
D3,Potion of Healing,common,W,2,Artifact,1690,882,382,198,497,279,811,405,879,477
D3,Power Word Kill,uncommon,B,2,Instant,5826,3396,1197,714,1553,1001,3076,1681,2750,1715
D3,Power of Persuasion,uncommon,U,3,Sorcery,1103,537,193,96,304,147,606,294,497,243
D3,Precipitous Drop,common,B,3,Enchantment - Aura,10971,6046,2538,1416,3179,1808,5254,2822,5717,3224
D3,Price of Loyalty,common,R,3,Sorcery,6414,3835,1615,1014,1960,1242,2839,1579,3575,2256
D3,Priest of Ancient Lore,common,W,3,Creature - Dwarf Cleric,10898,5948,2772,1579,3006,1700,5120,2669,5778,3279
D3,Prosperous Innkeeper,uncommon,G,2,Creature - Halfling Citizen,3722,1988,752,436,989,556,1981,996,1741,992
D3,Purple Worm,uncommon,G,7,Creature - Worm,4613,2487,762,408,1321,727,2530,1352,2083,1135
D3,Rally Maneuver,uncommon,W,3,Instant,3539,1917,557,290,965,512,2017,1115,1522,802
D3,Ranger Class,rare,G,2,Enchantment - Class,2207,1280,401,294,593,374,1213,612,994,668
D3,Ranger's Hawk,common,W,1,Creature - Bird,7927,4242,1781,962,2080,1107,4066,2173,3861,2069
D3,Ranger's Longbow,common,G,2,Artifact - Equipment,1670,810,299,133,426,202,945,475,725,335
D3,Ray of Enfeeblement,uncommon,B,1,Instant,5299,3037,1112,651,1364,799,2823,1587,2476,1450
D3,Ray of Frost,uncommon,U,2,Enchantment - Aura,3431,1754,648,341,987,531,1796,882,1635,872
D3,Reaper's Talisman,uncommon,B,1,Artifact - Equipment,6429,3619,1255,719,1662,946,3512,1954,2917,1665
D3,Red Dragon,uncommon,R,6,Creature - Dragon,5381,3004,916,522,1403,796,3062,1686,2319,1318
D3,Rimeshield Frost Giant,common,U,5,Creature - Giant Warrior,3264,1645,597,313,984,520,1683,812,1581,833
D3,Rogue Class,rare,BU,2,Enchantment - Class,798,369,129,48,227,115,442,206,356,163
D3,Rust Monster,uncommon,R,3,Creature - Beast,4836,2708,925,513,1141,623,2770,1572,2066,1136
D3,Scaled Herbalist,common,G,2,Creature - Lizard Druid,1677,828,326,157,467,226,884,445,793,383
D3,Scion of Stygia,common,U,3,Creature - Tiefling Shaman,6468,3281,1544,777,2022,1072,2902,1432,3566,1849
D3,Secret Door,common,U,1,Artifact Creature - Wall,2537,1266,518,264,695,352,1324,650,1213,616
D3,Sepulcher Ghoul,common,B,2,Creature - Zombie,10835,6210,2806,1665,3119,1782,4910,2763,5925,3447
D3,Shambling Ghast,common,B,1,Creature - Zombie,10698,6078,2456,1451,2923,1654,5319,2973,5379,3105
D3,"Shessra, Death's Whisper",uncommon,BG,4,Legendary Creature - Human Elf Warlock,2092,1118,397,204,573,308,1122,606,970,512
D3,Shocking Grasp,common,U,2,Instant,1931,997,403,190,490,282,1038,525,893,472
D3,Shortcut Seeker,common,U,4,Creature - Human Rogue,3765,1863,789,387,1163,568,1813,908,1952,955
D3,Silver Raven,common,U,1,Artifact Creature - Bird,1123,531,254,126,284,137,585,268,538,263
D3,Skeletal Swarming,rare,BG,5,Enchantment,2329,1241,400,197,660,383,1269,661,1060,580
D3,Skullport Merchant,uncommon,B,3,Creature - Dwarf Citizen,6607,3836,1332,807,1714,1036,3561,1993,3046,1843
D3,Sorcerer Class,rare,RU,2,Enchantment - Class,71,31,15,1,23,10,33,20,38,11
D3,Soulknife Spy,common,U,3,Creature - Elf Rogue,6716,3466,1606,831,2084,1102,3026,1533,3690,1933
D3,Spare Dagger,common,,1,Artifact - Equipment,1891,1029,378,220,478,255,1035,554,856,475
D3,Sphere of Annihilation,rare,B,1,Artifact,662,353,110,55,156,79,396,219,266,134
D3,Spiked Pit Trap,common,,1,Artifact,3252,1697,561,287,838,431,1853,979,1399,718
D3,Split the Party,uncommon,U,5,Sorcery,1125,584,165,78,306,162,654,344,471,240
D3,Spoils of the Hunt,common,G,3,Instant,11484,6285,2677,1432,3462,1964,5345,2889,6139,3396
D3,Steadfast Paladin,common,W,2,Creature - Dwarf Knight,11027,5954,2946,1691,2961,1619,5120,2644,5907,3310
D3,Sudden Insight,uncommon,U,6,Instant,324,162,41,12,94,53,189,97,135,65
D3,Swarming Goblins,common,R,5,Creature - Goblin,10572,5980,2103,1211,2805,1589,5664,3180,4908,2800
D3,Sylvan Shepherd,common,G,3,Creature - Human Druid,5662,3003,1251,670,1528,800,2883,1533,2779,1470
D3,"Targ Nar, Demon-Fang Gnoll",uncommon,GR,2,Legendary Creature - Gnoll,2659,1482,607,365,652,375,1400,742,1259,740
D3,Tasha's Hideous Laughter,rare,U,3,Sorcery,183,74,29,10,66,30,88,34,95,40
D3,Teleportation Circle,rare,W,4,Enchantment,1673,897,290,155,534,286,849,456,824,441
D3,Temple of the Dragon Queen,uncommon,,0,Land,5594,3025,1127,623,1370,736,3097,1666,2497,1359
D3,The Blackstaff of Waterdeep,rare,U,1,Legendary Artifact,183,82,30,15,44,16,109,51,74,31
D3,The Book of Exalted Deeds,mythic,W,3,Legendary Artifact,311,175,41,20,99,61,171,94,140,81
D3,The Book of Vile Darkness,mythic,B,3,Legendary Artifact,30,13,3,1,7,4,20,8,10,5
D3,The Deck of Many Things,mythic,,5,Legendary Artifact,871,449,137,64,236,124,498,261,373,188
D3,The Tarrasque,mythic,G,9,Legendary Creature - Dinosaur,464,255,83,39,136,77,245,139,219,116
D3,Thieves' Tools,common,B,2,Artifact - Equipment,7266,3841,1358,663,1908,975,4000,2203,3266,1638
D3,Tiamat,mythic,BGRUW,7,Legendary Creature - Dragon God,90,36,20,8,19,5,51,23,39,13
D3,Tiger-Tribe Hunter,uncommon,R,5,Creature - Human Barbarian,4854,2764,852,481,1284,715,2718,1568,2136,1196
D3,Treasure Chest,rare,,3,Artifact,554,266,80,29,151,72,323,165,231,101
D3,Treasure Vault,rare,,0,Artifact Land,343,167,50,20,89,45,204,102,139,65
D3,"Trelasarra, Moon Dancer",uncommon,GW,2,Legendary Creature - Elf Cleric,2630,1411,610,342,779,418,1241,651,1389,760
D3,Trickster's Talisman,uncommon,U,1,Artifact - Equipment,2133,1089,378,181,582,297,1173,611,960,478
D3,Triumphant Adventurer,rare,BW,2,Creature - Human Knight,1368,749,226,138,379,242,763,369,605,380
D3,True Polymorph,rare,U,6,Instant,244,117,33,14,69,33,142,70,102,47
D3,Underdark Basilisk,common,G,2,Creature - Basilisk,9219,4940,2192,1185,2677,1456,4350,2299,4869,2641
D3,Unexpected Windfall,common,R,4,Instant,4258,2232,732,346,1040,544,2486,1342,1772,890
D3,Valor Singer,common,R,3,Creature - Tiefling Bard,11689,6655,2755,1621,3025,1657,5909,3377,5780,3278
D3,Vampire Spawn,common,B,3,Creature - Vampire,6053,3428,1306,744,1692,1014,3055,1670,2998,1758
D3,"Varis, Silverymoon Ranger",rare,G,3,Legendary Creature - Human Elf Ranger,1754,937,307,183,459,269,988,485,766,452
D3,Veteran Dungeoneer,common,W,4,Creature - Human Warrior,7404,3916,1642,893,2074,1157,3688,1866,3716,2050
D3,"Volo, Guide to Monsters",rare,GU,4,Legendary Creature - Human Wizard,1338,696,209,116,396,222,733,358,605,338
D3,Vorpal Sword,rare,B,1,Artifact - Equipment,1991,1081,348,190,482,268,1161,623,830,458
D3,Wandering Troubadour,uncommon,G,4,Creature - Dragon Bard,4737,2557,983,543,1242,670,2512,1344,2225,1213
D3,Warlock Class,uncommon,B,1,Enchantment - Class,4618,2617,894,545,1180,703,2544,1369,2074,1248
D3,Werewolf Pack Leader,rare,G,2,Creature - Human Werewolf,1729,961,323,214,461,263,945,484,784,477
D3,Westgate Regent,rare,B,5,Creature - Vampire,2138,1235,375,233,576,354,1187,648,951,587
D3,White Dragon,uncommon,W,6,Creature - Dragon,4191,2263,695,364,1159,682,2337,1217,1854,1046
D3,Wight,rare,B,2,Creature - Zombie Soldier,1723,975,303,197,477,271,943,507,780,468
D3,Wild Shape,uncommon,G,1,Instant,793,428,117,58,211,115,465,255,328,173
D3,Wish,rare,R,3,Sorcery,33,17,5,2,8,3,20,12,13,5
D3,Wizard Class,uncommon,U,1,Enchantment - Class,3353,1700,614,290,940,491,1799,919,1554,781
D3,Wizard's Spellbook,rare,U,7,Artifact,565,297,88,45,170,93,307,159,258,138
D3,"Xanathar, Guild Kingpin",mythic,BU,6,Legendary Creature - Beholder,1176,628,203,112,320,195,653,321,523,307
D3,Xorn,rare,R,3,Creature - Elemental,1583,833,267,133,384,203,932,497,651,336
D3,You Come to a River,common,U,2,Instant,4487,2282,852,410,1291,706,2344,1166,2143,1116
D3,You Come to the Gnoll Camp,common,R,2,Instant,2613,1437,415,210,623,341,1575,886,1038,551
D3,You Find Some Prisoners,uncommon,R,2,Instant,1548,798,298,130,374,198,876,470,672,328
D3,You Find a Cursed Idol,common,G,2,Sorcery,3644,1837,644,294,950,486,2051,1058,1594,780
D3,You Find the Villains' Lair,common,U,3,Instant,1932,964,361,172,571,301,1000,491,932,473
D3,You Happen On a Glade,uncommon,G,3,Instant,3274,1756,594,317,866,460,1814,979,1460,777
D3,You Hear Something on Watch,common,W,2,Instant,8240,4402,1686,895,2280,1313,4274,2194,3966,2208
D3,You Meet in a Tavern,uncommon,G,4,Sorcery,2807,1523,475,244,776,422,1556,857,1251,666
D3,You See a Guard Approach,common,U,1,Instant,857,411,138,75,263,135,456,201,401,210
D3,You See a Pair of Goblins,uncommon,R,3,Instant,4612,2619,791,421,1120,641,2701,1557,1911,1062
D3,You're Ambushed on the Road,common,W,1,Instant,1554,841,250,137,419,224,885,480,669,361
D3,Yuan-Ti Fang-Blade,common,B,3,Creature - Snake Rogue,10249,5713,2400,1294,2918,1654,4931,2765,5318,2948
D3,Yuan-Ti Malison,rare,U,2,Creature - Snake Rogue,1513,798,287,179,398,225,828,394,685,404
D3,"Zalto, Fire Giant Duke",rare,R,5,Legendary Creature - Giant Barbarian,1412,773,239,125,314,169,859,479,553,294
D3,"Zariel, Archduke of Avernus",mythic,R,4,Legendary Planeswalker - Zariel,1049,617,173,111,283,182,593,324,456,293
D3,Zombie Ogre,common,B,5,Creature - Zombie Ogre,6712,3632,1217,641,1904,1046,3591,1945,3121,1687
D28,+2 Mace,common,W,2,Artifact - Equipment,31769,16636,5892,2892,8399,4229,17480,9517,14291,7121
D28,Aberrant Mind Sorcerer,uncommon,U,5,Creature - Human Elf Shaman Sorcerer,12430,6362,2179,1015,3643,1971,6608,3376,5822,2986
D28,Acererak the Archlich,mythic,B,3,Legendary Creature - Zombie Wizard,5098,2573,883,411,1362,687,2853,1475,2245,1098
D28,Adult Gold Dragon,rare,RW,5,Creature - Dragon,16999,9747,2942,1815,4201,2657,9856,5275,7143,4472
D28,Air-Cult Elemental,common,U,6,Creature - Elemental,32919,17339,6147,3187,10380,5893,16392,8259,16527,9080
D28,Arborea Pegasus,common,W,4,Creature - Pegasus,62511,33751,13236,7055,17777,9888,31498,16808,31013,16943
D28,Arcane Investigator,common,U,2,Creature - Elf Wizard,30055,15841,6406,3416,8467,4540,15182,7885,14873,7956
D28,Armory Veteran,common,R,2,Creature - Orc Warrior,63470,34723,14932,8247,15974,8248,32565,18229,30906,16495
D28,Asmodeus the Archfiend,rare,B,6,Legendary Creature - Devil God,3315,1667,530,236,884,429,1901,1002,1414,665
D28,Bag of Holding,uncommon,,1,Artifact,5780,2864,1106,486,1442,697,3232,1681,2548,1183
D28,Baleful Beholder,common,B,6,Creature - Beholder,43749,24278,6937,3761,12168,6790,24644,13727,19105,10551
D28,Bar the Gate,common,U,3,Instant,14737,7641,2971,1566,4302,2349,7464,3726,7273,3915
D28,Barbarian Class,uncommon,R,1,Enchantment - Class,7929,3911,1521,705,2122,1009,4289,2199,3643,1714
D28,Bard Class,rare,GR,2,Enchantment - Class,81,35,12,6,20,5,49,24,32,11
D28,Barrowin of Clan Undurr,uncommon,BW,4,Legendary Creature - Dwarf Cleric,19684,10533,3809,1998,5753,3298,10122,5237,9562,5296
D28,Battle Cry Goblin,uncommon,R,2,Creature - Goblin,52124,30243,10841,6599,12548,7662,28735,15982,23389,14261
D28,Black Dragon,uncommon,B,7,Creature - Dragon,37950,21544,6305,3655,10859,6541,20786,11348,17164,10196
D28,Blink Dog,uncommon,W,3,Creature - Dog,10247,5337,1944,978,2393,1266,5910,3093,4337,2244
D28,Blue Dragon,uncommon,U,7,Creature - Dragon,18513,9694,3095,1575,5581,3112,9837,5007,8676,4687
D28,Boots of Speed,common,R,1,Artifact - Equipment,53396,29308,10148,5526,12990,6776,30261,17008,23138,12302
D28,Brazen Dwarf,common,R,2,Creature - Dwarf Shaman,12805,6569,2917,1499,3364,1652,6524,3418,6281,3151
D28,Bruenor Battlehammer,uncommon,RW,4,Legendary Creature - Dwarf Warrior,26929,14561,5559,3184,6637,3802,14733,7575,12196,6986
D28,Bulette,common,G,4,Creature - Beast,23838,12397,4470,2216,6556,3409,12813,6773,11026,5625
D28,Bull's Strength,common,G,2,Instant,45279,25189,8586,4624,12548,7137,24146,13429,21134,11761
D28,Burning Hands,uncommon,R,2,Instant,41323,23345,8094,4568,10025,5631,23204,13146,18119,10199
D28,Cave of the Frost Dragon,rare,W,0,Land,11204,6098,1977,1134,2723,1498,6504,3466,4700,2632
D28,Celestial Unicorn,common,W,3,Creature - Unicorn,45236,24454,11557,6405,13407,7317,20272,10732,24964,13722
D28,Chaos Channeler,uncommon,R,4,Creature - Human Shaman,44891,25502,8215,4737,11314,6466,25362,14299,19529,11203
D28,Charmed Sleep,common,U,3,Enchantment - Aura,37712,19750,8630,4397,12325,6716,16757,8637,20955,11113
D28,Check for Traps,uncommon,B,2,Sorcery,18532,9943,3397,1851,4834,2521,10302,5571,8231,4372
D28,Choose Your Weapon,uncommon,G,3,Instant,13885,7432,2212,1171,3695,1982,7978,4279,5907,3153
D28,Circle of Dreams Druid,rare,G,3,Creature - Elf Druid,1602,783,280,131,405,192,917,460,685,323
D28,Circle of the Moon Druid,common,G,3,Creature - Human Elf Druid,54449,29926,12283,6896,15047,8288,27119,14742,27330,15184
D28,Clattering Skeletons,common,B,4,Creature - Skeleton,49356,27202,9643,5366,13908,7835,25805,14001,23551,13201
D28,Cleric Class,uncommon,W,1,Enchantment - Class,20691,11379,4050,2198,6305,3665,10336,5516,10355,5863
D28,Clever Conjurer,common,U,3,Creature - Gnome Wizard,24830,12974,5380,2872,7158,3819,12292,6283,12538,6691
D28,Cloister Gargoyle,uncommon,W,3,Artifact Creature - Gargoyle,22854,12155,4711,2466,6655,3747,11488,5942,11366,6213
D28,Compelled Duel,common,G,2,Sorcery,8736,4557,1550,766,2322,1131,4866,2661,3872,1897
D28,Contact Other Plane,common,U,4,Instant,33248,17130,6542,3181,9499,5138,17207,8811,16041,8319
D28,Critical Hit,uncommon,R,2,Instant,4560,2359,725,341,1108,539,2727,1479,1833,880
D28,Dancing Sword,rare,W,2,Artifact - Equipment,14310,7878,2558,1421,3731,2076,8021,4381,6289,3497
D28,Dawnbringer Cleric,common,W,2,Creature - Human Cleric,54851,29539,11517,6070,14750,8247,28584,15222,26267,14317
D28,Deadly Dispute,common,B,2,Instant,80307,45981,17468,10026,21433,12388,41406,23567,38901,22414
D28,Death-Priest of Myrkul,uncommon,B,4,Creature - Tiefling Cleric,30784,16775,5563,2890,8439,4626,16783,9259,14002,7516
D28,"Delina, Wild Mage",rare,R,4,Legendary Creature - Elf Shaman,13396,7210,2335,1233,3130,1744,7931,4233,5465,2977
D28,Delver's Torch,common,W,2,Artifact - Equipment,45390,23735,8728,4447,12544,6648,24118,12640,21272,11095
D28,Demilich,mythic,U,4,Creature - Skeleton Wizard,1416,709,219,107,404,213,793,389,623,320
D28,Demogorgon's Clutches,uncommon,B,3,Sorcery,6732,3600,1179,595,1685,937,3869,2068,2864,1532
D28,Den of the Bugbear,rare,R,0,Land,15163,8767,2756,1723,3548,2052,8861,4993,6304,3775
D28,Devoted Paladin,common,W,5,Creature - Orc Knight,35386,18679,6017,3140,9540,5090,19833,10451,15557,8230
D28,Devour Intellect,common,B,1,Sorcery,1163,588,195,91,307,143,661,354,502,234
D28,Dire Wolf Prowler,common,G,3,Creature - Wolf,34703,18482,7342,3822,9315,4877,18047,9783,16657,8699
D28,Displacer Beast,uncommon,U,3,Creature - Cat Beast,18059,9494,3638,1987,5237,2922,9184,4585,8875,4909
D28,Divine Smite,uncommon,W,2,Instant,1796,868,293,140,449,204,1054,524,742,344
D28,Djinni Windseer,common,U,4,Creature - Djinn,44500,23741,10614,5742,14183,8078,19703,9921,24797,13820
D28,Dragon Turtle,rare,U,3,Creature - Dragon Turtle,7750,4143,1376,760,2234,1270,4140,2113,3610,2030
D28,Dragon's Disciple,uncommon,W,2,Creature - Human Monk,4679,2443,907,465,1149,565,2623,1413,2056,1030
D28,Dragon's Fire,common,R,2,Instant,108924,62027,25857,15255,28525,16791,54542,29981,54382,32046
D28,Drider,uncommon,B,5,Creature - Elf Spider,19128,10100,3332,1624,5175,2705,10621,5771,8507,4329
D28,Drizzt Do'Urden,rare,GW,5,Legendary Creature - Elf Ranger,14721,8393,2539,1618,3982,2537,8200,4238,6521,4155
D28,Druid Class,uncommon,G,2,Enchantment - Class,15167,8144,2832,1545,4235,2285,8104,4316,7067,3830
D28,Dueling Rapier,common,R,1,Artifact - Equipment,42740,23263,8144,4438,10714,5644,23883,13181,18858,10082
D28,Dungeon Crawler,uncommon,B,1,Creature - Zombie,24604,13477,4909,2859,6311,3296,13385,7323,11220,6155
D28,Dungeon Descent,rare,,0,Land,603,270,114,49,155,67,334,154,269,116
D28,Dungeon Map,uncommon,,3,Artifact,23269,12109,4221,2057,6294,3281,12755,6771,10515,5338
D28,Dwarfhold Champion,common,W,2,Creature - Dwarf Warrior,61185,32767,15284,8395,16240,8608,29661,15764,31524,17003
D28,Earth-Cult Elemental,common,R,6,Creature - Elemental,43938,24441,7685,4329,11931,6665,24322,13447,19616,10994
D28,"Ebondeath, Dracolich",mythic,B,4,Legendary Creature - Zombie Dragon,7120,4096,1253,801,1822,1113,4045,2182,3075,1914
D28,Eccentric Apprentice,uncommon,U,3,Creature - Tiefling Wizard,18896,10032,3889,2051,5625,3253,9382,4728,9514,5304
D28,Ellywick Tumblestrum,mythic,G,4,Legendary Planeswalker - Ellywick,5689,3039,918,491,1528,879,3243,1669,2446,1370
D28,Elturgard Ranger,common,G,5,Creature - Human Elf Ranger,55504,30501,10650,5862,15945,9015,28909,15624,26595,14877
D28,Evolving Wilds,common,,0,Land,99957,54760,21573,12167,25165,13337,53224,29260,46738,25504
D28,Eye of Vecna,rare,,2,Legendary Artifact,7346,3779,1329,633,1836,932,4181,2214,3165,1565
D28,Eyes of the Beholder,common,B,6,Instant,21887,11436,3519,1691,6154,3253,12214,6492,9673,4944
D28,Farideh's Fireball,common,R,5,Instant,75992,42226,14146,7587,20430,11438,41416,23201,34576,19025
D28,"Farideh, Devil's Chosen",uncommon,RU,4,Legendary Creature - Tiefling Warlock,11521,5889,2411,1186,3360,1718,5750,2985,5771,2904
D28,Fates' Reversal,common,B,2,Sorcery,43751,24157,7650,4022,12055,6816,24046,13319,19705,10838
D28,Feign Death,common,B,1,Instant,35844,20099,6230,3529,9590,5432,20024,11138,15820,8961
D28,Feywild Trickster,uncommon,U,3,Creature - Gnome Warlock,14393,7422,3120,1615,4262,2255,7011,3552,7382,3870
D28,Fifty Feet of Rope,uncommon,,1,Artifact,6905,3459,1239,564,1851,914,3816,1982,3090,1478
D28,Fighter Class,rare,RW,2,Enchantment - Class,6200,3235,1129,519,1448,741,3623,1975,2577,1260
D28,Find the Path,common,G,3,Enchantment - Aura,14720,7474,3087,1492,3981,1967,7652,4015,7068,3459
D28,Flameskull,mythic,R,3,Creature - Skeleton,8078,4592,1442,854,1892,1108,4744,2630,3334,1962
D28,Flumph,rare,W,2,Creature - Jellyfish,1797,893,329,152,435,214,1033,527,764,366
D28,Fly,uncommon,U,1,Enchantment - Aura,15978,8300,3060,1627,4606,2547,8312,4126,7666,4174
D28,Forsworn Paladin,rare,B,1,Creature - Human Knight,14555,8392,2611,1628,3720,2163,8224,4601,6331,3791
D28,Froghemoth,rare,G,5,Creature - Frog Horror,12940,7008,2120,1129,3579,2044,7241,3835,5699,3173
D28,Gelatinous Cube,rare,B,4,Creature - Ooze,15551,9055,2610,1653,4252,2725,8689,4677,6862,4378
D28,Gloom Stalker,common,W,3,Creature - Dwarf Ranger,16624,8428,3371,1632,4569,2324,8685,4472,7940,3956
D28,Gnoll Hunter,common,G,2,Creature - Gnoll,72494,39951,18965,10714,20221,11043,33308,18194,39186,21757
D28,Goblin Javelineer,common,R,1,Creature - Goblin Warrior,30021,16200,6633,3682,7138,3577,16253,8943,13771,7259
D28,Goblin Morningstar,uncommon,R,2,Artifact - Equipment,45995,25919,9210,5232,11259,6360,25526,14327,20469,11592
D28,Grand Master of Flowers,mythic,W,4,Legendary Planeswalker - Bahamut,6293,3473,1076,647,1575,932,3642,1894,2651,1579
D28,"Grazilaxx, Illithid Scholar",rare,U,3,Legendary Creature - Horror,8756,4641,1561,877,2446,1400,4749,2364,4007,2277
D28,Greataxe,common,,1,Artifact - Equipment,4761,2454,795,368,1177,588,2789,1498,1972,956
D28,Green Dragon,uncommon,G,6,Creature - Dragon,16811,8802,2718,1395,4719,2482,9374,4925,7437,3877
D28,Gretchen Titchwillow,uncommon,GU,2,Legendary Creature - Halfling Druid,10136,5258,2170,1135,3059,1702,4907,2421,5229,2837
D28,Grim Bounty,common,B,4,Sorcery,97399,55621,21392,12473,28499,17344,47508,25804,49891,29817
D28,Grim Wanderer,uncommon,B,2,Creature - Goblin Warlock,34127,19210,6269,3570,9092,5161,18767,10480,15361,8731
D28,Guardian of Faith,rare,W,3,Creature - Spirit Knight,9432,5023,1619,821,2417,1309,5396,2893,4036,2130
D28,Guild Thief,uncommon,U,2,Creature - Orc Rogue,13978,7092,2939,1462,3868,1948,7171,3682,6807,3410
D28,Half-Elf Monk,common,W,4,Creature - Human Elf Monk,39570,20759,7362,3682,10786,5703,21424,11375,18148,9385
D28,Hall of Storm Giants,rare,U,0,Land,7466,4017,1375,817,2009,1136,4082,2064,3384,1953
D28,"Hama Pashar, Ruin Seeker",uncommon,UW,3,Legendary Creature - Human Wizard,9682,4633,1895,825,2955,1471,4832,2337,4850,2296
D28,Hand of Vecna,rare,,3,Legendary Artifact - Equipment,12985,7067,2259,1242,3296,1793,7430,4032,5555,3035
D28,Herald of Hadar,common,B,5,Creature - Human Warlock,22270,11807,3694,1872,6144,3259,12432,6676,9838,5131
D28,Hill Giant Herdgorger,common,G,6,Creature - Giant,73484,40385,14310,7884,22261,12700,36914,19802,36571,20584
D28,Hired Hexblade,common,B,2,Creature - Elf Warlock,73060,41537,16565,9401,19689,11056,36810,21083,36254,20457
D28,Hive of the Eye Tyrant,rare,B,0,Land,12876,7334,2397,1432,3104,1763,7375,4139,5501,3195
D28,Hoard Robber,common,B,2,Creature - Tiefling Rogue,70856,39442,15862,9317,18652,10022,36343,20103,34514,19339
D28,Hoarding Ogre,common,R,4,Creature - Ogre,84405,47246,17464,9846,22475,12473,44466,24927,39939,22319
D28,Hobgoblin Bandit Lord,rare,R,3,Creature - Goblin Rogue,13297,7396,2336,1288,3100,1704,7862,4404,5436,2992
D28,Hobgoblin Captain,common,R,2,Creature - Goblin Barbarian,107301,60908,27593,16222,28396,15677,51316,29010,55989,31899
D28,Hulking Bugbear,uncommon,R,3,Creature - Goblin,41434,23350,7979,4539,10068,5616,23387,13195,18047,10155
D28,Hunter's Mark,uncommon,G,4,Instant,39861,22265,7411,4199,11024,6578,21426,11488,18435,10777
D28,"Icingdeath, Frost Tyrant",mythic,W,4,Legendary Creature - Dragon,6335,3524,1086,683,1611,964,3638,1877,2697,1647
D28,Improvised Weaponry,common,R,3,Sorcery,89722,50302,19267,10913,23072,12899,47383,26490,42339,23812
D28,Inferno of the Star Mounts,mythic,R,6,Legendary Creature - Dragon,7989,4618,1300,801,1975,1274,4714,2543,3275,2075
D28,Ingenious Smith,uncommon,W,2,Creature - Human Artificer,12189,6460,2512,1412,3034,1571,6643,3477,5546,2983
D28,Inspiring Bard,common,G,4,Creature - Elf Bard,56416,31242,11723,6382,15987,9090,28706,15770,27710,15472
D28,Instrument of the Bards,rare,G,1,Legendary Artifact,2144,1085,364,167,521,245,1259,673,885,412
D28,Intrepid Outlander,uncommon,G,2,Creature - Orc Ranger,35814,19936,7308,4229,9359,5236,19147,10471,16667,9465
D28,Iron Golem,uncommon,,4,Artifact Creature - Golem,7878,4198,1404,702,2087,1100,4387,2396,3491,1802
D28,"Iymrith, Desert Doom",mythic,U,5,Legendary Creature - Dragon,5846,3277,983,623,1741,1099,3122,1555,2724,1722
D28,Jaded Sell-Sword,common,R,4,Creature - Dragon Warrior,45112,25080,8623,4729,11542,6289,24949,14064,20165,11018
D28,"Kalain, Reclusive Painter",uncommon,BR,2,Legendary Creature - Human Elf Bard,39168,22800,8285,5231,10207,5881,20676,11688,18492,11112
D28,Keen-Eared Sentry,uncommon,W,2,Creature - Human Soldier,7359,3745,1372,706,1807,875,4180,2164,3179,1581
D28,Kick in the Door,common,R,1,Sorcery,4443,2203,827,397,1043,505,2573,1301,1870,902
D28,Krydle of Baldur's Gate,uncommon,BU,2,Legendary Creature - Human Elf Rogue,16739,9070,3421,1943,5061,2880,8257,4247,8482,4823
D28,Lair of the Hydra,rare,G,0,Land,11355,6438,2097,1256,2837,1652,6421,3530,4934,2908
D28,Leather Armor,common,,1,Artifact - Equipment,4917,2520,832,416,1195,567,2890,1537,2027,983
D28,Lightfoot Rogue,uncommon,B,2,Creature - Halfling Rogue,26373,14335,5215,2899,6782,3656,14376,7780,11997,6555
D28,Loathsome Troll,uncommon,G,5,Creature - Troll,13241,6764,2181,1023,3702,1873,7358,3868,5883,2896
D28,"Lolth, Spider Queen",mythic,B,5,Legendary Planeswalker - Lolth,7406,4385,1193,809,1974,1293,4239,2283,3167,2102
D28,Long Rest,rare,G,3,Sorcery,3209,1667,491,245,878,459,1840,963,1369,704
D28,Loyal Warhound,rare,W,2,Creature - Dog,11606,6348,2121,1239,2783,1548,6702,3561,4904,2787
D28,Lurking Roper,uncommon,G,3,Creature - Horror,33999,18922,7030,4032,9355,5318,17614,9572,16385,9350
D28,Magic Missile,uncommon,R,3,Sorcery,48028,27274,9210,5266,11813,6945,27005,15063,21023,12211
D28,Manticore,common,B,4,Creature - Manticore,36812,20013,6556,3384,10167,5586,20090,11043,16723,8970
D28,Meteor Swarm,rare,R,3,Sorcery,18980,11111,3092,1912,4733,3061,11155,6138,7825,4973
D28,Mimic,common,,2,Artifact - Treasure,3221,1575,639,298,821,382,1761,895,1460,680
D28,Mind Flayer,rare,U,5,Creature - Horror,11837,6748,1976,1222,3515,2327,6348,3199,5491,3549
D28,Minimus Containment,common,W,3,Enchantment - Aura,66940,35810,14666,7454,19815,10929,32459,17427,34481,18383
D28,Minion of the Mighty,rare,R,1,Creature - Kobold,527,254,99,40,117,52,311,162,216,92
D28,"Minsc, Beloved Ranger",mythic,GRW,3,Legendary Creature - Human Ranger,3251,1744,484,269,827,438,1940,1037,1311,707
D28,Monk Class,rare,UW,2,Enchantment - Class,3260,1506,607,270,967,476,1686,760,1574,746
D28,Monk of the Open Hand,uncommon,W,1,Creature - Elf Monk,10684,5518,2116,1103,2785,1450,5784,2965,4901,2553
D28,Moon-Blessed Cleric,uncommon,W,3,Creature - Human Elf Cleric,18143,9573,3306,1676,4823,2595,10015,5302,8129,4271
D28,Mordenkainen,mythic,U,6,Legendary Planeswalker - Mordenkainen,5717,3090,883,481,1719,1052,3115,1557,2602,1533
D28,Mordenkainen's Polymorph,common,U,2,Instant,1049,485,158,63,295,145,596,277,453,208
D28,"Nadaar, Selfless Paladin",rare,W,3,Legendary Creature - Dragon Knight,14439,8374,2627,1838,3718,2404,8094,4132,6345,4242
D28,Neverwinter Dryad,common,G,1,Creature - Dryad,19647,10242,4201,2216,5212,2639,10234,5387,9413,4855
D28,Ochre Jelly,rare,G,1,Creature - Ooze,14526,8055,2534,1423,3898,2285,8094,4347,6432,3708
D28,Old Gnawbone,mythic,G,7,Legendary Creature - Dragon,5829,3160,889,489,1690,995,3250,1676,2579,1484
D28,Orb of Dragonkind,rare,R,2,Artifact,486,241,81,40,111,44,294,157,192,84
D28,"Orcus, Prince of Undeath",rare,BR,4,Legendary Creature - Demon,17134,9962,2877,1769,4471,2880,9786,5313,7348,4649
D28,Oswald Fiddlebender,rare,W,2,Legendary Creature - Gnome Artificer,4134,2155,718,377,1028,506,2388,1272,1746,883
D28,Owlbear,common,G,5,Creature - Bird Bear,80669,44565,18728,10576,23694,13604,38247,20385,42422,24180
D28,Paladin Class,rare,W,1,Enchantment - Class,13538,7436,2449,1455,3790,2170,7299,3811,6239,3625
D28,Paladin's Shield,common,W,2,Artifact - Equipment,13885,7111,2470,1183,3534,1727,7883,4202,6004,2910
D28,Pixie Guide,common,U,2,Creature - Faerie,26919,13912,6576,3401,7656,4032,12687,6479,14232,7433
D28,Planar Ally,common,W,5,Creature - Angel,53641,28665,10512,5496,15824,8848,27307,14321,26336,14344
D28,Plate Armor,uncommon,W,3,Artifact - Equipment,37607,20300,7054,3808,10387,5777,20167,10716,17441,9585
D28,Plummet,common,G,2,Instant,1753,845,294,135,417,197,1042,513,711,332
D28,Plundering Barbarian,common,R,3,Creature - Dwarf Barbarian,100518,56954,22564,12867,25756,14550,52198,29537,48320,27417
D28,Portable Hole,uncommon,W,1,Artifact,29495,15991,5510,2917,7779,4322,16206,8752,13289,7239
D28,Potion of Healing,common,W,2,Artifact,15317,8169,3376,1790,4409,2467,7532,3912,7785,4257
D28,Power Word Kill,uncommon,B,2,Instant,43700,25181,8529,5095,11877,7419,23294,12667,20406,12514
D28,Power of Persuasion,uncommon,U,3,Sorcery,5275,2607,968,470,1488,766,2819,1371,2456,1236
D28,Precipitous Drop,common,B,3,Enchantment - Aura,77800,43083,18078,9983,22394,12899,37328,20201,40472,22882
D28,Price of Loyalty,common,R,3,Sorcery,69256,40618,17595,10445,21127,13027,30535,17147,38722,23472
D28,Priest of Ancient Lore,common,W,3,Creature - Dwarf Cleric,80262,44268,20153,11629,22075,12742,38034,19897,42228,24371
D28,Prosperous Innkeeper,uncommon,G,2,Creature - Halfling Citizen,30624,17037,6262,3724,8205,4714,16157,8599,14467,8438
D28,Purple Worm,uncommon,G,7,Creature - Worm,29642,15999,4820,2563,8381,4615,16441,8821,13201,7178
D28,Rally Maneuver,uncommon,W,3,Instant,23378,12477,3936,2025,6145,3351,13298,7102,10081,5376
D28,Ranger Class,rare,G,2,Enchantment - Class,16071,9392,2970,2049,4464,2795,8637,4548,7434,4844
D28,Ranger's Hawk,common,W,1,Creature - Bird,50426,27132,11083,6157,13132,7051,26211,13924,24215,13208
D28,Ranger's Longbow,common,G,2,Artifact - Equipment,8153,4139,1392,627,2148,1065,4614,2447,3540,1692
D28,Ray of Enfeeblement,uncommon,B,1,Instant,42044,24082,8016,4663,11197,6621,22831,12798,19213,11284
D28,Ray of Frost,uncommon,U,2,Enchantment - Aura,19967,10520,3914,2091,5860,3255,10193,5174,9774,5346
D28,Reaper's Talisman,uncommon,B,1,Artifact - Equipment,46344,26140,8734,5003,12534,7337,25076,13800,21268,12340
D28,Red Dragon,uncommon,R,6,Creature - Dragon,41610,23631,7042,4061,10821,6400,23747,13170,17863,10461
D28,Rimeshield Frost Giant,common,U,5,Creature - Giant Warrior,21235,10917,3939,2018,6348,3368,10949,5532,10287,5386
D28,Rogue Class,rare,BU,2,Enchantment - Class,4293,2074,696,288,1244,598,2354,1189,1940,886
D28,Rust Monster,uncommon,R,3,Creature - Beast,34643,19129,6677,3547,8321,4476,19645,11106,14998,8023
D28,Scaled Herbalist,common,G,2,Creature - Lizard Druid,9816,4970,1875,941,2605,1283,5336,2746,4480,2224
D28,Scion of Stygia,common,U,3,Creature - Tiefling Shaman,36688,19112,8553,4334,11447,6372,16688,8406,20000,10706
D28,Secret Door,common,U,1,Artifact Creature - Wall,15005,7561,2950,1421,4223,2159,7833,3982,7173,3580
D28,Sepulcher Ghoul,common,B,2,Creature - Zombie,92012,52780,23502,13869,25879,14795,42631,24116,49381,28664
D28,Shambling Ghast,common,B,1,Creature - Zombie,89208,50686,20526,12331,24257,13561,44425,24794,44783,25892
D28,"Shessra, Death's Whisper",uncommon,BG,4,Legendary Creature - Human Elf Warlock,13001,6879,2386,1200,3519,1876,7096,3803,5905,3076
D28,Shocking Grasp,common,U,2,Instant,9888,5057,1985,967,2770,1501,5133,2589,4755,2468
D28,Shortcut Seeker,common,U,4,Creature - Human Rogue,20829,10581,4268,2148,6242,3286,10319,5147,10510,5434
D28,Silver Raven,common,U,1,Artifact Creature - Bird,5542,2702,1233,622,1476,735,2833,1345,2709,1357
D28,Skeletal Swarming,rare,BG,5,Enchantment,15555,8349,2580,1384,4320,2447,8655,4518,6900,3831
D28,Skullport Merchant,uncommon,B,3,Creature - Dwarf Citizen,49409,28808,9989,6235,13007,7859,26413,14714,22996,14094
D28,Sorcerer Class,rare,RU,2,Enchantment - Class,331,142,70,21,89,41,172,80,159,62
D28,Soulknife Spy,common,U,3,Creature - Elf Rogue,37316,19601,9012,4813,11230,6017,17074,8771,20242,10830
D28,Spare Dagger,common,,1,Artifact - Equipment,13586,7234,2602,1380,3619,1902,7365,3952,6221,3282
D28,Sphere of Annihilation,rare,B,1,Artifact,3983,2031,676,330,1100,544,2207,1157,1776,874
D28,Spiked Pit Trap,common,,1,Artifact,28053,14737,4959,2439,7562,4080,15533,8218,12521,6519
D28,Split the Party,uncommon,U,5,Sorcery,4826,2466,728,362,1407,765,2691,1339,2135,1127
D28,Spoils of the Hunt,common,G,3,Instant,81534,45028,18858,10237,24501,14198,38175,20593,43359,24435
D28,Steadfast Paladin,common,W,2,Creature - Dwarf Knight,80690,44052,20820,12018,21979,12227,37892,19807,42799,24245
D28,Sudden Insight,uncommon,U,6,Instant,1273,599,183,71,365,179,725,349,548,250
D28,Swarming Goblins,common,R,5,Creature - Goblin,87540,49910,17630,10314,23811,13818,46099,25778,41441,24132
D28,Sylvan Shepherd,common,G,3,Creature - Human Druid,40751,21925,8932,4851,11312,6068,20507,11006,20244,10919
D28,"Targ Nar, Demon-Fang Gnoll",uncommon,GR,2,Legendary Creature - Gnoll,21490,12118,4823,2852,5350,3038,11317,6228,10173,5890
D28,Tasha's Hideous Laughter,rare,U,3,Sorcery,1216,552,210,79,394,182,612,291,604,261
D28,Teleportation Circle,rare,W,4,Enchantment,13261,7117,2320,1246,4184,2363,6757,3508,6504,3609
D28,Temple of the Dragon Queen,uncommon,,0,Land,42685,23434,8467,4753,10544,5596,23674,13085,19011,10349
D28,The Blackstaff of Waterdeep,rare,U,1,Legendary Artifact,1118,519,185,89,321,138,612,292,506,227
D28,The Book of Exalted Deeds,mythic,W,3,Legendary Artifact,1925,1025,272,152,571,318,1082,555,843,470
D28,The Book of Vile Darkness,mythic,B,3,Legendary Artifact,218,91,35,11,59,25,125,55,94,36
D28,The Deck of Many Things,mythic,,5,Legendary Artifact,6860,3651,1092,541,1828,988,3940,2122,2920,1529
D28,The Tarrasque,mythic,G,9,Legendary Creature - Dinosaur,3494,1844,541,289,1004,580,1949,975,1545,869
D28,Thieves' Tools,common,B,2,Artifact - Equipment,48678,26028,9319,4698,12803,6678,26556,14652,22122,11376
D28,Tiamat,mythic,BGRUW,7,Legendary Creature - Dragon God,669,327,100,51,192,94,377,182,292,145
D28,Tiger-Tribe Hunter,uncommon,R,5,Creature - Human Barbarian,37206,20848,6397,3466,9509,5184,21300,12198,15906,8650
D28,Treasure Chest,rare,,3,Artifact,2705,1255,430,163,717,326,1558,766,1147,489
D28,Treasure Vault,rare,,0,Artifact Land,1766,907,279,136,457,222,1030,549,736,358
D28,"Trelasarra, Moon Dancer",uncommon,GW,2,Legendary Creature - Elf Cleric,21964,12144,4825,2837,6264,3521,10875,5786,11089,6358
D28,Trickster's Talisman,uncommon,U,1,Artifact - Equipment,11006,5655,2000,961,3166,1696,5840,2998,5166,2657
D28,Triumphant Adventurer,rare,BW,2,Creature - Human Knight,10072,5551,1829,1146,2745,1609,5499,2796,4574,2755
D28,True Polymorph,rare,U,6,Instant,1154,525,166,65,344,157,644,303,510,222
D28,Underdark Basilisk,common,G,2,Creature - Basilisk,67856,36935,16362,8948,19188,10517,32306,17470,35550,19465
D28,Unexpected Windfall,common,R,4,Instant,37394,20296,6539,3303,9269,4899,21586,12094,15808,8202
D28,Valor Singer,common,R,3,Creature - Tiefling Bard,90560,51400,20680,12002,23301,13077,46579,26321,43981,25079
D28,Vampire Spawn,common,B,3,Creature - Vampire,68850,39502,16241,9490,19514,11619,33096,18393,35755,21109
D28,"Varis, Silverymoon Ranger",rare,G,3,Legendary Creature - Human Elf Ranger,13319,7468,2350,1457,3537,2158,7432,3853,5887,3615
D28,Veteran Dungeoneer,common,W,4,Creature - Human Warrior,55567,30088,12074,6719,16272,9231,27221,14138,28346,15950
D28,"Volo, Guide to Monsters",rare,GU,4,Legendary Creature - Human Wizard,9261,4874,1583,847,2723,1530,4956,2497,4306,2377
D28,Vorpal Sword,rare,B,1,Artifact - Equipment,12082,6518,2080,1108,3095,1678,6907,3732,5175,2786
D28,Wandering Troubadour,uncommon,G,4,Creature - Dragon Bard,32926,18142,6333,3576,8958,5000,17635,9566,15291,8576
D28,Warlock Class,uncommon,B,1,Enchantment - Class,40891,23768,7914,4849,10635,6391,22342,12528,18549,11240
D28,Werewolf Pack Leader,rare,G,2,Creature - Human Werewolf,12944,7267,2460,1544,3233,1849,7251,3874,5693,3393
D28,Westgate Regent,rare,B,5,Creature - Vampire,16123,9284,2795,1749,4334,2734,8994,4801,7129,4483
D28,White Dragon,uncommon,W,6,Creature - Dragon,29732,16199,5067,2735,8261,4856,16404,8608,13328,7591
D28,Wight,rare,B,2,Creature - Zombie Soldier,14448,8240,2704,1715,3581,2063,8163,4462,6285,3778
D28,Wild Shape,uncommon,G,1,Instant,5057,2724,840,456,1301,692,2916,1576,2141,1148
D28,Wish,rare,R,3,Sorcery,261,137,35,14,71,38,155,85,106,52
D28,Wizard Class,uncommon,U,1,Enchantment - Class,18555,9605,3612,1825,5258,2801,9686,4980,8870,4626
D28,Wizard's Spellbook,rare,U,7,Artifact,2929,1456,456,202,897,472,1576,782,1353,674
D28,"Xanathar, Guild Kingpin",mythic,BU,6,Legendary Creature - Beholder,7574,4129,1286,749,2155,1288,4133,2092,3441,2037
D28,Xorn,rare,R,3,Creature - Elemental,11092,6032,1957,1034,2602,1389,6533,3609,4559,2423
D28,You Come to a River,common,U,2,Instant,22214,11596,4200,2108,6468,3562,11547,5927,10668,5670
D28,You Come to the Gnoll Camp,common,R,2,Instant,15176,8174,2476,1249,3559,1866,9143,5061,6035,3115
D28,You Find Some Prisoners,uncommon,R,2,Instant,10966,5748,1986,945,2614,1352,6366,3451,4600,2297
D28,You Find a Cursed Idol,common,G,2,Sorcery,25220,13011,4549,2137,6597,3371,14075,7504,11146,5508
D28,You Find the Villains' Lair,common,U,3,Instant,9504,4824,1824,905,2702,1449,4978,2470,4526,2354
D28,You Happen On a Glade,uncommon,G,3,Instant,21899,11765,4102,2114,5803,3251,11994,6400,9905,5365
D28,You Hear Something on Watch,common,W,2,Instant,64357,35002,13975,7657,18119,10391,32264,16954,32094,18048
D28,You Meet in a Tavern,uncommon,G,4,Sorcery,18449,10013,3082,1609,4879,2646,10488,5758,7961,4255
D28,You See a Guard Approach,common,U,1,Instant,5306,2753,884,464,1496,815,2926,1474,2380,1279
D28,You See a Pair of Goblins,uncommon,R,3,Instant,32527,18245,6043,3263,7897,4379,18587,10603,13940,7642
D28,You're Ambushed on the Road,common,W,1,Instant,13511,7465,2342,1276,3729,2081,7440,4108,6071,3357
D28,Yuan-Ti Fang-Blade,common,B,3,Creature - Snake Rogue,73996,40708,16598,9192,20695,11364,36703,20152,37293,20556
D28,Yuan-Ti Malison,rare,U,2,Creature - Snake Rogue,9955,5469,1863,1205,2683,1574,5409,2690,4546,2779
D28,"Zalto, Fire Giant Duke",rare,R,5,Legendary Creature - Giant Barbarian,10323,5541,1642,874,2480,1327,6201,3340,4122,2201
D28,"Zariel, Archduke of Avernus",mythic,R,4,Legendary Planeswalker - Zariel,7352,4280,1265,806,1733,1076,4354,2398,2998,1882
D28,Zombie Ogre,common,B,5,Creature - Zombie Ogre,52439,28689,9531,5108,14866,8196,28044,15386,24397,13304
