window,card,deck_n,deck_w,oh_n,oh_w,gd_n,gd_w,gnd_n,gnd_w,gih_n,gih_w,rarity,colors,mana_value,types
D3,"Aegar, the Freezing Flame",4611,2590,845,471,1191,655,2575,1464,2036,1126,,,,
D3,Aerial Boost,14108,7904,2507,1426,3407,1919,8194,4559,5914,3345,common,W,2.0,Instant
D3,Aetherblade Agent,26005,14409,5465,3018,7081,3982,13459,7409,12546,7000,common,BU,2.0,Creature - Human Rogue
D3,Akki Scrapchomper,3787,2044,765,435,920,475,2102,1134,1685,910,common,R,1.0,Creature - Phyrexian Goblin
D3,Alabaster Host Intercessor,24460,13412,4899,2683,6070,3449,13491,7280,10969,6132,common,W,6.0,Creature - Phyrexian Samurai
D3,Alabaster Host Sanctifier,18612,10179,4095,2284,4528,2404,9989,5491,8623,4688,common,W,2.0,Creature - Phyrexian Cleric
D3,"Anafenza, Kin-Tree Spirit",2708,1527,463,276,598,313,1647,938,1061,589,,,,
D3,Ancient Imperiosaur,4553,2592,727,434,1111,682,2715,1476,1838,1116,rare,G,7.0,Creature - Dinosaur
D3,Angelic Intervention,20187,11190,3758,2078,4915,2824,11514,6288,8673,4902,common,W,2.0,Instant
D3,Arachnoid Adaptation,7782,4368,1301,750,1730,1019,4751,2599,3031,1769,common,G,1.0,Instant
D3,Archangel Elspeth,2471,1409,401,236,562,363,1508,810,963,599,mythic,W,4.0,Legendary Planeswalker - Elspeth
D3,Archpriest of Shadows,4828,2742,805,482,1256,762,2767,1498,2061,1244,rare,B,5.0,Creature - Human Warlock
D3,"Arixmethes, Slumbering Isle",1095,577,178,93,264,133,653,351,442,226,,,,
D3,Artistic Refusal,12740,7376,2219,1322,3515,2111,7006,3943,5734,3433,uncommon,U,6.0,Instant
D3,Assimilate Essence,11394,6387,2314,1292,3036,1747,6044,3348,5350,3039,common,U,2.0,Instant
D3,Astral Wingspan,8364,4635,1410,747,2140,1248,4814,2640,3550,1995,uncommon,U,5.0,Enchantment - Aura
D3,Atraxa's Fall,4730,2387,775,364,1100,562,2855,1461,1875,926,common,G,2.0,Sorcery
D3,"Atraxa, Praetors' Voice",908,525,158,97,240,163,510,265,398,260,,,,
D3,"Atris, Oracle of Half-Truths",3005,1726,542,320,827,515,1636,891,1369,835,,,,
D3,Attentive Skywarden,10742,5714,2208,1093,2670,1417,5864,3204,4878,2510,common,W,3.0,Creature - Phyrexian Kor
D3,"Aurelia, the Warleader",786,431,129,71,166,87,491,273,295,158,,,,
D3,"Ayara, First of Locthwain",1162,631,183,99,286,148,693,384,469,247,,,,
D3,"Ayara, Widow of the Realm",4867,2744,865,474,1233,733,2769,1537,2098,1207,rare,BR,3.0,Legendary Creature - Elf Noble
D3,Baral and Kari Zev,3256,1822,616,365,852,480,1788,977,1468,845,rare,RU,3.0,Legendary Creature - Human
D3,"Baral, Chief of Compliance",1792,1009,338,194,454,249,1000,566,792,443,,,,
D3,Beamtown Beatstick,8038,4276,1513,868,1890,957,4635,2451,3403,1825,common,R,1.0,Artifact - Equipment
D3,Bladed Battle-Fan,6309,3425,1067,540,1577,903,3665,1982,2644,1443,common,B,2.0,Artifact - Equipment
D3,Blighted Burgeoning,13478,7408,2850,1624,3435,1937,7193,3847,6285,3561,common,G,3.0,Enchantment - Aura
D3,Blightreaper Thallid,17475,9974,3676,2256,4750,2771,9049,4947,8426,5027,uncommon,BG,2.0,Creature - Fungus
D3,Bloated Processor,4826,2771,896,541,1218,734,2712,1496,2114,1275,rare,B,3.0,Creature - Phyrexian
D3,Bloodfeather Phoenix,2981,1639,570,322,709,377,1702,940,1279,699,rare,R,2.0,Creature - Phoenix
D3,Bloodfell Caves,11236,6091,2322,1351,2868,1511,6046,3229,5190,2862,common,BR,0.0,Land
D3,Blossoming Sands,11799,6477,2431,1384,2757,1490,6611,3603,5188,2874,common,GW,0.0,Land
D3,Bola Slinger,15651,8660,3139,1781,3836,2199,8676,4680,6975,3980,common,W,4.0,Creature - Cat Soldier
D3,Bonded Herdbeast,8616,4486,1417,710,2247,1211,4952,2565,3664,1921,common,GR,5.0,Creature - Beast
D3,Boon-Bringer Valkyrie,5150,2996,890,569,1200,820,3060,1607,2090,1389,rare,W,5.0,Creature - Angel Warrior
D3,Borborygmos and Fblthp,1821,1063,302,197,481,299,1038,567,783,496,mythic,GRU,5.0,Legendary Creature - Cyclops Homunculus
D3,Botanical Brawler,8618,4686,2038,1205,2269,1217,4311,2264,4307,2422,uncommon,GW,2.0,Creature - Elemental Warrior
D3,Breach the Multiverse,5254,3052,833,506,1424,943,2997,1603,2257,1449,rare,B,7.0,Sorcery
D3,"Brudiclad, Telchor Engineer",2485,1353,400,222,664,391,1421,740,1064,613,,,,
D3,Burning Sun's Fury,2102,1052,334,165,496,259,1272,628,830,424,common,R,2.0,Instant
D3,Captain Lannery Storm,2393,1326,448,253,537,328,1408,745,985,581,,,,
D3,Captive Weird,17353,10218,3700,2300,4869,2929,8784,4989,8569,5229,uncommon,RU,1.0,Creature - Weird
D3,"Chandra, Hope's Beacon",2225,1308,407,258,538,366,1280,684,945,624,mythic,R,6.0,Legendary Planeswalker - Chandra
D3,Change the Equation,1482,761,259,121,395,226,828,414,654,347,uncommon,U,2.0,Instant
D3,Chomping Kavu,16118,8914,3306,1809,3989,2245,8823,4860,7295,4054,common,G,4.0,Creature - Kavu
D3,Chrome Host Seedshark,5561,3301,1014,688,1460,925,3087,1688,2474,1613,rare,U,3.0,Creature - Phyrexian Shark
D3,City on Fire,1784,965,259,142,451,249,1074,574,710,391,rare,R,8.0,Enchantment
D3,Collective Nightmare,17432,9943,3328,1965,4640,2824,9464,5154,7968,4789,uncommon,B,3.0,Instant
D3,Coming In Hot,4187,2153,718,351,1020,516,2449,1286,1738,867,common,R,1.0,Instant
D3,Compleated Huntmaster,13582,7474,2586,1363,3532,1974,7464,4137,6118,3337,uncommon,B,3.0,Creature - Phyrexian Elf Warrior
D3,Complete the Circuit,379,195,55,23,91,39,233,133,146,62,rare,U,6.0,Instant
D3,Consuming Aetherborn,7950,4235,1390,741,2095,1157,4465,2337,3485,1898,common,B,4.0,Creature - Aetherborn Vampire
D3,Converter Beast,12487,7017,2513,1386,3240,1866,6734,3765,5753,3252,common,G,4.0,Creature - Phyrexian Beast
D3,Copper Host Crusher,3333,1736,521,265,832,449,1980,1022,1353,714,uncommon,G,8.0,Creature - Phyrexian Bear Rhino
D3,Corrupted Conviction,7704,4171,1345,710,2003,1080,4356,2381,3348,1790,common,B,1.0,Instant
D3,Corruption of Towashi,8992,4890,1557,820,2376,1349,5059,2721,3933,2169,uncommon,U,5.0,Enchantment
D3,Cosmic Hunger,22264,12445,4650,2621,5724,3328,11890,6496,10374,5949,common,G,2.0,Instant
D3,Crystal Carapace,816,376,144,62,176,78,496,236,320,140,common,G,4.0,Enchantment - Aura
D3,Cut Short,14756,8019,2820,1554,3549,1973,8387,4492,6369,3527,common,W,3.0,Instant
D3,"Daxos, Blessed by the Sun",7171,3884,1217,640,1563,843,4391,2401,2780,1483,,,,
D3,Deadly Derision,27074,15347,5839,3380,7598,4685,13638,7283,13437,8065,common,B,4.0,Instant
D3,Deeproot Wayfinder,4103,2275,766,452,958,520,2379,1303,1724,972,rare,G,2.0,Creature - Merfolk Scout
D3,"Dina, Soul Steeper",2121,1123,366,175,478,247,1277,701,844,422,,,,
D3,Dismal Backwater,14858,8449,3042,1816,3899,2223,7917,4410,6941,4039,common,BU,0.0,Land
D3,Disturbing Conversion,6029,3295,1207,623,1695,950,3127,1722,2902,1573,common,U,2.0,Enchantment - Aura
D3,Djeru and Hazoret,1916,1003,290,151,466,255,1160,597,756,406,rare,RW,5.0,Legendary Creature - Human God
D3,Doomskar Warrior,4762,2676,827,509,1164,701,2771,1466,1991,1210,rare,G,4.0,Creature - Human Warrior
D3,Drana and Linvala,2508,1314,421,229,606,333,1481,752,1027,562,rare,BW,4.0,Legendary Creature - Vampire Angel
D3,Dreg Recycler,11491,6153,2307,1190,2973,1637,6211,3326,5280,2827,common,B,2.0,Creature - Phyrexian Beast
D3,Dusk Legion Duelist,4071,2222,800,468,885,487,2386,1267,1685,955,rare,W,2.0,Creature - Vampire Soldier
D3,Elesh Norn,2315,1313,425,254,521,335,1369,724,946,589,mythic,W,4.0,Legendary Creature - Phyrexian Praetor
D3,"Elesh Norn, Grand Cenobite",1648,1002,253,176,409,296,986,530,662,472,,,,
D3,Elspeth's Smite,10501,5708,2016,1081,2393,1303,6092,3324,4409,2384,uncommon,W,1.0,Instant
D3,Elvish Vatkeeper,10549,5975,2250,1328,2865,1723,5434,2924,5115,3051,uncommon,BG,3.0,Creature - Phyrexian Elf
D3,"Emry, Lurker of the Loch",131,70,20,12,28,17,83,41,48,29,,,,
D3,Enduring Bondwarden,10266,5633,2238,1261,2387,1252,5641,3120,4625,2513,common,W,1.0,Creature - Human Scout
D3,Ephara's Dispersal,24106,14223,5323,3230,6663,4151,12120,6842,11986,7381,common,U,3.0,Instant
D3,Errant and Giada,2916,1618,521,282,672,376,1723,960,1193,658,rare,UW,3.0,Legendary Creature - Human Angel
D3,"Etali, Primal Conqueror",4857,2830,779,499,1334,873,2744,1458,2113,1372,rare,GR,7.0,Legendary Creature - Elder Dinosaur
D3,Etched Familiar,15449,8301,3435,1810,4166,2344,7848,4147,7601,4154,common,B,3.0,Artifact Creature - Phyrexian Fox
D3,Etched Host Doombringer,6633,3484,1067,554,1805,966,3761,1964,2872,1520,common,B,5.0,Creature - Phyrexian Demon
D3,Expedition Lookout,6674,3608,1377,738,1817,1016,3480,1854,3194,1754,common,U,2.0,Creature - Merfolk Rogue
D3,Eyes of Gitaxias,15496,8902,3440,1957,4292,2604,7764,4341,7732,4561,common,U,3.0,Sorcery
D3,"Ezuri, Claw of Progress",991,506,147,71,267,130,577,305,414,201,,,,
D3,Faerie Mastermind,5105,3032,943,597,1247,772,2915,1663,2190,1369,rare,U,2.0,Creature - Faerie Rogue
D3,Failed Conversion,11561,6174,1947,1019,3003,1645,6611,3510,4950,2664,common,B,5.0,Enchantment - Aura
D3,Fearless Skald,9945,5498,1658,937,2491,1454,5796,3107,4149,2391,uncommon,R,5.0,Creature - Dwarf Berserker
D3,Fertilid's Favor,7504,4038,1342,720,1843,1029,4319,2289,3185,1749,common,G,4.0,Instant
D3,Final Flourish,27417,15576,6011,3444,7489,4476,13917,7656,13500,7920,common,B,2.0,Instant
D3,Firesong and Sunspeaker,396,211,61,25,73,36,262,150,134,61,,,,
D3,"Firja, Judge of Valor",5621,3003,911,457,1432,814,3278,1732,2343,1271,,,,
D3,Flitting Guerrilla,9194,4971,1892,982,2392,1315,4910,2674,4284,2297,common,B,3.0,Creature - Faerie Rogue
D3,Flywheel Racer,7813,4270,1500,811,1782,981,4531,2478,3282,1792,common,,2.0,Artifact - Vehicle
D3,Furnace Gremlin,10584,5734,2123,1124,2641,1402,5820,3208,4764,2526,uncommon,R,2.0,Creature - Phyrexian Gremlin
D3,Furnace Host Charger,15769,8417,2899,1475,3957,2090,8913,4852,6856,3565,common,R,6.0,Creature - Phyrexian Giant
D3,Furnace Reins,5389,2971,1150,670,1492,899,2747,1402,2642,1569,uncommon,R,3.0,Sorcery
D3,Furtive Analyst,3735,1829,716,334,968,496,2051,999,1684,830,common,U,3.0,Creature - Human Wizard
D3,"Fynn, the Fangbearer",10264,5698,1920,1147,2376,1276,5968,3275,4296,2423,,,,
D3,Ghalta and Mavren,3407,1936,530,285,828,551,2049,1100,1358,836,rare,GW,7.0,Legendary Creature - Dinosaur Vampire
D3,Gift of Compleation,10513,5760,2160,1197,2631,1438,5722,3125,4791,2635,uncommon,B,2.0,Enchantment
D3,"Glissa, Herald of Predation",4998,2899,872,547,1328,902,2798,1450,2200,1449,rare,BG,5.0,Legendary Creature - Phyrexian Zombie Elf
D3,Glistening Dawn,5176,2997,895,559,1241,805,3040,1633,2136,1364,rare,G,4.0,Sorcery
D3,Glistening Deluge,1374,727,212,110,356,187,806,430,568,297,uncommon,B,3.0,Sorcery
D3,Gloomfang Mauler,19487,10668,3643,1906,5162,2948,10682,5814,8805,4854,common,B,7.0,Creature - Nightmare
D3,Gnottvold Hermit,11303,6166,2119,1124,3014,1617,6170,3425,5133,2741,uncommon,GU,4.0,Creature - Troll
D3,Golden-Scale Aeronaut,8932,4780,1545,815,2174,1209,5213,2756,3719,2024,common,W,5.0,Creature - Dwarf Pilot
D3,"Goreclaw, Terror of Qal Sisma",2152,1161,380,194,503,282,1269,685,883,476,,,,
D3,Grafted Butcher,4704,2617,904,520,1136,666,2664,1431,2040,1186,rare,B,2.0,Creature - Phyrexian Samurai
D3,"Grimgrin, Corpse-Born",1316,759,188,100,352,223,776,436,540,323,,,,
D3,Guardian of Ghirapur,4783,2729,834,492,1123,677,2826,1560,1957,1169,rare,W,3.0,Creature - Angel
D3,"Gyruda, Doom of Depths",3324,1890,506,288,851,529,1970,1075,1357,817,,,,
D3,Halo Forager,11515,6662,2600,1493,3392,2099,5523,3070,5992,3592,uncommon,BU,3.0,Creature - Faerie Rogue
D3,Halo Hopper,4306,2330,829,436,1045,535,2432,1359,1874,971,common,,3.0,Artifact Creature - Frog
D3,Halo-Charged Skaab,5326,2953,885,438,1490,876,2951,1639,2375,1314,common,U,5.0,Creature - Zombie
D3,Hangar Scrounger,12587,6855,2678,1466,2953,1616,6956,3773,5631,3082,common,R,3.0,Creature - Dwarf Pilot
D3,Harried Artisan,10492,5624,2110,1104,2616,1421,5766,3099,4726,2525,uncommon,RW,3.0,Creature - Human Artificer
D3,"Heliod, the Radiant Dawn",3378,1776,554,266,822,407,2002,1103,1376,673,rare,UW,4.0,Legendary Enchantment Creature - God
D3,Herbology Instructor,15413,8691,3179,1792,4130,2430,8104,4469,7309,4222,uncommon,BG,2.0,Creature - Treefolk Druid
D3,Hidetsugu and Kairi,4260,2522,689,424,1235,812,2336,1286,1924,1236,rare,BU,5.0,Legendary Creature - Ogre Demon Dragon
D3,Hoarding Broodlord,5154,3016,794,507,1373,895,2987,1614,2167,1402,rare,B,8.0,Creature - Dragon
D3,"Horobi, Death's Wail",1650,876,281,150,439,236,930,490,720,386,,,,
D3,Ichor Drinker,18490,10430,3935,2334,4821,2661,9734,5435,8756,4995,common,B,1.0,Creature - Phyrexian Vampire
D3,Ichor Shade,8719,4557,1794,914,2255,1182,4670,2461,4049,2096,common,B,3.0,Creature - Phyrexian Shade
D3,"Imoti, Celebrant of Bounty",6296,3618,1099,662,1711,1043,3486,1913,2810,1705,,,,
D3,Infected Defector,7863,4012,1360,662,1879,927,4624,2423,3239,1589,common,W,5.0,Creature - Phyrexian Knight
D3,Inga Rune-Eyes,7845,4551,1344,767,1966,1199,4535,2585,3310,1966,,,,
D3,Inga and Esika,3070,1649,536,290,803,449,1731,910,1339,739,rare,GU,4.0,Legendary Creature - Human God
D3,Inspired Charge,3446,1848,512,270,778,412,2156,1166,1290,682,common,W,4.0,Instant
D3,Into the Fire,1924,967,337,160,463,230,1124,577,800,390,rare,R,3.0,Sorcery
D3,Invasion of Alara,1592,857,276,154,494,294,822,409,770,448,rare,BGRUW,5.0,Battle - Siege
D3,Invasion of Amonkhet,9442,5528,1993,1248,2824,1791,4625,2489,4817,3039,uncommon,BU,3.0,Battle - Siege
D3,Invasion of Arcavios,446,218,68,27,104,53,274,138,172,80,rare,U,5.0,Battle - Siege
D3,Invasion of Azgol,6641,3587,1452,863,1824,1046,3365,1678,3276,1909,uncommon,BR,2.0,Battle - Siege
D3,Invasion of Belenon,11003,5838,2122,1097,2472,1241,6409,3500,4594,2338,uncommon,W,3.0,Battle - Siege
D3,Invasion of Dominaria,7993,4303,1422,767,1861,994,4710,2542,3283,1761,uncommon,W,3.0,Battle - Siege
D3,Invasion of Eldraine,7972,4464,1427,783,2190,1293,4355,2388,3617,2076,uncommon,B,4.0,Battle - Siege
D3,Invasion of Ergamon,5033,2617,1037,559,1321,647,2675,1411,2358,1206,uncommon,GR,2.0,Battle - Siege
D3,Invasion of Fiora,5393,3146,886,538,1472,938,3035,1670,2358,1476,rare,B,6.0,Battle - Siege
D3,Invasion of Gobakhan,3413,1838,620,388,806,416,1987,1034,1426,804,rare,W,2.0,Battle - Siege
D3,Invasion of Ikoria,3119,1693,526,281,804,472,1789,940,1330,753,rare,G,2.0,Battle - Siege
D3,Invasion of Innistrad,2442,1409,384,233,672,439,1386,737,1056,672,mythic,B,4.0,Battle - Siege
D3,Invasion of Ixalan,4331,2481,793,497,1091,659,2447,1325,1884,1156,rare,G,2.0,Battle - Siege
D3,Invasion of Kaladesh,3783,2116,800,443,1050,593,1933,1080,1850,1036,uncommon,RU,2.0,Battle - Siege
D3,Invasion of Kaldheim,3351,1736,544,242,846,448,1961,1046,1390,690,rare,R,4.0,Battle - Siege
D3,Invasion of Kamigawa,9029,4802,1630,774,2446,1269,4953,2759,4076,2043,uncommon,U,4.0,Battle - Siege
D3,Invasion of Karsus,3440,1854,595,335,864,499,1981,1020,1459,834,rare,R,4.0,Battle - Siege
D3,Invasion of Kylem,3491,1766,613,285,851,412,2027,1069,1464,697,uncommon,RW,4.0,Battle - Siege
D3,Invasion of Lorwyn,10671,5854,1854,963,3070,1778,5747,3113,4924,2741,uncommon,BG,6.0,Battle - Siege
D3,Invasion of Mercadia,11980,6679,2354,1350,2998,1706,6628,3623,5352,3056,uncommon,R,2.0,Battle - Siege
D3,Invasion of Moag,7658,3979,1391,663,1944,1015,4323,2301,3335,1678,uncommon,GW,4.0,Battle - Siege
D3,Invasion of Muraganda,10114,5463,1732,907,2807,1552,5575,3004,4539,2459,uncommon,G,5.0,Battle - Siege
D3,Invasion of New Capenna,6401,3328,1172,586,1605,879,3624,1863,2777,1465,uncommon,BW,2.0,Battle - Siege
D3,Invasion of New Phyrexia,2745,1631,448,305,702,474,1595,852,1150,779,mythic,UW,2.0,Battle - Siege
D3,Invasion of Pyrulea,5284,2887,1088,629,1525,837,2671,1421,2613,1466,uncommon,GU,2.0,Battle - Siege
D3,Invasion of Ravnica,2966,1716,469,267,797,489,1700,960,1266,756,mythic,,5.0,Battle - Siege
D3,Invasion of Regatha,7894,4164,1495,777,2058,1097,4341,2290,3553,1874,uncommon,R,3.0,Battle - Siege
D3,Invasion of Segovia,4935,2862,892,565,1308,773,2735,1524,2200,1338,rare,U,3.0,Battle - Siege
D3,Invasion of Shandalar,1244,640,186,86,348,196,710,358,534,282,mythic,G,5.0,Battle - Siege
D3,Invasion of Tarkir,2118,1182,391,218,491,302,1236,662,882,520,mythic,R,2.0,Battle - Siege
D3,Invasion of Theros,807,406,127,58,203,98,477,250,330,156,rare,UW,3.0,Battle - Siege
D3,Invasion of Tolvada,3967,2155,605,342,1057,644,2305,1169,1662,986,rare,BW,5.0,Battle - Siege
D3,Invasion of Ulgrotha,12547,6851,2177,1162,3497,1994,6873,3695,5674,3156,uncommon,B,5.0,Battle - Siege
D3,Invasion of Vryn,9253,5195,1632,888,2467,1369,5154,2938,4099,2257,uncommon,U,4.0,Battle - Siege
D3,Invasion of Xerex,8755,4909,1740,975,2273,1278,4742,2656,4013,2253,uncommon,UW,4.0,Battle - Siege
D3,Invasion of Zendikar,12221,6723,2273,1310,3287,1795,6661,3618,5560,3105,uncommon,G,4.0,Battle - Siege
D3,Iridescent Blademaster,11268,6042,2362,1248,2652,1430,6254,3364,5014,2678,common,G,2.0,Creature - Elf Warrior
D3,"Jegantha, the Wellspring",890,475,144,75,212,115,537,288,356,190,,,,
D3,Jin-Gitaxias,2169,1237,355,194,629,374,1185,669,984,568,mythic,U,5.0,Legendary Creature - Phyrexian Praetor
D3,"Jin-Gitaxias, Core Augur",161,72,21,5,41,19,99,48,62,24,,,,
D3,Joyful Stormsculptor,7246,4064,1454,800,2106,1238,3686,2026,3560,2038,uncommon,RU,5.0,Creature - Human Shaman
D3,"Judith, the Scourge Diva",1908,1029,324,173,480,261,1104,595,804,434,,,,
D3,Jungle Hollow,14067,7843,2923,1677,3540,1940,7604,4226,6463,3617,common,BG,0.0,Land
D3,"Juri, Master of the Revue",5613,3022,1011,540,1471,792,3131,1690,2482,1332,,,,
D3,"Kaheera, the Orphanguard",850,420,142,70,191,93,517,257,333,163,,,,
D3,Kami of Whispered Hopes,12232,6711,2471,1365,2929,1615,6832,3731,5400,2980,uncommon,G,3.0,Creature - Spirit
D3,Karsus Depthguard,5516,2796,1183,601,1292,627,3041,1568,2475,1228,common,R,3.0,Creature - Lizard Warrior
D3,"Kenrith, the Returned King",1690,958,272,164,415,237,1003,557,687,401,,,,
D3,"Keruga, the Macrosage",2762,1559,431,226,703,412,1629,921,1134,638,,,,
D3,Khenra Spellspear,14820,8182,3189,1842,3700,2011,7931,4329,6889,3853,uncommon,RU,2.0,Creature - Jackal Warrior
D3,Kitesail,5334,2824,900,465,1153,618,3281,1741,2053,1083,common,,2.0,Artifact - Equipment
D3,Kithkin Billyrider,13486,7295,2877,1522,3149,1639,7460,4134,6026,3161,common,W,3.0,Creature - Kithkin Knight
D3,Knight of the New Coalition,15990,8884,3384,1954,4005,2222,8601,4708,7389,4176,common,W,4.0,Creature - Human Knight
D3,Knight-Errant of Eos,4558,2517,763,428,1089,647,2706,1442,1852,1075,rare,W,5.0,Creature - Human Knight
D3,Kogla and Yidaro,3433,1921,602,370,809,529,2022,1022,1411,899,rare,GR,6.0,Legendary Creature - Ape Dinosaur Turtle
D3,Kor Halberd,10304,5624,1869,1042,2314,1223,6121,3359,4183,2265,common,W,1.0,Artifact - Equipment
D3,Kroxa and Kunoros,1467,805,201,105,392,245,874,455,593,350,mythic,BRW,6.0,Legendary Creature - Elder Giant Dog
D3,"Kroxa, Titan of Death's Hunger",1059,587,172,103,291,176,596,308,463,279,,,,
D3,"Kwende, Pride of Femeref",4206,2307,701,372,943,474,2562,1461,1644,846,,,,
D3,"Lathiel, the Bounteous Dawn",1129,591,203,101,243,127,683,363,446,228,,,,
D3,Lithomantic Barrage,3030,1628,510,275,726,399,1794,954,1236,674,uncommon,R,1.0,Sorcery
D3,Lurrus of the Dream-Den,3441,1997,594,347,853,532,1994,1118,1447,879,,,,
D3,"Lutri, the Spellchaser",1068,605,158,86,275,156,638,364,433,242,,,,
D3,Marauding Dreadship,12507,7003,2771,1555,3249,1844,6487,3604,6020,3399,common,R,3.0,Artifact - Vehicle
D3,Marshal of Zhalfir,10077,5886,2483,1604,2632,1546,4962,2736,5115,3150,uncommon,UW,2.0,Creature - Human Knight
D3,Meeting of Minds,18707,10629,3739,2071,4979,2897,9989,5661,8718,4968,common,U,4.0,Instant
D3,Merciless Repurposing,14805,8288,2449,1371,3859,2304,8497,4613,6308,3675,uncommon,B,6.0,Instant
D3,Mirran Banesplitter,3155,1630,605,307,715,372,1835,951,1320,679,common,R,1.0,Artifact - Equipment
D3,Mirrodin Avenged,4135,2129,667,343,1022,525,2446,1261,1689,868,common,B,1.0,Instant
D3,Mirror-Shield Hoplite,5671,3075,1393,784,1414,746,2864,1545,2807,1530,uncommon,RW,2.0,Creature - Human Soldier
D3,Moment of Truth,6329,3453,1187,628,1670,925,3472,1900,2857,1553,common,U,2.0,Instant
D3,Monastery Mentor,2371,1322,438,256,569,320,1364,746,1007,576,mythic,W,3.0,Creature - Human Monk
D3,Mutagen Connoisseur,4558,2423,963,507,1292,723,2303,1193,2255,1230,uncommon,GU,3.0,Creature - Vedalken Mutant
D3,Nahiri's Warcrafting,4306,2317,678,374,1041,594,2587,1349,1719,968,rare,R,3.0,Sorcery
D3,Negate,1805,929,265,124,443,240,1097,565,708,364,common,U,2.0,Instant
D3,Nezumi Freewheeler,11688,6281,2190,1139,3092,1671,6406,3471,5282,2810,uncommon,BW,4.0,Creature - Rat Samurai
D3,Nezumi Informant,20692,11702,4789,2776,5717,3281,10186,5645,10506,6057,common,B,2.0,Creature - Rat Rogue
D3,Niv-Mizzet Reborn,304,153,40,20,69,42,195,91,109,62,,,,
D3,Norn's Inquisitor,14148,8120,3017,1937,3489,2057,7642,4126,6506,3994,uncommon,W,2.0,Creature - Phyrexian Knight
D3,"Obosh, the Preypiercer",2184,1185,379,194,516,304,1292,689,895,498,,,,
D3,Oculus Whelp,6205,3273,1205,582,1646,882,3354,1809,2851,1464,common,U,4.0,Creature - Phyrexian Dragon
D3,Omen Hawker,5725,3262,1083,632,1486,838,3156,1792,2569,1470,uncommon,U,1.0,Creature - Octopus Advisor
D3,"Omnath, Locus of All",1044,526,188,90,266,125,590,311,454,215,rare,BGRUW,5.0,Legendary Creature - Phyrexian Elemental
D3,Onakke Javelineer,10637,5628,1843,972,2616,1391,6178,3265,4459,2363,common,R,5.0,Creature - Ogre Spirit
D3,Oracle of Tragedy,10227,5727,2141,1163,2595,1446,5491,3118,4736,2609,uncommon,U,2.0,Creature - Human Wizard
D3,Order of the Mirror,23626,13295,5325,2951,6333,3483,11968,6861,11658,6434,common,UW,2.0,Creature - Human Knight
D3,Overgrown Pest,22675,12729,5197,2940,5732,3333,11746,6456,10929,6273,common,G,3.0,Creature - Pest
D3,"Ozolith, the Shattered Spire",4291,2358,802,483,1008,567,2481,1308,1810,1050,rare,G,2.0,Legendary Artifact
D3,Phyrexian Archivist,795,417,110,54,174,89,511,274,284,143,common,,6.0,Artifact Creature - Phyrexian Construct
D3,Phyrexian Awakening,10301,5559,1990,1090,2480,1358,5831,3111,4470,2448,uncommon,W,3.0,Enchantment
D3,Phyrexian Censor,7422,4004,1591,868,1826,1000,4005,2136,3417,1868,uncommon,W,3.0,Creature - Phyrexian Wizard
D3,Phyrexian Gargantua,13548,7537,2276,1271,3545,1998,7727,4268,5821,3269,uncommon,B,6.0,Creature - Phyrexian Horror
D3,Pile On,5054,2904,846,517,1346,868,2862,1519,2192,1385,rare,B,4.0,Instant
D3,Placid Rottentail,7078,3737,1400,768,1641,795,4037,2174,3041,1563,common,G,1.0,Creature - Fungus Rabbit
D3,Polukranos Reborn,4387,2492,794,487,1145,693,2448,1312,1939,1180,rare,GW,3.0,Legendary Creature - Hydra
D3,Portent Tracker,18988,10481,4162,2447,4656,2420,10170,5614,8818,4867,common,G,2.0,Creature - Satyr Scout
D3,Preening Champion,29054,17245,7155,4584,8361,5132,13538,7529,15516,9716,common,U,3.0,Creature - Bird Knight
D3,Progenitor Exarch,4510,2465,757,430,1038,586,2715,1449,1795,1016,rare,W,1.0,Creature - Phyrexian Cat Cleric
D3,Protocol Knight,12284,6979,2690,1518,3270,1849,6324,3612,5960,3367,common,U,4.0,Creature - Human Knight
D3,Pyretic Prankster,16862,9004,3511,1758,4233,2225,9118,5021,7744,3983,common,BR,2.0,Creature - Devil
D3,"Quintorius, Loremaster",3196,1772,540,291,760,464,1896,1017,1300,755,rare,RW,5.0,Legendary Creature - Elephant Cleric
D3,"Radha, Coalition Warlord",1872,925,286,134,489,231,1097,560,775,365,,,,
D3,"Raff, Weatherlight Stalwart",8520,4876,1482,844,2058,1159,4980,2873,3540,2003,,,,
D3,"Ragavan, Nimble Pilferer",1149,618,211,136,236,117,702,365,447,253,,,,
D3,Ral's Reinforcements,15951,8876,4024,2356,4204,2349,7723,4171,8228,4705,common,R,2.0,Sorcery
D3,Ramosian Greatsword,5922,3127,931,438,1419,703,3572,1986,2350,1141,uncommon,R,5.0,Artifact - Equipment
D3,Rampaging Geoderm,7067,3765,1554,846,1920,1065,3593,1854,3474,1911,uncommon,GR,4.0,Creature - Dinosaur Beast
D3,Rampaging Raptor,4265,2359,776,434,1080,622,2409,1303,1856,1056,rare,R,4.0,Creature - Dinosaur
D3,Rankle and Torbran,2635,1378,486,268,669,378,1480,732,1155,646,rare,BR,5.0,Legendary Creature - Faerie Dwarf
D3,Ravenous Sailback,7826,4264,1306,686,1918,1077,4602,2501,3224,1763,uncommon,G,5.0,Creature - Dinosaur
D3,Realmbreaker's Grasp,22736,12459,4676,2497,5663,3217,12397,6745,10339,5714,common,W,2.0,Enchantment - Aura
D3,"Realmbreaker, the Invasion Tree",658,331,119,52,163,87,376,192,282,139,rare,,3.0,Legendary Artifact
D3,Redcap Heelslasher,9468,4990,1804,946,2291,1224,5373,2820,4095,2170,common,R,4.0,Creature - Goblin Rogue
D3,"Renata, Called to the Hunt",8842,4680,1508,755,2077,1091,5257,2834,3585,1846,,,,
D3,Render Inert,5720,3067,975,512,1466,835,3279,1720,2441,1347,uncommon,B,3.0,Sorcery
D3,"Reyav, Master Smith",3290,1772,584,334,699,411,2007,1027,1283,745,,,,
D3,"Rona, Herald of Invasion",5395,3137,979,623,1391,844,3025,1670,2370,1467,rare,BU,2.0,Legendary Creature - Human Wizard
D3,"Rona, Sheoldred's Faithful",2839,1550,462,232,760,426,1617,892,1222,658,,,,
D3,Rugged Highlands,10108,5468,2092,1144,2510,1331,5506,2993,4602,2475,common,GR,0.0,Land
D3,Saiba Cryptomancer,14693,8421,2772,1589,3881,2291,8040,4541,6653,3880,common,U,2.0,Creature - Moonfolk Ninja
D3,Sandstalker Moloch,11499,6418,2262,1305,2916,1668,6321,3445,5178,2973,uncommon,G,3.0,Creature - Lizard
D3,Scorn-Blade Berserker,12651,7228,2412,1413,3318,1975,6921,3840,5730,3388,uncommon,B,1.0,Creature - Human Berserker
D3,Scoured Barrens,12936,7063,2657,1526,3189,1740,7090,3797,5846,3266,common,BW,0.0,Land
D3,Scrappy Bruiser,4269,2226,695,354,1001,514,2573,1358,1696,868,uncommon,R,4.0,Creature - Raccoon Warrior
D3,Scrollshift,6522,3442,1070,535,1486,784,3966,2123,2556,1319,common,W,3.0,Instant
D3,Sculpted Perfection,7792,4068,1703,874,2139,1188,3950,2006,3842,2062,uncommon,BW,4.0,Enchantment
D3,Seal from Existence,14062,7720,2479,1351,3477,1966,8106,4403,5956,3317,uncommon,W,3.0,Enchantment
D3,Searing Barb,9395,4944,1790,948,2349,1230,5256,2766,4139,2178,common,R,3.0,Sorcery
D3,See Double,5243,2965,848,467,1399,846,2996,1652,2247,1313,rare,U,4.0,Instant
D3,Seed of Hope,2100,1188,426,258,507,292,1167,638,933,550,common,G,1.0,Instant
D3,"Seizan, Perverter of Truth",394,179,54,23,101,37,239,119,155,60,,,,
D3,Seraph of New Capenna,8718,4603,1714,841,2076,1118,4928,2644,3790,1959,uncommon,BW,3.0,Creature - Angel Soldier
D3,Serpent-Blade Assailant,15221,8331,3138,1709,3700,2000,8383,4622,6838,3709,common,G,3.0,Creature - Elf Warrior
D3,"Shanna, Sisay's Legacy",5277,2866,987,564,1153,630,3137,1672,2140,1194,,,,
D3,Shatter the Source,15854,8607,2767,1426,4075,2217,9012,4964,6842,3643,common,R,6.0,Instant
D3,Sheoldred,2549,1506,436,286,682,449,1431,771,1118,735,mythic,B,5.0,Legendary Creature - Phyrexian Praetor
D3,"Sheoldred, Whispering One",1674,957,280,158,444,297,950,502,724,455,,,,
D3,Shivan Branch-Burner,10020,5311,1708,871,2584,1392,5728,3048,4292,2263,uncommon,R,7.0,Creature - Dragon
D3,Sigiled Sentinel,19815,10989,4429,2478,4925,2686,10461,5825,9354,5164,common,W,3.0,Creature - Human Knight
D3,"Skithiryx, the Blight Dragon",1498,842,261,142,377,245,860,455,638,387,,,,
D3,Skittering Surveyor,24178,13289,5196,2814,6016,3374,12966,7101,11212,6188,common,,3.0,Artifact Creature - Construct
D3,Skyclave Aerialist,18156,10575,3943,2384,4881,2949,9332,5242,8824,5333,uncommon,GU,2.0,Creature - Merfolk Scout
D3,"Squee, the Immortal",1365,677,217,97,327,155,821,425,544,252,,,,
D3,"Sram, Senior Edificer",1172,639,219,121,243,114,710,404,462,235,,,,
D3,Stasis Field,11724,6344,2289,1203,3188,1743,6247,3398,5477,2946,common,U,2.0,Enchantment - Aura
D3,Stoke the Flames,15322,8484,2903,1619,3913,2311,8506,4554,6816,3930,uncommon,R,4.0,Instant
D3,Storm the Seedcore,9040,4976,1503,828,2149,1216,5388,2932,3652,2044,uncommon,G,4.0,Sorcery
D3,Stormclaw Rager,7665,4099,1697,906,2024,1103,3944,2090,3721,2009,uncommon,BR,3.0,Creature - Ogre Warrior
D3,Streetwise Negotiator,16257,9136,3600,2140,4056,2319,8601,4677,7656,4459,uncommon,G,2.0,Creature - Cat Citizen
D3,Sun-Blessed Guardian,10824,5786,2139,1117,2569,1327,6116,3342,4708,2444,uncommon,RW,2.0,Creature - Human Cleric
D3,Sunder the Gateway,12265,6616,2455,1282,2928,1590,6882,3744,5383,2872,common,W,2.0,Sorcery
D3,Sunfall,5141,3049,881,610,1258,892,3002,1547,2139,1502,rare,W,5.0,Sorcery
D3,Surge of Salvation,3543,1936,543,299,827,428,2173,1209,1370,727,uncommon,W,1.0,Instant
D3,Swiftwater Cliffs,12113,6723,2392,1385,3104,1719,6617,3619,5496,3104,common,RU,0.0,Land
D3,Sword of Once and Future,2342,1324,373,213,554,348,1415,763,927,561,mythic,,3.0,Artifact - Equipment
D3,Swordsworn Cavalier,15163,8476,3817,2246,3900,2101,7446,4129,7717,4347,common,W,2.0,Creature - Human Knight
D3,"Taigam, Ojutai Master",1327,686,222,95,353,178,752,413,575,273,,,,
D3,Tandem Takedown,15336,8615,2829,1589,3839,2276,8668,4750,6668,3865,uncommon,G,3.0,Instant
D3,Tangled Skyline,10783,6162,1929,1103,2770,1658,6084,3401,4699,2761,uncommon,G,5.0,Enchantment
D3,Tarkir Duneshaper,15967,8656,3404,1891,3710,1956,8853,4809,7114,3847,common,GW,1.0,Creature - Dog Warrior
D3,Temporal Cleansing,21232,12236,4182,2400,5952,3521,11098,6315,10134,5921,common,U,4.0,Sorcery
D3,Tenured Oilcaster,3921,1991,746,369,1046,554,2129,1068,1792,923,common,B,4.0,Creature - Phyrexian Wizard
D3,"Tetsuko Umezawa, Fugitive",9819,5694,1773,1019,2464,1454,5582,3221,4237,2473,,,,
D3,Teysa Karlov,1329,663,217,95,330,174,782,394,547,269,,,,
D3,Thalia and The Gitrog Monster,1988,1107,336,196,498,317,1154,594,834,513,mythic,BGW,4.0,Legendary Creature - Human Frog Horror
D3,"Thalia, Guardian of Thraben",1964,1035,353,178,422,209,1189,648,775,387,,,,
D3,Thornwood Falls,12379,6998,2582,1487,3232,1836,6565,3675,5814,3323,common,GU,0.0,Land
D3,Thrashing Frontliner,12391,6557,2754,1442,3039,1554,6598,3561,5793,2996,common,R,2.0,Creature - Phyrexian Lizard
D3,Thunderhead Squadron,12537,6856,2253,1202,3230,1763,7054,3891,5483,2965,common,U,6.0,Creature - Human Knight
D3,Tidal Terror,17569,9857,3340,1855,4690,2672,9539,5330,8030,4527,common,U,6.0,Creature - Octopus
D3,Tiller of Flesh,7921,4078,1440,702,1939,991,4542,2385,3379,1693,uncommon,W,4.0,Creature - Phyrexian Knight
D3,Timberland Ancient,18670,10206,3624,1943,4728,2606,10318,5657,8352,4549,common,G,6.0,Creature - Treefolk
D3,Trailblazing Historian,8263,4287,1541,770,1884,936,4838,2581,3425,1706,common,R,2.0,Creature - Human Shaman
D3,Tranquil Cove,13283,7381,2689,1586,3204,1724,7390,4071,5893,3310,common,UW,0.0,Land
D3,Transcendent Message,2842,1571,483,255,701,405,1658,911,1184,660,rare,U,4.0,Instant
D3,Traumatic Revelation,7974,4396,1603,863,1965,1124,4406,2409,3568,1987,common,B,2.0,Sorcery
D3,Tribute to the World Tree,2606,1367,427,237,570,293,1609,837,997,530,rare,G,3.0,Enchantment
D3,"Tymaret, Chosen from Death",9032,5036,1563,851,2301,1324,5168,2861,3864,2175,,,,
D3,"Umori, the Collector",2610,1463,435,254,638,372,1538,837,1073,626,,,,
D3,Unseal the Necropolis,15664,8875,2642,1457,4089,2436,8933,4982,6731,3893,common,B,3.0,Instant
D3,Urabrask,1854,992,302,167,476,258,1076,567,778,425,mythic,R,4.0,Legendary Creature - Phyrexian Praetor
D3,Urabrask the Hidden,1043,577,163,96,238,133,642,348,401,229,,,,
D3,Urn of Godfire,2970,1565,578,290,685,369,1707,906,1263,659,common,,1.0,Artifact
D3,"Valduk, Keeper of the Flame",2889,1514,538,265,660,340,1691,909,1198,605,,,,
D3,Vanquish the Weak,21697,12185,4492,2511,5767,3369,11438,6305,10259,5880,common,B,3.0,Instant
D3,Vengeant Earth,1217,620,217,101,278,122,722,397,495,223,common,G,2.0,Instant
D3,Volcanic Spite,25257,14034,5918,3505,6586,3812,12753,6717,12504,7317,common,R,2.0,Instant
D3,Voldaren Thrillseeker,4250,2437,746,441,1031,633,2473,1363,1777,1074,rare,R,3.0,Creature - Vampire Warrior
D3,Vorinclex,2340,1377,430,275,609,407,1301,695,1039,682,mythic,G,5.0,Legendary Creature - Phyrexian Praetor
D3,"Vorinclex, Voice of Hunger",566,281,80,32,118,60,368,189,198,92,,,,
D3,War Historian,15533,8487,3306,1788,3849,2097,8378,4602,7155,3885,common,G,3.0,Creature - Human Monk
D3,War-Trained Slasher,8148,4195,1522,764,2041,1042,4585,2389,3563,1806,common,R,4.0,Creature - Wolverine Dinosaur
D3,Wary Thespian,18546,10386,4212,2421,4559,2561,9775,5404,8771,4982,common,G,2.0,Creature - Cat Druid
D3,Wicked Slumber,9930,5635,1687,900,2604,1516,5639,3219,4291,2416,uncommon,U,4.0,Instant
D3,Wildwood Escort,14274,7794,2367,1218,3526,2021,8381,4555,5893,3239,common,G,5.0,Creature - Elf Warrior
D3,Wind-Scarred Crag,10486,5650,2179,1210,2526,1308,5781,3132,4705,2518,common,RW,0.0,Land
D3,Wrenn and Realmbreaker,1951,1068,333,182,480,300,1138,586,813,482,mythic,G,3.0,Legendary Planeswalker - Wrenn
D3,Wrenn's Resolve,7347,4008,1454,747,1820,983,4073,2278,3274,1730,common,R,2.0,Sorcery
D3,Xerex Strobe-Knight,16970,9862,3504,2071,4501,2656,8965,5135,8005,4727,uncommon,U,3.0,Creature - Human Knight
D3,Yargle and Multani,1044,554,162,77,266,151,616,326,428,228,rare,BG,6.0,Legendary Creature - Frog Spirit Elemental
D3,"Yargle, Glutton of Urborg",624,303,82,42,136,67,406,194,218,109,,,,
D3,"Yarok, the Desecrated",1105,614,186,106,288,191,631,317,474,297,,,,
D3,"Yedora, Grave Gardener",1409,763,215,113,356,194,838,456,571,307,,,,
D3,"Yorion, Sky Nomad",2601,1491,457,267,608,378,1540,848,1065,645,,,,
D3,"Zada, Hedron Grinder",2623,1358,459,223,597,309,1567,826,1056,532,,,,
D3,Zephyr Singer,5429,3163,946,611,1405,864,3078,1688,2351,1475,rare,U,4.0,Creature - Siren Pirate
D3,Zhalfirin Lancer,10218,5678,2218,1261,2488,1345,5512,3072,4706,2606,uncommon,W,3.0,Creature - Human Knight
D3,Zhalfirin Shapecraft,11081,6180,2102,1168,2889,1634,6090,3378,4991,2802,common,U,2.0,Instant
D3,Zimone and Dina,1342,733,219,127,324,191,799,415,543,318,mythic,BGU,3.0,Legendary Creature - Human Dryad
D3,"Zirda, the Dawnwaker",1805,971,289,155,444,242,1072,574,733,397,,,,
D3,Zurgo and Ojutai,1632,889,262,142,404,246,966,501,666,388,mythic,RUW,5.0,Legendary Creature - Orc Dragon
D28,"Aegar, the Freezing Flame",28113,15260,4963,2698,7347,3887,15803,8675,12310,6585,,,,
D28,Aerial Boost,95347,53720,17777,10139,23645,13546,53925,30035,41422,23685,common,W,2.0,Instant
D28,Aetherblade Agent,177224,96299,37141,20136,48670,26922,91413,49241,85811,47058,common,BU,2.0,Creature - Human Rogue
D28,Akki Scrapchomper,23148,12304,4444,2410,5625,2909,13079,6985,10069,5319,common,R,1.0,Creature - Phyrexian Goblin
D28,Alabaster Host Intercessor,129312,70291,25055,13367,32175,18050,72082,38874,57230,31417,common,W,6.0,Creature - Phyrexian Samurai
D28,Alabaster Host Sanctifier,94541,50948,20371,11271,22675,11747,51495,27930,43046,23018,common,W,2.0,Creature - Phyrexian Cleric
D28,"Anafenza, Kin-Tree Spirit",15495,8566,2786,1637,3355,1750,9354,5179,6141,3387,,,,
D28,Ancient Imperiosaur,30648,17224,5089,3004,7858,4792,17701,9428,12947,7796,rare,G,7.0,Creature - Dinosaur
D28,Angelic Intervention,123515,68672,23279,13041,30103,17102,70133,38529,53382,30143,common,W,2.0,Instant
D28,Arachnoid Adaptation,57675,31848,9910,5455,13944,7891,33821,18502,23854,13346,common,G,1.0,Instant
D28,Archangel Elspeth,15312,8657,2585,1557,3611,2257,9116,4843,6196,3814,mythic,W,4.0,Legendary Planeswalker - Elspeth
D28,Archpriest of Shadows,33656,18507,5694,3231,8912,5360,19050,9916,14606,8591,rare,B,5.0,Creature - Human Warlock
D28,"Arixmethes, Slumbering Isle",8093,4085,1287,643,2115,1083,4691,2359,3402,1726,,,,
D28,Artistic Refusal,134071,77105,23817,13815,37674,22931,72580,40359,61491,36746,uncommon,U,6.0,Instant
D28,Assimilate Essence,132850,75370,27392,16067,36631,21244,68827,38059,64023,37311,common,U,2.0,Instant
D28,Astral Wingspan,62661,34517,10151,5401,16074,9334,36436,19782,26225,14735,uncommon,U,5.0,Enchantment - Aura
D28,Atraxa's Fall,25957,13283,4299,2116,6008,3137,15650,8030,10307,5253,common,G,2.0,Sorcery
D28,"Atraxa, Praetors' Voice",7120,3873,1153,659,1870,1173,4097,2041,3023,1832,,,,
D28,"Atris, Oracle of Half-Truths",25981,14938,4384,2605,7180,4423,14417,7910,11564,7028,,,,
D28,Attentive Skywarden,56535,29605,11462,5764,13997,7177,31076,16664,25459,12941,common,W,3.0,Creature - Phyrexian Kor
D28,"Aurelia, the Warleader",5017,2722,768,422,1124,685,3125,1615,1892,1107,,,,
D28,"Ayara, First of Locthwain",6670,3492,1077,537,1721,922,3872,2033,2798,1459,,,,
D28,"Ayara, Widow of the Realm",29584,16028,5246,2807,7599,4401,16739,8820,12845,7208,rare,BR,3.0,Legendary Creature - Elf Noble
D28,Baral and Kari Zev,21103,11438,3749,2193,5496,3100,11858,6145,9245,5293,rare,RU,3.0,Legendary Creature - Human
D28,"Baral, Chief of Compliance",16770,9409,3023,1735,4226,2373,9521,5301,7249,4108,,,,
D28,Beamtown Beatstick,64231,34167,12685,7142,15935,8430,35611,18595,28620,15572,common,R,1.0,Artifact - Equipment
D28,Bladed Battle-Fan,35758,19007,5889,3065,9023,5041,20846,10901,14912,8106,common,B,2.0,Artifact - Equipment
D28,Blighted Burgeoning,115827,62349,25083,14129,29907,16459,60837,31761,54990,30588,common,G,3.0,Enchantment - Aura
D28,Blightreaper Thallid,119891,67041,24584,14530,32819,18891,62488,33620,57403,33421,uncommon,BG,2.0,Creature - Fungus
D28,Bloated Processor,33457,18531,6057,3496,8751,5120,18649,9915,14808,8616,rare,B,3.0,Creature - Phyrexian
D28,Bloodfeather Phoenix,18083,9685,3424,1896,4298,2255,10361,5534,7722,4151,rare,R,2.0,Creature - Phoenix
D28,Bloodfell Caves,76073,40209,15399,8419,19544,10284,41130,21506,34943,18703,common,BR,0.0,Land
D28,Blossoming Sands,71810,37993,14559,8037,17521,9076,39730,20880,32080,17113,common,GW,0.0,Land
D28,Bola Slinger,95633,52969,19025,10562,23751,13408,52857,28999,42776,23970,common,W,4.0,Creature - Cat Soldier
D28,Bonded Herdbeast,33372,17076,5479,2647,8664,4436,19229,9993,14143,7083,common,GR,5.0,Creature - Beast
D28,Boon-Bringer Valkyrie,34049,19769,5900,3718,8082,5300,20067,10751,13982,9018,rare,W,5.0,Creature - Angel Warrior
D28,Borborygmos and Fblthp,13960,7914,2356,1455,3776,2418,7828,4041,6132,3873,mythic,GRU,5.0,Legendary Creature - Cyclops Homunculus
D28,Botanical Brawler,45261,24418,10867,6403,11398,5996,22996,12019,22265,12399,uncommon,GW,2.0,Creature - Elemental Warrior
D28,Breach the Multiverse,40034,23046,6568,3910,11046,7285,22420,11851,17614,11195,rare,B,7.0,Sorcery
D28,"Brudiclad, Telchor Engineer",18605,10146,3002,1659,5013,2910,10590,5577,8015,4569,,,,
D28,Burning Sun's Fury,7810,3818,1239,584,1825,881,4746,2353,3064,1465,common,R,2.0,Instant
D28,Captain Lannery Storm,15731,8615,2834,1629,3842,2175,9055,4811,6676,3804,,,,
D28,Captive Weird,143583,82771,30187,18617,39922,23338,73474,40816,70109,41955,uncommon,RU,1.0,Creature - Weird
D28,"Chandra, Hope's Beacon",15285,8681,2602,1604,3937,2554,8746,4523,6539,4158,mythic,R,6.0,Legendary Planeswalker - Chandra
D28,Change the Equation,9049,4595,1660,811,2260,1190,5129,2594,3920,2001,uncommon,U,2.0,Instant
D28,Chomping Kavu,91623,49502,17781,9563,23121,12549,50721,27390,40902,22112,common,G,4.0,Creature - Kavu
D28,Chrome Host Seedshark,40567,23884,7474,5011,10915,6977,22178,11896,18389,11988,rare,U,3.0,Creature - Phyrexian Shark
D28,City on Fire,13550,7062,2114,1084,3357,1809,8079,4169,5471,2893,rare,R,8.0,Enchantment
D28,Collective Nightmare,116094,64261,22371,12663,31376,18401,62347,33197,53747,31064,uncommon,B,3.0,Instant
D28,Coming In Hot,16735,8618,2734,1338,4002,2019,9999,5261,6736,3357,common,R,1.0,Instant
D28,Compleated Huntmaster,82153,43611,15559,7935,21683,11716,44911,23960,37242,19651,uncommon,B,3.0,Creature - Phyrexian Elf Warrior
D28,Complete the Circuit,2391,1212,371,143,590,305,1430,764,961,448,rare,U,6.0,Instant
D28,Consuming Aetherborn,44750,23454,7824,4030,11786,6391,25140,13033,19610,10421,common,B,4.0,Creature - Aetherborn Vampire
D28,Converter Beast,107352,59030,22289,12058,29085,16621,55978,30351,51374,28679,common,G,4.0,Creature - Phyrexian Beast
D28,Copper Host Crusher,23786,12187,3543,1740,5957,3159,14286,7288,9500,4899,uncommon,G,8.0,Creature - Phyrexian Bear Rhino
D28,Corrupted Conviction,54097,29134,9594,5096,14068,7674,30435,16364,23662,12770,common,B,1.0,Instant
D28,Corruption of Towashi,82696,44974,14605,7769,22655,12847,45436,24358,37260,20616,uncommon,U,5.0,Enchantment
D28,Cosmic Hunger,137201,75006,27895,15159,36073,20561,73233,39286,63968,35720,common,G,2.0,Instant
D28,Crystal Carapace,3458,1604,594,268,746,323,2118,1013,1340,591,common,G,4.0,Enchantment - Aura
D28,Cut Short,91311,49345,17066,9125,22537,12511,51708,27709,39603,21636,common,W,3.0,Instant
D28,"Daxos, Blessed by the Sun",37608,20021,6400,3362,8512,4398,22696,12261,14912,7760,,,,
D28,Deadly Derision,184395,102947,38284,21999,52899,32040,93213,48909,91183,54039,common,B,4.0,Instant
D28,Deeproot Wayfinder,26531,14303,4974,2930,6370,3366,15187,8007,11344,6296,rare,G,2.0,Creature - Merfolk Scout
D28,"Dina, Soul Steeper",10842,5499,1874,877,2535,1264,6433,3358,4409,2141,,,,
D28,Dismal Backwater,125437,69632,25007,14433,32929,18503,67501,36696,57936,32936,common,BU,0.0,Land
D28,Disturbing Conversion,40931,21937,7873,4040,11154,6126,21904,11771,19027,10166,common,U,2.0,Enchantment - Aura
D28,Djeru and Hazoret,11482,5960,1855,914,2737,1459,6890,3587,4592,2373,rare,RW,5.0,Legendary Creature - Human God
D28,Doomskar Warrior,30291,16883,5269,3244,7473,4443,17549,9196,12742,7687,rare,G,4.0,Creature - Human Warrior
D28,Drana and Linvala,14382,7317,2390,1211,3564,1920,8428,4186,5954,3131,rare,BW,4.0,Legendary Creature - Vampire Angel
D28,Dreg Recycler,86201,46284,17806,9532,22687,12275,45708,24477,40493,21807,common,B,2.0,Creature - Phyrexian Beast
D28,Dusk Legion Duelist,22390,12194,4338,2532,4892,2581,13160,7081,9230,5113,rare,W,2.0,Creature - Vampire Soldier
D28,Elesh Norn,15029,8267,2578,1471,3633,2168,8818,4628,6211,3639,mythic,W,4.0,Legendary Creature - Phyrexian Praetor
D28,"Elesh Norn, Grand Cenobite",11017,6484,1765,1156,2839,1977,6413,3351,4604,3133,,,,
D28,Elspeth's Smite,62047,33679,11592,6346,14573,7899,35882,19434,26165,14245,uncommon,W,1.0,Instant
D28,Elvish Vatkeeper,71612,39386,15276,8845,19953,11724,36383,18817,35229,20569,uncommon,BG,3.0,Creature - Phyrexian Elf
D28,"Emry, Lurker of the Loch",921,475,156,74,211,106,554,295,367,180,,,,
D28,Enduring Bondwarden,55705,30223,11887,6547,13115,6977,30703,16699,25002,13524,common,W,1.0,Creature - Human Scout
D28,Ephara's Dispersal,225979,129898,51506,29706,64844,39500,109629,60692,116350,69206,common,U,3.0,Instant
D28,Errant and Giada,20310,11362,3624,2057,4870,2742,11816,6563,8494,4799,rare,UW,3.0,Legendary Creature - Human Angel
D28,"Etali, Primal Conqueror",33380,18887,5355,3242,9022,5840,19003,9805,14377,9082,rare,GR,7.0,Legendary Creature - Elder Dinosaur
D28,Etched Familiar,88667,46858,18205,9442,23931,13014,46531,24402,42136,22456,common,B,3.0,Artifact Creature - Phyrexian Fox
D28,Etched Host Doombringer,35178,18297,5643,2794,9363,5070,20172,10433,15006,7864,common,B,5.0,Creature - Phyrexian Demon
D28,Expedition Lookout,62360,33946,12998,6905,16970,9322,32392,17719,29968,16227,common,U,2.0,Creature - Merfolk Rogue
D28,Eyes of Gitaxias,172113,98182,38998,22380,48604,28695,84511,47107,87602,51075,common,U,3.0,Sorcery
D28,"Ezuri, Claw of Progress",5887,3012,945,472,1496,777,3446,1763,2441,1249,,,,
D28,Faerie Mastermind,38993,22374,7271,4514,9897,5877,21825,11983,17168,10391,rare,U,2.0,Creature - Faerie Rogue
D28,Failed Conversion,62684,32508,10461,5148,16639,8965,35584,18395,27100,14113,common,B,5.0,Enchantment - Aura
D28,Fearless Skald,63386,34813,11219,6298,16046,9274,36121,19241,27265,15572,uncommon,R,5.0,Creature - Dwarf Berserker
D28,Fertilid's Favor,55760,29261,9738,5127,13703,7456,32319,16678,23441,12583,common,G,4.0,Instant
D28,Final Flourish,192894,107060,42025,23623,53989,31697,96880,51740,96014,55320,common,B,2.0,Instant
D28,Firesong and Sunspeaker,1534,753,215,105,331,145,988,503,546,250,,,,
D28,"Firja, Judge of Valor",31055,15875,4993,2446,7874,4233,18188,9196,12867,6679,,,,
D28,Flitting Guerrilla,65805,34632,12892,6523,17368,9411,35545,18698,30260,15934,common,B,3.0,Creature - Faerie Rogue
D28,Flywheel Racer,63036,33815,12076,6648,15296,8124,35664,19043,27372,14772,common,,2.0,Artifact - Vehicle
D28,Furnace Gremlin,57443,30577,11700,6086,14447,7667,31296,16824,26147,13753,uncommon,R,2.0,Creature - Phyrexian Gremlin
D28,Furnace Host Charger,79218,41317,14653,7326,19940,10470,44625,23521,34593,17796,common,R,6.0,Creature - Phyrexian Giant
D28,Furnace Reins,38959,21156,8116,4624,10673,6232,20170,10300,18789,10856,uncommon,R,3.0,Sorcery
D28,Furtive Analyst,24790,12378,4494,2140,6362,3258,13934,6980,10856,5398,common,U,3.0,Creature - Human Wizard
D28,"Fynn, the Fangbearer",63473,34695,11586,6642,14897,8025,36990,20028,26483,14667,,,,
D28,Ghalta and Mavren,20969,11276,3404,1873,5117,3117,12448,6286,8521,4990,rare,GW,7.0,Legendary Creature - Dinosaur Vampire
D28,Gift of Compleation,74515,40133,15085,8141,19298,10611,40132,21381,34383,18752,uncommon,B,2.0,Enchantment
D28,"Glissa, Herald of Predation",36488,20878,6289,3882,9708,6331,20491,10665,15997,10213,rare,BG,5.0,Legendary Creature - Phyrexian Zombie Elf
D28,Glistening Dawn,33611,19002,5823,3507,8528,5357,19260,10138,14351,8864,rare,G,4.0,Sorcery
D28,Glistening Deluge,8197,4253,1375,690,2132,1122,4690,2441,3507,1812,uncommon,B,3.0,Sorcery
D28,Gloomfang Mauler,130312,70053,24074,12431,34172,19064,72066,38558,58246,31495,common,B,7.0,Creature - Nightmare
D28,Gnottvold Hermit,54445,28786,9802,5021,14657,7828,29986,15937,24459,12849,uncommon,GU,4.0,Creature - Troll
D28,Golden-Scale Aeronaut,50472,27247,8571,4458,11845,6552,30056,16237,20416,11010,common,W,5.0,Creature - Dwarf Pilot
D28,"Goreclaw, Terror of Qal Sisma",12879,6884,2172,1156,3191,1757,7516,3971,5363,2913,,,,
D28,Grafted Butcher,30054,16472,5569,3238,7572,4358,16913,8876,13141,7596,rare,B,2.0,Creature - Phyrexian Samurai
D28,"Grimgrin, Corpse-Born",10997,6237,1778,1016,3042,1898,6177,3323,4820,2914,,,,
D28,Guardian of Ghirapur,27820,15466,5037,2904,6414,3686,16369,8876,11451,6590,rare,W,3.0,Creature - Angel
D28,"Gyruda, Doom of Depths",23538,13329,3760,2169,6282,3877,13520,7297,10042,6046,,,,
D28,Halo Forager,109798,62567,22510,12509,33047,20342,54241,29716,55557,32851,uncommon,BU,3.0,Creature - Faerie Rogue
D28,Halo Hopper,26099,14082,5358,2868,6446,3332,14295,7882,11804,6200,common,,3.0,Artifact Creature - Frog
D28,Halo-Charged Skaab,69602,38267,11376,5848,19713,11166,38513,21253,31089,17014,common,U,5.0,Creature - Zombie
D28,Hangar Scrounger,74700,40287,15526,8374,18333,9952,40841,21961,33859,18326,common,R,3.0,Creature - Dwarf Pilot
D28,Harried Artisan,51586,26941,10248,5164,12755,6687,28583,15090,23003,11851,uncommon,RW,3.0,Creature - Human Artificer
D28,"Heliod, the Radiant Dawn",16169,8317,2620,1247,4076,2064,9473,5006,6696,3311,rare,UW,4.0,Legendary Enchantment Creature - God
D28,Herbology Instructor,97755,54159,19933,11109,26861,15651,50961,27399,46794,26760,uncommon,BG,2.0,Creature - Treefolk Druid
D28,Hidetsugu and Kairi,37044,21511,6352,3904,10379,6697,20313,10910,16731,10601,rare,BU,5.0,Legendary Creature - Ogre Demon Dragon
D28,Hoarding Broodlord,36273,20479,5814,3424,9793,6160,20666,10895,15607,9584,rare,B,8.0,Creature - Dragon
D28,"Horobi, Death's Wail",9317,4925,1595,819,2358,1308,5364,2798,3953,2127,,,,
D28,Ichor Drinker,145555,80671,31240,18262,39041,21732,75274,40677,70281,39994,common,B,1.0,Creature - Phyrexian Vampire
D28,Ichor Shade,50608,25618,9980,4922,13165,6672,27463,14024,23145,11594,common,B,3.0,Creature - Phyrexian Shade
D28,"Imoti, Celebrant of Bounty",66762,36713,11219,6315,18468,10941,37075,19457,29687,17256,,,,
D28,Infected Defector,36466,18784,6094,2995,8725,4388,21647,11401,14819,7383,common,W,5.0,Creature - Phyrexian Knight
D28,Inga Rune-Eyes,76542,43154,13180,7315,20026,11631,43336,24208,33206,18946,,,,
D28,Inga and Esika,23582,12641,4163,2332,6186,3521,13233,6788,10349,5853,rare,GU,4.0,Legendary Creature - Human God
D28,Inspired Charge,17368,9321,2548,1290,3830,1976,10990,6055,6378,3266,common,W,4.0,Instant
D28,Into the Fire,12748,6395,2214,1058,3082,1593,7452,3744,5296,2651,rare,R,3.0,Sorcery
D28,Invasion of Alara,14676,7458,2586,1314,4578,2581,7512,3563,7164,3895,rare,BGRUW,5.0,Battle - Siege
D28,Invasion of Amonkhet,107675,61803,22033,13626,32555,20025,53087,28152,54588,33651,uncommon,BU,3.0,Battle - Siege
D28,Invasion of Arcavios,2099,1013,314,134,581,303,1204,576,895,437,rare,U,5.0,Battle - Siege
D28,Invasion of Azgol,42469,22849,8967,5195,11652,6540,21850,11114,20619,11735,uncommon,BR,2.0,Battle - Siege
D28,Invasion of Belenon,46048,24395,8749,4566,10684,5341,26615,14488,19433,9907,uncommon,W,3.0,Battle - Siege
D28,Invasion of Dominaria,40294,21432,7454,3999,9707,5183,23133,12250,17161,9182,uncommon,W,3.0,Battle - Siege
D28,Invasion of Eldraine,73223,40347,13057,7109,20202,11484,39964,21754,33259,18593,uncommon,B,4.0,Battle - Siege
D28,Invasion of Ergamon,25979,13275,5402,2752,6817,3412,13760,7111,12219,6164,uncommon,GR,2.0,Battle - Siege
D28,Invasion of Fiora,35528,19925,6119,3581,9908,6194,19501,10150,16027,9775,rare,B,6.0,Battle - Siege
D28,Invasion of Gobakhan,21653,11736,3802,2289,5047,2669,12804,6778,8849,4958,rare,W,2.0,Battle - Siege
D28,Invasion of Ikoria,20210,10845,3286,1745,5461,3179,11463,5921,8747,4924,rare,G,2.0,Battle - Siege
D28,Invasion of Innistrad,17364,9765,2900,1736,4836,2999,9628,5030,7736,4735,mythic,B,4.0,Battle - Siege
D28,Invasion of Ixalan,28038,15633,5240,3189,7434,4309,15364,8135,12674,7498,rare,G,2.0,Battle - Siege
D28,Invasion of Kaladesh,20197,10714,4223,2270,5581,2910,10393,5534,9804,5180,uncommon,RU,2.0,Battle - Siege
D28,Invasion of Kaldheim,19946,10179,3275,1569,5057,2534,11614,6076,8332,4103,rare,R,4.0,Battle - Siege
D28,Invasion of Kamigawa,43730,22307,7586,3354,11759,5902,24385,13051,19345,9256,uncommon,U,4.0,Battle - Siege
D28,Invasion of Karsus,20818,11092,3633,1966,5346,3051,11839,6075,8979,5017,rare,R,4.0,Battle - Siege
D28,Invasion of Kylem,13199,6602,2281,1040,3108,1486,7810,4076,5389,2526,uncommon,RW,4.0,Battle - Siege
D28,Invasion of Lorwyn,61929,32664,10820,5343,17922,10016,33187,17305,28742,15359,uncommon,BG,6.0,Battle - Siege
D28,Invasion of Mercadia,76279,41800,15390,8779,18829,10464,42060,22557,34219,19243,uncommon,R,2.0,Battle - Siege
D28,Invasion of Moag,34964,18024,6391,3100,8815,4463,19758,10461,15206,7563,uncommon,GW,4.0,Battle - Siege
D28,Invasion of Muraganda,47706,25006,7974,3986,12982,6865,26750,14155,20956,10851,uncommon,G,5.0,Battle - Siege
D28,Invasion of New Capenna,30864,15630,5563,2623,8012,4232,17289,8775,13575,6855,uncommon,BW,2.0,Battle - Siege
D28,Invasion of New Phyrexia,18166,10502,3039,1835,4826,3169,10301,5498,7865,5004,mythic,UW,2.0,Battle - Siege
D28,Invasion of Pyrulea,42170,22637,8386,4606,12480,6900,21304,11131,20866,11506,uncommon,GU,2.0,Battle - Siege
D28,Invasion of Ravnica,17207,9370,2817,1470,4639,2648,9751,5252,7456,4118,mythic,,5.0,Battle - Siege
D28,Invasion of Regatha,45248,23778,8491,4453,11877,6438,24880,12887,20368,10891,uncommon,R,3.0,Battle - Siege
D28,Invasion of Segovia,36350,20542,6614,3910,9663,5626,20073,11006,16277,9536,rare,U,3.0,Battle - Siege
D28,Invasion of Shandalar,7499,3784,1084,484,2076,1091,4339,2209,3160,1575,mythic,G,5.0,Battle - Siege
D28,Invasion of Tarkir,14553,8077,2626,1591,3694,2181,8233,4305,6320,3772,mythic,R,2.0,Battle - Siege
D28,Invasion of Theros,3964,2001,661,311,961,474,2342,1216,1622,785,rare,UW,3.0,Battle - Siege
D28,Invasion of Tolvada,25977,13766,4241,2234,7069,4147,14667,7385,11310,6381,rare,BW,5.0,Battle - Siege
D28,Invasion of Ulgrotha,73448,39215,12493,6437,20503,11501,40452,21277,32996,17938,uncommon,B,5.0,Battle - Siege
D28,Invasion of Vryn,63178,34486,10746,5600,17093,9577,35339,19309,27839,15177,uncommon,U,4.0,Battle - Siege
D28,Invasion of Xerex,51737,28717,9548,5221,13293,7318,28896,16178,22841,12539,uncommon,UW,4.0,Battle - Siege
D28,Invasion of Zendikar,74966,40039,14214,7947,20560,11194,40192,20898,34774,19141,uncommon,G,4.0,Battle - Siege
D28,Iridescent Blademaster,64824,34454,13110,6901,15565,8180,36149,19373,28675,15081,common,G,2.0,Creature - Elf Warrior
D28,"Jegantha, the Wellspring",5982,3095,997,494,1502,814,3528,1814,2499,1308,,,,
D28,Jin-Gitaxias,15391,8565,2597,1440,4163,2398,8631,4727,6760,3838,mythic,U,5.0,Legendary Creature - Phyrexian Praetor
D28,"Jin-Gitaxias, Core Augur",902,413,146,58,208,97,548,258,354,155,,,,
D28,Joyful Stormsculptor,45014,24259,9169,4865,12887,7283,22958,12111,22056,12148,uncommon,RU,5.0,Creature - Human Shaman
D28,"Judith, the Scourge Diva",13345,7344,2236,1321,3466,2024,7643,3999,5702,3345,,,,
D28,Jungle Hollow,98133,52917,19707,11066,25466,13646,52960,28205,45173,24712,common,BG,0.0,Land
D28,"Juri, Master of the Revue",36301,19215,6580,3453,9302,5032,20419,10730,15882,8485,,,,
D28,"Kaheera, the Orphanguard",4691,2337,821,411,1088,516,2782,1410,1909,927,,,,
D28,Kami of Whispered Hopes,73410,39313,14932,8171,17767,9461,40711,21681,32699,17632,uncommon,G,3.0,Creature - Spirit
D28,Karsus Depthguard,25055,12837,5199,2603,5980,3004,13876,7230,11179,5607,common,R,3.0,Creature - Lizard Warrior
D28,"Kenrith, the Returned King",10423,5664,1745,952,2570,1503,6108,3209,4315,2455,,,,
D28,"Keruga, the Macrosage",19767,10986,3174,1688,5144,3017,11452,6282,8318,4705,,,,
D28,Khenra Spellspear,84446,45894,17887,10358,21829,11735,44730,23801,39716,22093,uncommon,RU,2.0,Creature - Jackal Warrior
D28,Kitesail,29511,15508,4907,2464,6641,3539,17963,9505,11548,6003,common,,2.0,Artifact - Equipment
D28,Kithkin Billyrider,67461,36292,13962,7293,15778,8096,37721,20903,29740,15389,common,W,3.0,Creature - Kithkin Knight
D28,Knight of the New Coalition,96120,53812,20325,11619,24038,13434,51757,28759,44363,25053,common,W,4.0,Creature - Human Knight
D28,Knight-Errant of Eos,25864,14029,4372,2398,6056,3378,15436,8253,10428,5776,rare,W,5.0,Creature - Human Knight
D28,Kogla and Yidaro,22886,12511,3877,2274,5920,3698,13089,6539,9797,5972,rare,GR,6.0,Legendary Creature - Ape Dinosaur Turtle
D28,Kor Halberd,52133,28378,9450,5194,11692,6119,30991,17065,21142,11313,common,W,1.0,Artifact - Equipment
D28,Kroxa and Kunoros,10144,5252,1592,815,2619,1481,5933,2956,4211,2296,mythic,BRW,6.0,Legendary Creature - Elder Giant Dog
D28,"Kroxa, Titan of Death's Hunger",6778,3714,1127,633,1698,1061,3953,2020,2825,1694,,,,
D28,"Kwende, Pride of Femeref",20374,11057,3282,1718,4412,2258,12680,7081,7694,3976,,,,
D28,"Lathiel, the Bounteous Dawn",6054,3017,1035,478,1382,691,3637,1848,2417,1169,,,,
D28,Lithomantic Barrage,21620,11390,3693,1984,5335,2873,12592,6533,9028,4857,uncommon,R,1.0,Sorcery
D28,Lurrus of the Dream-Den,21255,12030,3558,2018,5327,3227,12399,6807,8885,5245,,,,
D28,"Lutri, the Spellchaser",8270,4459,1379,683,2067,1097,4844,2690,3446,1780,,,,
D28,Marauding Dreadship,83364,45659,17910,9894,21903,12279,43551,23486,39813,22173,common,R,3.0,Artifact - Vehicle
D28,Marshal of Zhalfir,69823,40696,17324,11069,18369,10943,34130,18684,35693,22012,uncommon,UW,2.0,Creature - Human Knight
D28,Meeting of Minds,175422,98698,34206,19050,48185,27530,93031,52118,82391,46580,common,U,4.0,Instant
D28,Merciless Repurposing,104422,57649,17625,9556,28717,17120,58080,30973,46342,26676,uncommon,B,6.0,Instant
D28,Mirran Banesplitter,16371,8520,2982,1527,3889,2034,9500,4959,6871,3561,common,R,1.0,Artifact - Equipment
D28,Mirrodin Avenged,24407,12546,4099,2054,6237,3276,14071,7216,10336,5330,common,B,1.0,Instant
D28,Mirror-Shield Hoplite,27615,14954,6787,3884,6916,3553,13912,7517,13703,7437,uncommon,RW,2.0,Creature - Human Soldier
D28,Moment of Truth,42673,23076,7946,4194,11215,6167,23512,12715,19161,10361,common,U,2.0,Instant
D28,Monastery Mentor,14663,8021,2615,1497,3540,1969,8508,4555,6155,3466,mythic,W,3.0,Creature - Human Monk
D28,Mutagen Connoisseur,35321,18552,7362,3774,9974,5486,17985,9292,17336,9260,uncommon,GU,3.0,Creature - Vedalken Mutant
D28,Nahiri's Warcrafting,25722,13990,4426,2420,6412,3753,14884,7817,10838,6173,rare,R,3.0,Sorcery
D28,Negate,15321,8016,2466,1210,3925,2115,8930,4691,6391,3325,common,U,2.0,Instant
D28,Nezumi Freewheeler,66545,34741,12112,6047,17981,9687,36452,19007,30093,15734,uncommon,BW,4.0,Creature - Rat Samurai
D28,Nezumi Informant,169206,94025,39223,22493,46940,26469,83043,45063,86163,48962,common,B,2.0,Creature - Rat Rogue
D28,Niv-Mizzet Reborn,3605,1782,515,252,1000,555,2090,975,1515,807,,,,
D28,Norn's Inquisitor,89347,50844,19131,12085,21963,12854,48253,25905,41094,24939,uncommon,W,2.0,Creature - Phyrexian Knight
D28,"Obosh, the Preypiercer",14319,7584,2361,1213,3552,1979,8416,4397,5913,3192,,,,
D28,Oculus Whelp,39001,20190,7112,3438,10516,5574,21373,11178,17628,9012,common,U,4.0,Creature - Phyrexian Dragon
D28,Omen Hawker,64444,36330,12529,7439,16919,9339,34996,19552,29448,16778,uncommon,U,1.0,Creature - Octopus Advisor
D28,"Omnath, Locus of All",10098,4947,1753,823,2705,1402,5640,2722,4458,2225,rare,BGRUW,5.0,Legendary Creature - Phyrexian Elemental
D28,Onakke Javelineer,48961,25462,8207,4101,12322,6478,28432,14883,20529,10579,common,R,5.0,Creature - Ogre Spirit
D28,Oracle of Tragedy,89652,49654,17930,9798,23482,13265,48240,26591,41412,23063,uncommon,U,2.0,Creature - Human Wizard
D28,Order of the Mirror,154732,85135,34045,18397,40712,21817,79975,44921,74757,40214,common,UW,2.0,Creature - Human Knight
D28,Overgrown Pest,147042,80558,33557,18577,38974,21895,74511,40086,72531,40472,common,G,3.0,Creature - Pest
D28,"Ozolith, the Shattered Spire",28742,15698,5413,3150,6878,3889,16451,8659,12291,7039,rare,G,2.0,Legendary Artifact
D28,Phyrexian Archivist,5439,2773,806,382,1353,713,3280,1678,2159,1095,common,,6.0,Artifact Creature - Phyrexian Construct
D28,Phyrexian Awakening,62675,33730,12294,6643,15529,8570,34852,18517,27823,15213,uncommon,W,3.0,Enchantment
D28,Phyrexian Censor,47548,25540,9890,5410,11800,6382,25858,13748,21690,11792,uncommon,W,3.0,Creature - Phyrexian Wizard
D28,Phyrexian Gargantua,87088,46877,14261,7441,23068,12782,49759,26654,37329,20223,uncommon,B,6.0,Creature - Phyrexian Horror
D28,Pile On,35825,20315,6195,3628,9589,6020,20041,10667,15784,9648,rare,B,4.0,Instant
D28,Placid Rottentail,31487,16396,6275,3306,7293,3537,17919,9553,13568,6843,common,G,1.0,Creature - Fungus Rabbit
D28,Polukranos Reborn,28526,15942,4905,2891,7723,4603,15898,8448,12628,7494,rare,GW,3.0,Legendary Creature - Hydra
D28,Portent Tracker,127031,68376,27849,15823,31670,16449,67512,36104,59519,32272,common,G,2.0,Creature - Satyr Scout
D28,Preening Champion,228623,132016,54883,33926,65999,39852,107741,58238,120882,73778,common,U,3.0,Creature - Bird Knight
D28,Progenitor Exarch,29501,16039,5131,2888,7128,4066,17242,9085,12259,6954,rare,W,1.0,Creature - Phyrexian Cat Cleric
D28,Protocol Knight,83874,47315,18439,10186,22588,12813,42847,24316,41027,22999,common,U,4.0,Creature - Human Knight
D28,Pyretic Prankster,94064,49207,20009,10053,24184,12261,49871,26893,44193,22314,common,BR,2.0,Creature - Devil
D28,"Quintorius, Loremaster",21072,11333,3498,1851,5221,3029,12353,6453,8719,4880,rare,RW,5.0,Legendary Creature - Elephant Cleric
D28,"Radha, Coalition Warlord",8251,3945,1334,599,2067,978,4850,2368,3401,1577,,,,
D28,"Raff, Weatherlight Stalwart",62049,34997,11094,6297,15034,8395,35921,20305,26128,14692,,,,
D28,"Ragavan, Nimble Pilferer",8161,4507,1557,1064,1859,981,4745,2462,3416,2045,,,,
D28,Ral's Reinforcements,102046,55741,25417,14516,27651,15125,48978,26100,53068,29641,common,R,2.0,Sorcery
D28,Ramosian Greatsword,30319,15777,4839,2353,7205,3612,18275,9812,12044,5965,uncommon,R,5.0,Artifact - Equipment
D28,Rampaging Geoderm,36130,18991,7851,4204,9755,5256,18524,9531,17606,9460,uncommon,GR,4.0,Creature - Dinosaur Beast
D28,Rampaging Raptor,25740,13942,4520,2554,6302,3565,14918,7823,10822,6119,rare,R,4.0,Creature - Dinosaur
D28,Rankle and Torbran,17598,9101,3036,1583,4601,2537,9961,4981,7637,4120,rare,BR,5.0,Legendary Creature - Faerie Dwarf
D28,Ravenous Sailback,43075,22872,7061,3620,10596,5831,25418,13421,17657,9451,uncommon,G,5.0,Creature - Dinosaur
D28,Realmbreaker's Grasp,116316,63130,23920,12492,29330,16196,63066,34442,53250,28688,common,W,2.0,Enchantment - Aura
D28,"Realmbreaker, the Invasion Tree",9924,5101,1826,874,2508,1361,5590,2866,4334,2235,rare,,3.0,Legendary Artifact
D28,Redcap Heelslasher,44296,22896,8366,4220,10904,5624,25026,13052,19270,9844,common,R,4.0,Creature - Goblin Rogue
D28,"Renata, Called to the Hunt",44710,23296,7469,3743,10574,5412,26667,14141,18043,9155,,,,
D28,Render Inert,47704,25644,8201,4256,12559,7179,26944,14209,20760,11435,uncommon,B,3.0,Sorcery
D28,"Reyav, Master Smith",19862,10799,3682,2168,4369,2473,11811,6158,8051,4641,,,,
D28,"Rona, Herald of Invasion",38319,21497,7005,4266,10203,5873,21111,11358,17208,10139,rare,BU,2.0,Legendary Creature - Human Wizard
D28,"Rona, Sheoldred's Faithful",19099,10325,3100,1608,5097,2848,10902,5869,8197,4456,,,,
D28,Rugged Highlands,64706,34091,13231,7294,16704,8676,34771,18121,29935,15970,common,GR,0.0,Land
D28,Saiba Cryptomancer,171177,97244,34229,19381,46663,27562,90285,50301,80892,46943,common,U,2.0,Creature - Moonfolk Ninja
D28,Sandstalker Moloch,73913,40653,14523,8162,18695,10424,40695,22067,33218,18586,uncommon,G,3.0,Creature - Lizard
D28,Scorn-Blade Berserker,105284,58948,21217,12040,28079,16431,55988,30477,49296,28471,uncommon,B,1.0,Creature - Human Berserker
D28,Scoured Barrens,79590,41987,15853,8726,20243,10682,43494,22579,36096,19408,common,BW,0.0,Land
D28,Scrappy Bruiser,15980,8122,2703,1290,3764,1886,9513,4946,6467,3176,uncommon,R,4.0,Creature - Raccoon Warrior
D28,Scrollshift,36441,19241,6015,3022,8498,4597,21928,11622,14513,7619,common,W,3.0,Instant
D28,Sculpted Perfection,42373,21784,9072,4622,11743,6326,21558,10836,20815,10948,uncommon,BW,4.0,Enchantment
D28,Seal from Existence,76757,41929,14226,7526,18450,10419,44081,23984,32676,17945,uncommon,W,3.0,Enchantment
D28,Searing Barb,38653,20111,7150,3651,9602,5034,21901,11426,16752,8685,common,R,3.0,Sorcery
D28,See Double,38901,21548,6457,3488,10633,6241,21811,11819,17090,9729,rare,U,4.0,Instant
D28,Seed of Hope,42397,23348,8737,4785,10541,5847,23119,12716,19278,10632,common,G,1.0,Instant
D28,"Seizan, Perverter of Truth",1382,648,186,72,352,154,844,422,538,226,,,,
D28,Seraph of New Capenna,42589,22054,8132,4012,10262,5281,24195,12761,18394,9293,uncommon,BW,3.0,Creature - Angel Soldier
D28,Serpent-Blade Assailant,90388,48470,18387,9856,22617,12200,49384,26414,41004,22056,common,G,3.0,Creature - Elf Warrior
D28,"Shanna, Sisay's Legacy",27790,14928,5069,2804,6111,3207,16610,8917,11180,6011,,,,
D28,Shatter the Source,99065,52526,17556,9038,25970,14031,55539,29457,43526,23069,common,R,6.0,Instant
D28,Sheoldred,17113,9922,2857,1771,4761,3156,9495,4995,7618,4927,mythic,B,5.0,Legendary Creature - Phyrexian Praetor
D28,"Sheoldred, Whispering One",10885,6165,1799,1012,2980,1928,6106,3225,4779,2940,,,,
D28,Shivan Branch-Burner,51678,27179,8782,4447,13149,7059,29747,15673,21931,11506,uncommon,R,7.0,Creature - Dragon
D28,Sigiled Sentinel,113873,63283,25264,14106,28233,15407,60376,33770,53497,29513,common,W,3.0,Creature - Human Knight
D28,"Skithiryx, the Blight Dragon",8841,4679,1503,770,2251,1286,5087,2623,3754,2056,,,,
D28,Skittering Surveyor,165316,89161,35065,18821,41928,23212,88323,47128,76993,42033,common,,3.0,Artifact Creature - Construct
D28,Skyclave Aerialist,135439,77441,28139,16752,37066,21640,70234,39049,65205,38392,uncommon,GU,2.0,Creature - Merfolk Scout
D28,"Squee, the Immortal",7445,3727,1264,577,1788,836,4393,2314,3052,1413,,,,
D28,"Sram, Senior Edificer",7429,3964,1422,784,1593,794,4414,2386,3015,1578,,,,
D28,Stasis Field,83981,44616,16488,8384,22998,12697,44495,23535,39486,21081,common,U,2.0,Enchantment - Aura
D28,Stoke the Flames,86578,46883,16480,8871,22827,13151,47271,24861,39307,22022,uncommon,R,4.0,Instant
D28,Storm the Seedcore,52076,28205,8746,4736,12449,7001,30881,16468,21195,11737,uncommon,G,4.0,Sorcery
D28,Stormclaw Rager,48887,25719,10820,5644,13376,7158,24691,12917,24196,12802,uncommon,BR,3.0,Creature - Ogre Warrior
D28,Streetwise Negotiator,100570,56002,21871,12914,25204,14144,53495,28944,47075,27058,uncommon,G,2.0,Creature - Cat Citizen
D28,Sun-Blessed Guardian,52351,27804,10457,5469,12237,6228,29657,16107,22694,11697,uncommon,RW,2.0,Creature - Human Cleric
D28,Sunder the Gateway,65667,35511,13044,6926,15611,8400,37012,20185,28655,15326,common,W,2.0,Sorcery
D28,Sunfall,35482,20869,6223,4047,8897,6104,20362,10718,15120,10151,rare,W,5.0,Sorcery
D28,Surge of Salvation,20910,11296,3246,1764,4887,2578,12777,6954,8133,4342,uncommon,W,1.0,Instant
D28,Swiftwater Cliffs,83417,44911,16937,9451,21723,11578,44757,23882,38660,21029,common,RU,0.0,Land
D28,Sword of Once and Future,17698,9922,3020,1735,4402,2720,10276,5467,7422,4455,mythic,,3.0,Artifact - Equipment
D28,Swordsworn Cavalier,99648,56084,26034,15418,25281,13449,48333,27217,51315,28867,common,W,2.0,Creature - Human Knight
D28,"Taigam, Ojutai Master",8383,4371,1313,659,2117,1068,4953,2644,3430,1727,,,,
D28,Tandem Takedown,91079,50252,16528,9146,23452,13762,51099,27344,39980,22908,uncommon,G,3.0,Instant
D28,Tangled Skyline,86578,47903,15836,8685,22727,13332,48015,25886,38563,22017,uncommon,G,5.0,Enchantment
D28,Tarkir Duneshaper,79495,43181,16478,9333,18802,9705,44215,24143,35280,19038,common,GW,1.0,Creature - Dog Warrior
D28,Temporal Cleansing,192338,109381,38443,21400,54801,32151,99094,55830,93244,53551,common,U,4.0,Sorcery
D28,Tenured Oilcaster,22261,11224,3992,1883,5858,3076,12411,6265,9850,4959,common,B,4.0,Creature - Phyrexian Wizard
D28,"Tetsuko Umezawa, Fugitive",96860,55138,17680,10099,24346,14085,54834,30954,42026,24184,,,,
D28,Teysa Karlov,7058,3498,1119,520,1733,863,4206,2115,2852,1383,,,,
D28,Thalia and The Gitrog Monster,11798,6316,1933,1105,3036,1752,6829,3459,4969,2857,mythic,BGW,4.0,Legendary Creature - Human Frog Horror
D28,"Thalia, Guardian of Thraben",11296,6101,2037,1119,2493,1293,6766,3689,4530,2412,,,,
D28,Thornwood Falls,97539,52652,19852,11117,25849,13876,51838,27659,45701,24993,common,GU,0.0,Land
D28,Thrashing Frontliner,62972,33096,13642,7218,15826,7954,33504,17924,29468,15172,common,R,2.0,Creature - Phyrexian Lizard
D28,Thunderhead Squadron,72220,38482,12432,6234,18795,10005,40993,22243,31227,16239,common,U,6.0,Creature - Human Knight
D28,Tidal Terror,134830,73897,24818,13010,36477,20577,73535,40310,61295,33587,common,U,6.0,Creature - Octopus
D28,Tiller of Flesh,41668,21378,7616,3710,10041,5030,24011,12638,17657,8740,uncommon,W,4.0,Creature - Phyrexian Knight
D28,Timberland Ancient,111073,59481,21003,10895,28105,15349,61965,33237,49108,26244,common,G,6.0,Creature - Treefolk
D28,Trailblazing Historian,33564,17261,6328,3171,7735,3790,19501,10300,14063,6961,common,R,2.0,Creature - Human Shaman
D28,Tranquil Cove,92746,50671,18635,10648,22868,12171,51243,27852,41503,22819,common,UW,0.0,Land
D28,Transcendent Message,28294,15753,4528,2416,7468,4304,16298,9033,11996,6720,rare,U,4.0,Instant
D28,Traumatic Revelation,85825,46532,16944,9072,22845,12606,46036,24854,39789,21678,common,B,2.0,Sorcery
D28,Tribute to the World Tree,17668,9109,2975,1589,4182,2097,10511,5423,7157,3686,rare,G,3.0,Enchantment
D28,"Tymaret, Chosen from Death",60101,32813,10375,5515,15439,8669,34287,18629,25814,14184,,,,
D28,"Umori, the Collector",18430,10106,3029,1699,4794,2681,10614,5728,7823,4380,,,,
D28,Unseal the Necropolis,152349,84377,25942,13724,41181,24270,85226,46383,67123,37994,common,B,3.0,Instant
D28,Urabrask,11451,6097,1914,1060,2863,1538,6674,3499,4777,2598,mythic,R,4.0,Legendary Creature - Phyrexian Praetor
D28,Urabrask the Hidden,6558,3372,1090,561,1548,808,3920,2003,2638,1369,,,,
D28,Urn of Godfire,29001,14920,5353,2519,7128,3791,16520,8610,12481,6310,common,,1.0,Artifact
D28,"Valduk, Keeper of the Flame",19097,9953,3473,1778,4201,2132,11423,6043,7674,3910,,,,
D28,Vanquish the Weak,150680,82192,30223,16097,41214,23332,79243,42763,71437,39429,common,B,3.0,Instant
D28,Vengeant Earth,4598,2285,791,371,1045,484,2762,1430,1836,855,common,G,2.0,Instant
D28,Volcanic Spite,145083,79359,33431,19202,38242,21844,73410,38313,71673,41046,common,R,2.0,Instant
D28,Voldaren Thrillseeker,28038,15564,5019,2885,6869,4109,16150,8570,11888,6994,rare,R,3.0,Creature - Vampire Warrior
D28,Vorinclex,15939,9182,2769,1743,4468,2883,8702,4556,7237,4626,mythic,G,5.0,Legendary Creature - Phyrexian Praetor
D28,"Vorinclex, Voice of Hunger",3011,1490,445,211,734,360,1832,919,1179,571,,,,
D28,War Historian,84799,45107,17414,9166,21317,11328,46068,24613,38731,20494,common,G,3.0,Creature - Human Monk
D28,War-Trained Slasher,36283,18548,6529,3311,9159,4631,20595,10606,15688,7942,common,R,4.0,Creature - Wolverine Dinosaur
D28,Wary Thespian,130575,71458,29331,16599,33321,18233,67923,36626,62652,34832,common,G,2.0,Creature - Cat Druid
D28,Wicked Slumber,67240,36871,11285,5858,17750,9963,38205,21050,29035,15821,uncommon,U,4.0,Instant
D28,Wildwood Escort,81982,43685,13587,6847,20467,11240,47928,25598,34054,18087,common,G,5.0,Creature - Elf Warrior
D28,Wind-Scarred Crag,61639,32260,12373,6722,15234,7736,34032,17802,27607,14458,common,RW,0.0,Land
D28,Wrenn and Realmbreaker,13197,7197,2235,1237,3295,1967,7667,3993,5530,3204,mythic,G,3.0,Legendary Planeswalker - Wrenn
D28,Wrenn's Resolve,36413,19284,6946,3479,9021,4800,20446,11005,15967,8279,common,R,2.0,Sorcery
D28,Xerex Strobe-Knight,124534,70566,25155,14643,33415,19275,65964,36648,58570,33918,uncommon,U,3.0,Creature - Human Knight
D28,Yargle and Multani,5788,2926,913,461,1460,760,3415,1705,2373,1221,rare,BG,6.0,Legendary Creature - Frog Spirit Elemental
D28,"Yargle, Glutton of Urborg",3012,1378,446,196,719,344,1847,838,1165,540,,,,
D28,"Yarok, the Desecrated",8368,4427,1416,758,2255,1285,4697,2384,3671,2043,,,,
D28,"Yedora, Grave Gardener",7421,3895,1160,558,1741,923,4520,2414,2901,1481,,,,
D28,"Yorion, Sky Nomad",18627,10677,2976,1786,4775,2967,10931,5950,7751,4753,,,,
D28,"Zada, Hedron Grinder",12426,6502,2083,1025,2856,1474,7487,4003,4939,2499,,,,
D28,Zephyr Singer,40432,23823,7108,4631,10680,6765,22644,12427,17788,11396,rare,U,4.0,Creature - Siren Pirate
D28,Zhalfirin Lancer,62522,34751,13462,7523,15247,8262,33813,18966,28709,15785,uncommon,W,3.0,Creature - Human Knight
D28,Zhalfirin Shapecraft,68216,37660,12406,6673,17746,10020,38064,20967,30152,16693,common,U,2.0,Instant
D28,Zimone and Dina,10395,5544,1768,961,2733,1581,5894,3002,4501,2542,mythic,BGU,3.0,Legendary Creature - Human Dryad
D28,"Zirda, the Dawnwaker",11132,5964,1923,1011,2641,1391,6569,3563,4564,2402,,,,
D28,Zurgo and Ojutai,11442,6253,1868,1052,2898,1769,6676,3432,4766,2821,mythic,RUW,5.0,Legendary Creature - Orc Dragon
