id,name,pred_A,pred_B
2Pc8VA6hnbDVsh7tZfiQvS,"Jace, Reality Sculptor",0.5655584214102704,0.560507523306081
1921LkjXbumPpQHH6TFQ6l,"Marwyn, the Clearcutter",0.5592653047261174,0.5583853093785681
3TOLH91GVNchxAhp5QROez,"Marwyn, the Preserver",0.5605982892067162,0.5616198999924392
6QcUCUaFQeSddN5ToJYHJ0,"Tam, the Possibility",0.5429959352333084,0.5443702920378689
5wHXP6TFgZqQfgqqybSLVf,Guiding Hydra,0.5844977384640881,0.5803567800173229
4zdOnHzlVGFaK5FbrGM3OP,Lich's Relic,0.5805575622268072,0.5946235801992659
QwA7P3d38hWjZXaU2PPlT,Verdant Kraken,0.5908395579015749,0.5956805494614285
2Vd8gM17A8YxqyXABFkKGY,Hall of Echoes,0.5514401128719025,0.5484964175164805
5w87iskMh2ySglp8wDcEqC,"Rescue Girl, First Responder",0.5443131950287032,0.5487725546457228
5MXF7kBU8WBanqhtxgRjwV,"Saheeli, Consul of Oversight",0.5562945287765951,0.5586336052237048
1oXTmASohfNTgaubCKUjsC,"Massacre Girl, Most Wanted",0.5522801751926227,0.5529560671628406
N5gg4F6noYEvnjEgAjD2n,"Saheeli, Jewel of Avishkar",0.5484217294834427,0.5494362716337388
64xk9oArbBqObSOmkZjRSM,Blossom-Blessed Angel,0.5489554643083574,0.5458755884036964
754dKLWKVPEUfS8kfO48Xi,Germinate Recruits,0.5125987999948537,0.5095191231119025
2pYLLmTvztHdWqLo6XphC5,Graft Surgeon,0.540358652999675,0.539884431787032
3dYsf7AmgITXEeAnqZgFkT,Sphinx's Approach,0.5413929773360499,0.5411775631499417
01ps6syclnZ8wqYe25ttqG,Multiply by Zero,0.5728180966250752,0.5748467570284116
6qcSTAUIxz5DTrJs7IXqLz,Command the Stage,0.551455643190598,0.5581169774415492
vG1ZnMOmXzdT16Vq79BGQ,Gardenize,0.47554485833004206,0.5180219879104976
4l7GHVCIGPEVMHCVGDVPXP,Bloombrute,0.5595806172505721,0.5581473637802669
6XHW8FlNM5zlMdOzvdq4r8,Desperate Futurescribe,0.5558299585660645,0.5557276492859534
318z1ECdskbYTdVIqqfMVf,Ferocity of the Hunt,0.5249105557208936,0.526984950909389
rYzRRrhPcHiXoKMI1TnL9,Primal Witchstalker,0.5688819076206458,0.5660915433974519
2Hycax93GHZsqwLEuJlcNL,"Codie, Ravenous Codex",0.5397157716367863,0.5321059802254421
4atYzJut2UR58s15I9DHha,Plan for All Outcomes,0.559726058046973,0.5588862154833619
3bn0EKxv8kIUilRY8tF9tU,"Yoshimaru, Beloved Companion",0.5310808584776227,0.5357142224944489
4ocLwS2MVTRC4WD1Nt2aKT,Entrust the Spark,0.5075785945475729,0.4970728000663837
SmTxH2Qd9Cl38B16kYot6,Sanctum Lurker,0.5673821754697747,0.5772686742404299
7c7tMkOAdNEmrW8LWdsAW8,Vigorbloom Annex,0.5451769054674341,0.545465538936677
7iFwiCeI8XrTMBU0xgLBon,Divining Duelist,0.5513102428652896,0.5493213248463648
6K7E87Yldqz0CqiUZTO8sx,Mindseeker Oculus,0.5753080290942446,0.5776343003168354
0io1bgNAJWAzmMziOHXXq,Undulating Witness,0.5404618496691945,0.5410865461406744
2Y8lW8IxZvS38v91tj4iIM,Unsummon,0.5533577773369406,0.5566870038063417
1TNgAqW8mvqwHPDAVu9LsP,Apex Witchstalker,0.5541849008691334,0.5553529997824259
2NAxN8TCtSr5K3mjIZhdSs,Extended Absence,0.5647788628613303,0.5637920076212832
msLNjbIGytCyY5cAHmgbB,Rank Rat,0.5609948526352623,0.5618487719511214
2WbywA7HPn6wdGmyAWYFkj,Theoretical Necromancer,0.5413167376651378,0.542080225125899
4lIfShNHUQyOmOLR9Qi0in,Void Extrapolator,0.5503955412396769,0.5432919372343106
6OURQ6p9ieXfSlsvSnvRUu,Awaken the Inferno,0.5513194418018351,0.5521810296676372
7rp09NHYYZXFX397nDtwjJ,Fulminous Forte,0.5743770044212272,0.574908970726809
3OOq0ro4r8o4Iqy7AheXT3,Heartstring Puller,0.5756877284252484,0.5779722880867935
23Z9eE2i4DaGlbgjMBDaM3,Skilled Battlecarver,0.5400744772587727,0.5395351866918817
2jwtB8FM1GC2exxMOaO7TE,Tether Technician,0.5541184492913245,0.555348328164046
1KI7gUbJxeMs4RSoOEvRgP,Hunter's Axe,0.5212768233133528,0.5209043632503861
1sXU1GPyJTOl95XKQ9uQSS,Sureshot Sower,0.5450580186146136,0.5488495239613334
XwsiiGuD7T8vt5O8ZtUcR,Vinelasher Adept,0.5470183951719033,0.54893178986884
5JsAyopuDedjZcFthhssOE,Blessed Ghoul,0.5481270007016593,0.5489088081271318
1GTF4neNvfvkYb0mrwZlF9,Konstrari Improviser,0.5544451446356164,0.556455773507492
75mR8O7cgTMcf2oiWIT81j,Recursive Recruitment,0.5691571703298882,0.5697642468893059
3dWYnO5iF3wku32B79p4zM,Theorix Metamage,0.5463846040066576,0.5462143668107854
6gvmaMh8qu2lTLABlZZ4x6,Twinned Vision,0.5518821549230571,0.5536082975140354
2f3TAXX94XJIIs7phl0wUr,Twisted Fates,0.5647314120619621,0.5641514612140207
csS3I1pPWwPcKJveOLIYR,Archive Arbiter,0.555708653732849,0.566117192811716
2WFCZ6iXPDyj4bh3GKkmT4,Eye of Jace,0.5343338419072307,0.5371785167132338
5rkRApZkwiNP98fUAHv1Oa,Living Library,0.5256779025141257,0.5271161266509111
2r8mYaPs0Dt5XjzbyjaaLL,Medic's Kitesail,0.5300146567951677,0.5299984632076686
52NjWBUcJKqlMuAdy2McTF,Dedicated Commons,0.5451769054674341,0.545465538936677
68vuPm1RRDP6p1VjAOJeZP,Fatehold Annex,0.5451769054674341,0.545465538936677
HNxBirUa5aXiugkuBwY4E,Formidable Commons,0.5451769054674341,0.545465538936677
pAITiWY0WKS1mVRDDn4EB,Hexhaven Dueling Arena,0.5425409900218693,0.5232518920824419
5HoiybVIX8hZyojjiLfSZL,Innovative Commons,0.5451769054674341,0.545465538936677
2J7kCwHodme1eJhXvgTIfY,Konstrari Annex,0.5451769054674341,0.545465538936677
3mqhZCy4su5QeglSgT0VG,Meticulous Commons,0.5451769054674341,0.545465538936677
M2HDFPtRN9BnQytDvG4xI,Room of Refuge,0.5478514782713954,0.5463034656378157
1ZwjoEmoDS1Lb3d7L8RNwE,Stingerquill Annex,0.5451769054674341,0.545465538936677
nfTtWSzeUtfQ9eHnFi62N,Theorix Annex,0.5451769054674341,0.545465538936677
5DitpRTcsFBteJf5GpX1fv,Transformative Commons,0.5451769054674341,0.545465538936677
22FMxZx1wUBQIXWkaPlVuV,"Arni, Humble Scribe",0.5680016980888564,0.5666418265632451
yN4n3saXLaTeFvQFarYXP,"Traxos, Academy Guardian",0.5442485547282595,0.5448942097054524
7gqL20kK7zOZl1wzgCvqVC,"Loot, the Anomaly",0.5377478390829536,0.5391884898731775
27JrxXIdyYWyKqHdzg4iT7,"Arni, Renowned Champion",0.5554687080325366,0.5565540576723204
oAeSKOm0SvpSofHlIVR0i,"Loot, the Nexus",0.5404321385864913,0.5392736085260726
4sDw85hczTmzgzaeqlWSGh,"Traxos, Scourge Eternal",0.5283939977654284,0.5332267544914294
21XISFuIDPHNKjrYzfOA3I,Fateshaper Aspirant,0.5511496796960061,0.5495130745887274
0L6J4fHJE2u1yiCcVwEZl,Hexhaven Battalion,0.5728654389284825,0.5677958777082793
2cesSRgvrE9QddG3e7K6pE,Predictive Preparations,0.5312553256963913,0.5336387447057763
3zKk0ZOcr6OZVboGebf5DV,Unflinching Hortimancer,0.5369162414183055,0.5369573130960951
1s9yeBVNbq49DQ6JPLi93O,Cryotheory Adept,0.5494373587787017,0.5396914408119605
5lOh9STU2OnanS2NEsq9wf,Kindred Judgment,0.5737416005741289,0.5738547110276833
77Dqj4t9np4LWYCX1IqEQB,Darklight Phoenix,0.5723766630178941,0.5690297528485971
7LQEGY3ROl962RLo4SriCM,Curse-Marred Demon,0.5856169668919103,0.5863815114011663
2WAUFOA4beLXtZlo3R0NwX,Frostbite Pyromental,0.5682296174172338,0.5736147548448661
69JEJGOv5ke8NLdp8IvxcH,Flickering Hound,0.5420620699903506,0.5400657414635935
7FVGUea9EnsTl1Y6Tg0O6R,Ajani's Anguish,0.5697086197955304,0.576134534714829
2i6yC0WeocN71c3QsvTJh,Draconic Visitor,0.5786013182566313,0.5766541447450314
3Koiz1rMKrQA0DLPWMFKF6,Essence Burn,0.5473762278464459,0.5503150927946128
EgOVmnO8jCQNWv9lCnfh7,Flourishing Grapple,0.5668372758052413,0.5660322836689341
5xa3UHGDm9oXxBJJ4hyjVN,Craftwork Crusher,0.5832113946554446,0.5903282362896245
6pt0iJ70B3Jb6YqDqg8eri,Grim Repriser,0.5581056367912605,0.5593081321909885
7szC7LkmxtItSH7bDmkbZg,"Yoshimaru, Scrappy Stray",0.5751534031877595,0.5732538789403344
3coQsAuRpkBoxb2HeeEeI0,Seasoned Cryomancer,0.612399485263872,0.6042950911547992
5SCq705omR4jWNnp7z5JQo,Rise of the Deathbringer,0.577411423739499,0.5673726026650812
78Budn5GOm04yJXZ4ERrhC,Omnipresence,0.5208205576950197,0.5172084691964742
5pqCWvhVzLY0oI3AbdSy1J,Simulacrum Shaper,0.5689885664581026,0.5716539576136727
1y1uAx8oL3qbVEEdEaos6M,"Teyo, Lightshield Expert",0.5682422360316187,0.5668844576305875
5B1aVZDWx0GR7c92OAU7Yn,"Teyo, Diamondblade Mage",0.5653643669839832,0.5565600569011692
4t7oOoLZqtrGwocvJ8H6kj,Refute Destiny,0.5631192140313935,0.5592390250768048
5MljzqPnj7I9Nakf2HatM5,Precise Redaction,0.5404031021042389,0.5436578745434467
7hm542uQ8Tm0dOoPQX4FRN,Terminal Criticism,0.5650908447644959,0.5610498067469222
6zZPkXpKpi4P4fEJXuA1E7,Puppet Crafting,0.5026925998184485,0.515623047931119
4ycH2BNlRja3D2AMLh0Jyy,Roiling Canopy,0.5466399659826591,0.5471517248023399
6LEwwUZDfrE1QcoIhoGTNc,Koth of the Homestead,0.558282787491852,0.566826023044592
7dWdTUWildvlc6IXNMpgV6,"Koth, the Geomancer",0.5648855616273308,0.5720139763556268
4nOztdyBCKQg3PcJnu7kzI,Variable Chaser,0.5809083983832096,0.5795179337029365
AMQdUSA0TrtEdeWFVi3Ko,Pyre Rhymer,0.5704926539160372,0.5720862190066675
4HQx1KRu1HGGqm2FNrHkL7,Mind Meanderer,0.5764591380490018,0.5772670406987523
7fCYjKuNbdvA0VV2DUujHX,Identity Echo,0.5023385762478457,0.4960111988942968
7JFO3e0BzIByjlx8D18TXz,The Echoverse Fulcrum,0.5894562604934344,0.5701056181132976
3fw5dvAUnVZCKV5lnWwlXF,"Hapatra, the Desert Frost",0.5640555121823282,0.5676328483445846
2vXQxX16MbbkbDanHnLXZy,"Gallia, Tragic Host",0.5515795643124509,0.5528211931699887
5ZQTrpjME2Gfq5xDktuGIj,"Mabel, Bitter Recluse",0.574788456292901,0.5675630721590227
6iUqbVRUTNkAq1ITqtDjhq,"Gallia, the Merrymaker",0.5444436172318868,0.5482476666350303
4ozKigwiKgfNPIj4Y1pehz,"Hapatra, the Desert Fang",0.5787278594445093,0.577210106617977
6wNmh5sA8RWzk71Y2aX3xQ,"Mabel, Valley Hero",0.5533856600000503,0.5498152686239254
51HQ48dK15wNrNjLO64zNE,Shatterwing Pegasus,0.5417986991859606,0.5434183139991915
5iwv1eyO69ZShIMMLJ3uwn,Surgical Precision,0.558668046636242,0.5564810413961401
3mVfPICYiXUYCaUVxqCuy4,Sphinx of False Conclusions,0.5934195935556442,0.5968249575501038
4N0FeZH17fYj1GBO2eH3Tj,Surveillance Phantasm,0.546851246316749,0.5451833748477073
5V1NoDjWAvXts35cMA5pW9,Silence the Echo,0.56168315960266,0.5609111908013442
6CfKJ0G5TzRVBht2pXJcL3,Vraska's Final Mercy,0.5738391592797002,0.5682759913867986
aNHlouqO1a4AdvwcDoJ5L,Chandra's Emberling,0.5218446596921632,0.5213287586743861
1o209RwudUeX7QbSB1ZvYb,Wrath of the Bloodmane,0.5753912465414348,0.5764709028627242
55aoTeerYN3dGdcqKj5F86,Carnivorous Cultivator,0.5742227650691314,0.5758650176402808
RVpTg0HiztNaboiL1FVlY,Wrecking Gecko,0.5339103434150188,0.5343543832790633
606zEw5ow82RqZ6kIeGpt1,Stinging Vitriol,0.5260907990339828,0.5317288993850788
3SPfsdrk5Ffj2tANlyN07J,Tenured Tethermage,0.583507898750965,0.5751776690052159
2gnXGJHeMgogx3jEH98J4R,Murmuring Volume,0.5067328690548127,0.5108591891553087
4GdfgMLPyrd2hgpvli0FVD,Dark Matter Manipulator,0.5607107218296266,0.5645582280276634
4mYl5mptSC5SzW3MJ9kPSv,"Pia, Determined Rebuilder",0.5907355291796764,0.5924708078177744
36kYnOrl6xMEdItoBKCu1N,"Pia, Aether Ascetic",0.548299080235219,0.5491764999710401
1Ogjka7QEYkvL7X81cJZmk,Break Under Pressure,0.5562755442771704,0.5577879491515239
6yWyPmP0WkhcGn6B42plIw,Screeching Soulbreaker,0.5444826220017365,0.5433038571955174
0vCZnJs6j9wLVBZXRxRRs,Afterthought Sentry,0.5363060489006877,0.5376647661530044
3SmHGBKWlXwh914lHA3IQq,Bestial Incursion,0.5566994683403976,0.5580232426069793
2XfrAG26AQnGO3ONvxNVPR,Face Yourself,0.5247214276599,0.5454426233633192
3t0kFQmd0TpDolqwKD1Hcf,Violent Echoes,0.5735615710882042,0.57517760263446
7bI0PcRzkk2ZTgefeSVKCo,"Emrakul, the Exigent Doom",0.6031402369318801,0.591954503769763
1jkxvobDvxP9Z0dOiD5L2W,Blazing Crescendo,0.5316817084839389,0.5377897703724972
1pfCR0TujmQ9S8bCjUkZr6,Gideon's Memorial,0.56237103246084,0.5742155333804753
6p6rnfinjCDMZ6NOxhlbKU,"Lyra, Archangel of Dawn",0.5904750118466541,0.5871559717335934
J7B8KO0ICskxpERiQgnGd,"Thalia, the Survivor",0.5519782290771162,0.5458149262252455
6Mlt7guXlD89f8xvYM83pP,"Fblthp, Impossibly Lost",0.5556597787516602,0.5504923536277696
3fvrH1WgOL5ZmG9ficftD3,Geist of Saint Thalia,0.552920897969475,0.5516815869595323
22affqlk1QIPZyf58INMlr,"Lyra, Tolarian Archangel",0.5916447527985076,0.5940245332539668
4C7cvBCH1YijrWNsu7juNr,Gideon the Oathless,0.5980909038450551,0.6018058759410252
6j40KM8VxCnHqQkfsr4PTw,"Winter, Tormented Loner",0.5650305781176866,0.5587649630653713
7BoE8OIg05BuR8L17V6Doz,"Winter, Team Player",0.5320606303629863,0.5364125905811384
6aE39fIf0YXzbXJ4P7mS4r,"Fblthp, Knows the Way",0.5873868027678825,0.5839549140103957
4mJWapp0OTYJY9am4J7rVC,"Vraska, Soul of Stone",0.5609203692468179,0.5713656893474978
3fR7zpxwQDq5ne4YdiDTuy,"Vraska, the Cutting Glare",0.6070808619958478,0.6019350377674137
1nits8MTUmbOC942HGgenf,Tarmogoyf,0.557499953094323,0.5658019960058637
4Up1Eo0DmaoNooLlYMy19x,Solarium Sentry,0.5618635530030397,0.5685533785168609
66tvLegghgS0kkUTisH0MU,Vindictive Triumph,0.5681992205186737,0.56990581254323
343KeVg4Hq9aKEARevJPDY,"Danitha, Sword of Hope",0.5465170305056636,0.5380799456514549
6fJtgDDl4gZhHKm4tLlk25,"Yuriko, Blade of the Mighty",0.539138189594822,0.5377398906227913
NYBSq1n942QYP8U2We6cu,"Proft, Consulting Detective",0.5685677406169515,0.5657330659640789
7nx6DCh2ZovsLWoKi7Uik9,"Ruric Thar, Biomagus",0.5394299406717559,0.5424343598040601
71ExJyKQYBEpfEViXysu8r,"Tetsuko Umezawa, Fugitive",0.5499753774637097,0.5534584133602662
7CzAM3ftb2eS5bDgjM7LBd,"Yargle, Goliath of Otaria",0.5470486970080759,0.5474979338891846
H9zXrP5gNfpTlRw1nwkod,"Yuriko, Hope from the Shadows",0.5717702367718643,0.5744076087601034
SRn9Q6qYyzYPlNg9l2mFH,"Danitha, Spear of Agony",0.5373252857297054,0.542082369509917
6MWt45jeYA9iT5rwzEypA6,"Proft, Sinister Mastermind",0.5521777943553929,0.5521103664654827
1rvD0pusoUDZuVkPnz40Ky,"Yargle, Glutton of Urborg",0.553345294562944,0.5504737468801036
2iR1aNLutU1ypfkxUjZ5Kz,Kiora of Fire and Ashes,0.5894303141680486,0.5858963436666604
2r1e81JGBicHWVD5s1FhWA,"Tetsuko Umezawa, Pursuer",0.5431579760594153,0.5453540358617109
2dlMnshzWOo2dfyDwcSPlP,"Edgar, Moonlit Sovereign",0.5469503837159232,0.5512658210501766
6rcCFanvi95Fc1nd3gd0YV,"Ruric Thar, Magecrusher",0.5627572122580128,0.5665780391360699
5KNlewWNvJncO4o4Ac5trq,"Edgar, Ancient Bloodlord",0.5659010811556727,0.5644331458899142
3jA5koQ6d1Mk8sSJuJMEb,Kiora of Salt and Sand,0.5488898160328057,0.5423129677286737
1hIuDJFkptxtWMbBi4i7Cb,Cruel Calculations,0.5154050683000803,0.5041341549544313
4QM1ZfUrhx1fRVEy0XGFm7,Infinite Coursework,0.5475860360423274,0.5472324499784841
7dBhvmHWrfE0gsCCuLdvPQ,Semester Foreseer,0.560529242710824,0.557781084632329
6RGGXKbrpW5GdEzsSbHqTW,Last Gasp,0.5563635663076847,0.5603609520372023
01yiF3Bie7XkNBnDmcCbxR,Rampart Hunter,0.5456356096627507,0.5476751548846097
5R5WIip9BDjtgRMkzEZxJe,Hallway Heckler,0.5459226726040758,0.5469003010326974
4nUKpGIGiHcFC0cLO7eYQm,Master of Barbs,0.5498017780124032,0.5508019886519743
2DjYznMWeDfbETlQSOlO62,Greenhouse Propagator,0.5501625058055007,0.5528391914148472
6MpKKH71ix8PIkI2KwetCZ,Heartwood Crafter,0.5653055139977324,0.5624442981276013
2sW7B8vcAbQKzDwgQHvRaq,Hungering Puppetbeast,0.5924181131670718,0.5916482396641549
11ApfUR9m3Mj473Y42h6wj,Emergency Phytomedic,0.5478677848483381,0.5491701151710937
5sX4NAsuGUngbdAzYnaLkj,Fatehold Charm,0.5604625280038719,0.5608681093224971
17eamr9q0Jx6bWvB78cSjb,Konstrari Charm,0.5622669065625368,0.5616735479411246
35mcRpZ7Fo3KD4Y1kfDgAQ,Null Summoner,0.5802186562310995,0.5706198802432206
7vI2uebT67Q7SciKhRu19A,Proctor of Potential,0.5716470293431657,0.5728353725772871
6zxnp6jAshvrs7iIUQcRmR,Stingerquill Charm,0.5665772822490321,0.5668880405577834
3QS1Pd0g7D8qtsbjlc7sja,Theorix Charm,0.5648323407265802,0.5629898453711669
2mtJ0uY7x8P6FY1mvgySx9,Vigorbloom Charm,0.5706132465221054,0.5672902373255307
w4p1Mr7VevyaDJXhAQgXP,Whiplash Wordsmith,0.5429885813236841,0.5414525448117001
1YqmpbGEIaQSUvgJC3uGnN,Overwrite the Multiverse,0.6022555238731564,0.5865297611382633
1fejIWqePFNPqcjQhhsLB3,Prophesied End,0.5738255961465376,0.5724024993781563
47sfuLAEVm8uuCnRSkfkMI,Fatehold Chronologist,0.5601316661995536,0.5645376003703113
6rhrUvULK909WgGd4uqsbX,Eardrum Rattler,0.543269678149648,0.5470272494645668
1bGXN6CUCC0pfqPnNQ9fp7,Budding Insurgent,0.5434696956650241,0.5411900927215468
6nsSpy0F1koxSR6xUUqRGL,Warrior's Blades,0.5778351900100427,0.5750443652871673
2x1IneGosfjbHgd6o4kanM,Tethermage's Advantage,0.5505662397743859,0.5526402764750614
2BpKme5faR6oKC31XmJBiO,Solitary Cell,0.5717556825053167,0.5689599561945448
1YPVhItf9FTyUC2XlLIhJb,Hexhaven Invigorator,0.5576987051059511,0.5638014631917109
5Ptiqs88EALICfVG0fgFCl,"Karn, Gilded Guardian",0.5439400062454713,0.5531086828434747
1uJUI3r4afmMIWSNIWlC4U,"Karn, Argent Defender",0.5468700551363477,0.5402324141732854
4aX71Lu65JuwsiLzGGKBpa,Deserted Beach,0.547171693600159,0.547308442787864
6WqdeMTwdPjccoEEoQDULQ,Haunted Ridge,0.5325514126073259,0.5326449086192769
46h6OWfqJlLScW857kIKWq,Overgrown Farmland,0.547171693600159,0.547308442787864
7cbcKRJKvctEusRS33CGJ9,Ghalta the Immovable,0.542322619678712,0.5441200572573355
4NNKRfOfuwj3cAe2G2V9w9,"Jiang Yanggu, Alone",0.54223404017164,0.5438628454252998
6xvbg9nNOrz5S19KKiCgNx,Ghalta the Unstoppable,0.5529970887502883,0.5528570433626674
1ZOFpcq8mz3ZyMUhtuiHub,"Jiang Yanggu, Never Alone",0.5799481352706108,0.588266652299208
3HAQD1yonKA23EhkP2Hfwo,Academic Ascent,0.556936153601607,0.5575728886888821
7zwnWgc2oP4J0Kcmbx2poO,Campus Crier,0.5556931275339836,0.5563711934659635
5dZz7O2PjwfQwEcKKFFJg2,Loyal Tutor,0.5199209691325989,0.5097551803919528
7mo8ZE818h5oKynkPnaAzk,Countersculpt,0.5680755820710947,0.5722926347577427
2xgF9Cn9tZjdSa4e0JASFw,Diviner of Victory,0.601157752103078,0.5851492832140656
659LYTXO4cqaSSONOBpaFK,Jace's Machinations,0.5725668363771499,0.5615787623736147
2oZf62Upza01G6IfqTbf1M,No Admittance,0.5667580693296035,0.5678040906263245
7nNL946Kz9UgLwqhy2194e,Arcane Amphisbaena,0.565567106120829,0.5583746749033202
5CpNCmB8CexpfP0Pj5mH9j,Inspired Tethermage,0.5343863804859686,0.5386237885998414
63my35ShXTsFtP2bgTd1B1,Aerid Konstrari,0.6084439959283859,0.610289954287515
40pvsInwq2a57dNvuEWucM,Avatar of Burgeoning Echoes,0.6129668615812328,0.6100720509526422
2poiwYjFkcVUpU2WCChrEL,Clash of Elements,0.5555409628680142,0.5527424542233704
5OcrIN4krPTptOYChcPshI,Denzilore Fatehold,0.5733262714264389,0.5763028128939538
1AG7mLwvPLS5NrJ1WGb5xA,Ingris Stingerquill,0.6172650483576323,0.6110099589445918
3cHbMaU0u0qtkDCL5K8Br2,Kwia Vigorbloom,0.6117567053667118,0.611225431241928
5hDVau0UptgG5DhIXvgYd0,Keeper of the Quiet Hour,0.5483267113726084,0.5568961430680357
2fcXebVvfitzyrRn40HGGS,Eye of Ugin,0.5442043441336559,0.5290474630824561
7F2PSFKgdFt3W3BEn0gqeJ,Austere Command,0.5988574038849527,0.6206623548348763
3HCWsIrUaZ452EPAa2JtMO,Flesh Duplicate,0.5498924994002201,0.5495260139556178
3UMNyipZjHPeGEvAHpLkEt,Consign to Memory,0.55041851066694,0.5320676831726403
a2wtVX3AxRbppK1FvItjB,Sublime Epiphany,0.6024508604135348,0.6046999335787161
3HmPdLDlPCQLQICwaE8vE3,Consider,0.5282838435664315,0.5265550688415782
HaxxU3G2a9bAJpPSqzFXV,Necrodominance,0.5580877770926401,0.5637372651562579
2OEk60qFM8Cu4aU3VieIYy,Mind Twist,0.5408884585463899,0.5356869991530381
1Zy1zzCYdzZ7LaDq4pgMqR,Splinter Twin,0.5414015870185515,0.530494299342232
6a1uYz4LT49NjnfASJ4f16,Root Maze,0.5250727199299946,0.5079731972306438
7Ert3SGOU0S4keqPs1eypm,Memory Trap,0.5758018748956178,0.5759101975357239
43xm5ij0zbxQD2phKosbFg,Icy Reception,0.5574034026655702,0.5551404816090102
2PFrxLGZjAK2WaafNCtYOa,Return to the Light Realms,0.5370972585957553,0.5354211969684152
7dYgaZtxDFZDhkk3TwU9Zu,Rockfall Vale,0.5325514126073259,0.5326449086192769
3LgP47myneWXQkvCMzXdCB,Shipwreck Marsh,0.547171693600159,0.547308442787864
2lONoVBKtW0NjuvMhHIzw4,Theorist's Sanctum,0.5492523488347123,0.5426834793367609
641HivQCOqeNAc24SAFYGP,Way of the Cryomancer,0.5518237882991567,0.5542671678426129
6XZZySmoxxQHW62w0s3Jf0,Way of the Pyromancer,0.5648275537429673,0.5678518071579118
1WY0Q5EkTi18JwRubxLyAr,Repurposed Enforcer,0.6041153374962375,0.6028032880998119
lMub2eaP7E1amklpSDRgb,Protege's Awakening,0.5603267814556451,0.5584706465766187
2HLTckp5zpiD5GSr1sURNS,Theorist's Proxy,0.5955893575141672,0.5923975489503885
2kYq1UDIejUuBLr06wX6FI,Rewrite Regrets,0.553921450805568,0.5490397188590634
6UDoGhwf35CBPlFo2m5Z7R,Solve for Disappointment,0.5520693022288964,0.550225333724303
1vtyrCY2U0A7TdgmvsFb4A,Pompous Battlemage,0.5723825318096764,0.571505559733665
3mLlh2dZW0XzdUyfShJBhL,Something Worth Saving,0.547669370295843,0.5489075719173373
1o56Gd6Dn6rT5EyjTifk3y,Tam's Resistance,0.5597880858211347,0.5627462594703899
2OcyZ5ibfKhNjhLDATVVhm,Uldaros Theorix,0.6112162220036986,0.6069135156218106
1ZNR1IotKdOQsL8a1YSjYq,Restore with Empathy,0.5334194399974711,0.5363652505336276
7egJhQ3jQxqxoHdOudqNTW,Charge the Sanctum,0.5382907715947969,0.5378310827121506
3C9jOUOowb3gV0yB9bWvUK,Compel Brutality,0.563435900354027,0.5638681831712302
zIO406uJacZgxyYL5tMCF,Generous Revival,0.5335744376386873,0.5251919450115449
2phGCulknqharBSezBhLPa,Cast Away Doubt,0.5344429410511901,0.5351269105472505
1hZRR2jqtju34l63vTvCQU,Perfected Theory,0.5598543561747437,0.5502451594140635
livjfLCIoggT140o7ZDXE,Ajani Resolute,0.5866452117518556,0.5891552864556107
o2MTvw1YXYEnrn80lHRH8,Ajani Unrelenting,0.6261893381718217,0.6402891073350448
3rWcRPhY1R5vJr6O9kjykY,"Chandra, Chill of Compliance",0.590487887570491,0.5852170423176773
5niZtBBA6SUmKDx6znNInK,"Chandra, Torch of Defiance",0.599293863729567,0.6120085214064902
1BrzcBFb7SkHGrJRjP1CYi,Craterclaw Colossus,0.5693540319658492,0.5713985343929014
1AdYdIsiGlq6dNtICkGA4G,Enlightened Confidant,0.5736871445854909,0.5824909314664559
7o0hjTMVT5Z2jHz68mAFMS,"Garruk, Curse Breaker",0.6113192746115996,0.6148311856840013
2GMDnbW2UC34yxJTD6fieG,"Garruk, Veiled Butcher",0.614828676196836,0.6234634736821517
HIoEt2llUxWzRD9TwUiSb,Liliana the Faultless,0.5939376479465249,0.5841861277497833
oGYUKdDZ04rzrVl1OulSW,Liliana the Repentant,0.5936991498809853,0.5915250631803707
4Y3nmHJpU2y1PxHYg3WMkE,Paradox Shaper,0.5647136431393038,0.5576640220637177
3WNAfUbYGesC4XhvfHBd0B,Prudent Fateseer,0.5748026915134211,0.5768181103432508
3TXol4pgk9OATdQJyTobWd,Stingcaster Mage,0.5834112528671292,0.5741393357312243
616VHndNcFzVDmiKypVy4s,Stingerquill Voxmancer,0.5649717232044322,0.5670209161475551
7cDrYpDwTS5QdkXomnVhg0,"The Theorist, Jace Beleren",0.6136089894202327,0.6078364288091366
4YEfhDhuiXf2E33adoW1nd,"Tinybones, Pocket Nuisance",0.5768357539008816,0.5740020120854279
5gMkskrNqKXd7aOJbIBuLn,"Titanbones, Towering Heart",0.5509289524900335,0.545625198723018
eVxZHr4AbNLagh6jrrTWk,Vigorbloom Vanguard,0.5638215681603668,0.5660464990081111
4ZDOVzQS93fgnqXfYi0D0Y,Woodwork Prodigy,0.5643868317192199,0.5613363961007254
5zeRaetWPR4svp68oYNOGR,Bloodline Recollector,0.5529148500847492,0.5530053541845344
ZWSaj3ESS3wGuFQdx5tYL,"Tomik, Orzhov Lawmage",0.5523952120637255,0.5573374962719193
21sQpQVWWzfOnrBBABvPp2,"Samut, Hazoret's Champion",0.5563648210542332,0.5570265477615538
7GLLpPealdPbZQfjfNKVYi,Way of the Wildspeaker,0.5776003185913369,0.575809916298922
7Av8PIQ6QEKjakby6MgU8L,Extrapolate the Impossible,0.5271015664189895,0.5068079888683625
6B6Iu3esxCTKYypqbOz7eO,"Samut, Tyrant of Naktamun",0.5472439050182332,0.5478077340889038
6JBxrgSNR3vWI5LqjKtVaP,Way of the Warlord,0.5777407881891593,0.5780062518930004
56SeTApCEkocHh73LyW6ah,Way of the Mentor,0.5617077946930572,0.5658759699156773
4tZCwc5wmWPkGMm8DtM3tA,Artifist Acumen,0.5274395506779336,0.5269575876638336
3UxvNkhPUZAqpHxkPDdIjY,Your Fate Ends Here,0.5742970524898026,0.5756294851877093
3iGR8M4dTEqrzJVQ8f2fv9,Way of the Healer,0.5616351960538082,0.5695929857845496
3gEXa0yrZZMBskpskvAb1T,Way of the Deathbringer,0.5645880261681254,0.5687809145147538
2OFlhAnCYxJINEOdiIshD6,"Tomik, Izzet Sparkmage",0.548546036685497,0.5477313243628812
2Ner66o65BhFl29j54KvE5,Way of the Paradox,0.5721585806298672,0.568955282089148
24flJHTthDzlDMy0IGLs0R,Way of the Mind Sculptor,0.5719905901258134,0.5684970241281186
120nE5l6PDh10RqvHUiedW,Way of the Necromancer,0.5521766071224674,0.5567352686554746
