id,name,rarity,pred_baseline21_pp,pred_c3_pp,llm_removal,llm_sweeper,llm_bodies,llm_cards,llm_dependency,llm_drawback,llm_impact
2Pc8VA6hnbDVsh7tZfiQvS,"Jace, Reality Sculptor",rare,56.76,56.578,0.0,0.0,0.0,0.0,0.0,0.0,2.0
1921LkjXbumPpQHH6TFQ6l,"Marwyn, the Clearcutter",uncommon,55.922,55.631,0.0,0.0,1.0,0.0,1.0,0.0,0.0
3TOLH91GVNchxAhp5QROez,"Marwyn, the Preserver",uncommon,56.343,56.074,0.0,0.0,1.0,0.0,0.0,0.0,0.0
6QcUCUaFQeSddN5ToJYHJ0,"Tam, the Possibility",rare,56.427,53.536,0.0,0.0,1.0,0.0,3.0,0.0,0.0
5wHXP6TFgZqQfgqqybSLVf,Guiding Hydra,rare,57.532,58.433,0.0,0.0,1.0,0.0,0.0,0.0,0.0
4zdOnHzlVGFaK5FbrGM3OP,Lich's Relic,rare,58.266,58.101,2.0,0.0,0.0,0.0,0.0,0.0,2.0
QwA7P3d38hWjZXaU2PPlT,Verdant Kraken,rare,58.23,59.132,0.0,0.0,1.0,0.0,0.0,0.0,2.0
2Vd8gM17A8YxqyXABFkKGY,Hall of Echoes,rare,55.576,54.365,0.0,0.0,0.0,0.0,0.0,0.0,0.0
5w87iskMh2ySglp8wDcEqC,"Rescue Girl, First Responder",uncommon,54.5,54.015,0.0,0.0,1.0,0.0,2.0,0.0,1.0
5MXF7kBU8WBanqhtxgRjwV,"Saheeli, Consul of Oversight",uncommon,55.67,55.665,0.0,0.0,1.0,0.0,1.0,0.0,1.0
1oXTmASohfNTgaubCKUjsC,"Massacre Girl, Most Wanted",uncommon,54.688,55.208,0.0,0.0,1.0,0.0,0.0,0.0,1.0
N5gg4F6noYEvnjEgAjD2n,"Saheeli, Jewel of Avishkar",uncommon,55.904,55.139,0.0,0.0,1.0,0.0,2.0,0.0,1.0
64xk9oArbBqObSOmkZjRSM,Blossom-Blessed Angel,common,55.255,54.982,0.0,0.0,1.0,0.0,0.0,0.0,1.0
754dKLWKVPEUfS8kfO48Xi,Germinate Recruits,rare,53.559,51.843,0.0,0.0,0.0,0.0,2.0,0.0,0.0
2pYLLmTvztHdWqLo6XphC5,Graft Surgeon,common,54.712,54.113,0.0,0.0,1.0,0.0,0.0,0.0,0.0
3dYsf7AmgITXEeAnqZgFkT,Sphinx's Approach,common,53.499,53.831,0.0,0.0,0.0,1.0,0.0,0.0,1.0
01ps6syclnZ8wqYe25ttqG,Multiply by Zero,uncommon,55.217,56.849,2.0,0.0,0.0,0.0,0.0,0.0,2.0
6qcSTAUIxz5DTrJs7IXqLz,Command the Stage,uncommon,55.323,54.835,0.0,0.0,1.0,0.0,1.0,0.0,1.0
vG1ZnMOmXzdT16Vq79BGQ,Gardenize,rare,50.95,47.518,0.0,0.0,0.0,0.0,3.0,0.0,1.0
4l7GHVCIGPEVMHCVGDVPXP,Bloombrute,uncommon,55.488,55.71,0.0,0.0,1.0,0.0,1.0,0.0,1.0
6XHW8FlNM5zlMdOzvdq4r8,Desperate Futurescribe,uncommon,55.703,55.814,0.0,0.0,1.0,0.0,0.0,0.0,2.0
318z1ECdskbYTdVIqqfMVf,Ferocity of the Hunt,common,53.183,52.652,0.0,0.0,0.0,0.0,0.0,0.0,0.0
rYzRRrhPcHiXoKMI1TnL9,Primal Witchstalker,uncommon,56.958,57.474,0.0,0.0,1.0,0.0,0.0,0.0,0.0
2Hycax93GHZsqwLEuJlcNL,"Codie, Ravenous Codex",rare,54.431,53.553,0.0,0.0,1.0,0.0,3.0,0.0,0.0
4atYzJut2UR58s15I9DHha,Plan for All Outcomes,uncommon,53.759,55.399,2.0,0.0,0.0,0.0,1.0,0.0,2.0
3bn0EKxv8kIUilRY8tF9tU,"Yoshimaru, Beloved Companion",uncommon,54.009,53.422,0.0,0.0,1.0,0.0,2.0,0.0,0.0
4ocLwS2MVTRC4WD1Nt2aKT,Entrust the Spark,rare,53.521,49.516,0.0,0.0,0.0,0.0,3.0,0.0,0.0
SmTxH2Qd9Cl38B16kYot6,Sanctum Lurker,rare,56.919,56.174,0.0,0.0,1.0,0.0,0.0,0.0,0.0
7c7tMkOAdNEmrW8LWdsAW8,Vigorbloom Annex,land,54.338,54.375,0.0,0.0,0.0,0.0,0.0,1.0,0.0
7iFwiCeI8XrTMBU0xgLBon,Divining Duelist,common,54.786,54.757,0.0,0.0,1.0,0.0,0.0,0.0,1.0
6K7E87Yldqz0CqiUZTO8sx,Mindseeker Oculus,common,56.68,57.614,0.0,0.0,1.0,1.0,0.0,0.0,1.0
0io1bgNAJWAzmMziOHXXq,Undulating Witness,common,53.664,53.936,0.0,0.0,1.0,0.0,0.0,0.0,1.0
2Y8lW8IxZvS38v91tj4iIM,Unsummon,common,55.047,55.253,1.0,0.0,0.0,0.0,0.0,0.0,1.0
1TNgAqW8mvqwHPDAVu9LsP,Apex Witchstalker,common,55.678,55.418,0.0,0.0,1.0,0.0,0.0,0.0,1.0
2NAxN8TCtSr5K3mjIZhdSs,Extended Absence,common,56.191,56.348,2.0,0.0,0.0,0.0,0.0,0.0,2.0
msLNjbIGytCyY5cAHmgbB,Rank Rat,common,55.699,56.405,0.0,0.0,1.0,1.0,0.0,0.0,1.0
2WbywA7HPn6wdGmyAWYFkj,Theoretical Necromancer,common,53.267,54.119,0.0,0.0,1.0,1.0,0.0,0.0,2.0
4lIfShNHUQyOmOLR9Qi0in,Void Extrapolator,common,54.946,54.518,0.0,0.0,1.0,0.0,0.0,0.0,1.0
6OURQ6p9ieXfSlsvSnvRUu,Awaken the Inferno,common,55.051,54.931,2.0,0.0,0.0,0.0,0.0,0.0,3.0
7rp09NHYYZXFX397nDtwjJ,Fulminous Forte,uncommon,57.294,56.736,3.0,2.0,0.0,0.0,0.0,0.0,8.0
3OOq0ro4r8o4Iqy7AheXT3,Heartstring Puller,common,57.162,57.62,0.0,0.0,2.0,0.0,0.0,0.0,1.0
23Z9eE2i4DaGlbgjMBDaM3,Skilled Battlecarver,common,54.07,53.984,0.0,0.0,1.0,0.0,0.0,0.0,0.0
2jwtB8FM1GC2exxMOaO7TE,Tether Technician,common,54.785,54.803,1.0,0.0,1.0,0.0,0.0,0.0,1.0
1KI7gUbJxeMs4RSoOEvRgP,Hunter's Axe,uncommon,51.359,51.877,0.0,0.0,0.0,0.0,0.0,0.0,0.0
1sXU1GPyJTOl95XKQ9uQSS,Sureshot Sower,common,54.85,54.929,1.0,0.0,1.0,0.0,0.0,0.0,2.0
XwsiiGuD7T8vt5O8ZtUcR,Vinelasher Adept,common,55.4,54.842,0.0,0.0,1.0,0.0,0.0,0.0,1.0
5JsAyopuDedjZcFthhssOE,Blessed Ghoul,common,54.539,54.456,0.0,0.0,1.0,0.0,0.0,0.0,0.0
1GTF4neNvfvkYb0mrwZlF9,Konstrari Improviser,common,55.741,55.502,0.0,0.0,1.0,0.0,0.0,0.0,1.0
75mR8O7cgTMcf2oiWIT81j,Recursive Recruitment,uncommon,55.596,56.302,0.0,0.0,2.0,0.0,0.0,0.0,2.0
3dWYnO5iF3wku32B79p4zM,Theorix Metamage,common,54.994,54.385,0.0,0.0,1.0,0.0,0.0,0.0,1.0
6gvmaMh8qu2lTLABlZZ4x6,Twinned Vision,common,53.554,53.896,0.0,0.0,0.0,1.0,0.0,0.0,2.0
2f3TAXX94XJIIs7phl0wUr,Twisted Fates,uncommon,55.775,55.805,2.0,0.0,0.0,0.0,0.0,0.0,2.0
csS3I1pPWwPcKJveOLIYR,Archive Arbiter,uncommon,55.47,55.609,0.0,0.0,1.0,0.0,0.0,0.0,1.0
2WFCZ6iXPDyj4bh3GKkmT4,Eye of Jace,uncommon,52.749,52.831,0.0,0.0,0.0,0.0,0.0,0.0,1.0
5rkRApZkwiNP98fUAHv1Oa,Living Library,common,51.812,52.662,2.0,0.0,1.0,0.0,0.0,0.0,2.0
2r8mYaPs0Dt5XjzbyjaaLL,Medic's Kitesail,common,52.205,52.221,0.0,0.0,0.0,0.0,0.0,0.0,0.0
52NjWBUcJKqlMuAdy2McTF,Dedicated Commons,land,54.338,54.375,0.0,0.0,0.0,0.0,0.0,1.0,0.0
68vuPm1RRDP6p1VjAOJeZP,Fatehold Annex,land,54.338,54.375,0.0,0.0,0.0,0.0,0.0,1.0,0.0
HNxBirUa5aXiugkuBwY4E,Formidable Commons,land,54.338,54.375,0.0,0.0,0.0,0.0,0.0,1.0,0.0
pAITiWY0WKS1mVRDDn4EB,Hexhaven Dueling Arena,uncommon,54.18,53.38,0.0,0.0,0.0,0.0,3.0,0.0,0.0
5HoiybVIX8hZyojjiLfSZL,Innovative Commons,land,54.338,54.375,0.0,0.0,0.0,0.0,0.0,1.0,0.0
2J7kCwHodme1eJhXvgTIfY,Konstrari Annex,land,54.338,54.375,0.0,0.0,0.0,0.0,0.0,1.0,0.0
3mqhZCy4su5QeglSgT0VG,Meticulous Commons,land,54.338,54.375,0.0,0.0,0.0,0.0,0.0,1.0,0.0
M2HDFPtRN9BnQytDvG4xI,Room of Refuge,common,54.518,54.433,0.0,0.0,0.0,0.0,0.0,1.0,1.0
1ZwjoEmoDS1Lb3d7L8RNwE,Stingerquill Annex,land,54.338,54.375,0.0,0.0,0.0,0.0,0.0,1.0,0.0
nfTtWSzeUtfQ9eHnFi62N,Theorix Annex,land,54.338,54.375,0.0,0.0,0.0,0.0,0.0,1.0,0.0
5DitpRTcsFBteJf5GpX1fv,Transformative Commons,land,54.338,54.375,0.0,0.0,0.0,0.0,0.0,1.0,0.0
22FMxZx1wUBQIXWkaPlVuV,"Arni, Humble Scribe",uncommon,55.927,56.13,0.0,0.0,1.0,0.0,0.0,0.0,1.0
yN4n3saXLaTeFvQFarYXP,"Traxos, Academy Guardian",uncommon,54.371,54.361,0.0,0.0,1.0,0.0,1.0,0.0,0.0
7gqL20kK7zOZl1wzgCvqVC,"Loot, the Anomaly",uncommon,54.069,53.523,0.0,0.0,1.0,0.0,2.0,0.0,0.0
27JrxXIdyYWyKqHdzg4iT7,"Arni, Renowned Champion",uncommon,55.966,55.944,0.0,0.0,1.0,0.0,1.0,0.0,0.0
oAeSKOm0SvpSofHlIVR0i,"Loot, the Nexus",uncommon,53.783,53.645,0.0,0.0,1.0,0.0,1.0,0.0,0.0
4sDw85hczTmzgzaeqlWSGh,"Traxos, Scourge Eternal",uncommon,52.887,53.123,0.0,0.0,1.0,0.0,1.0,1.0,0.0
21XISFuIDPHNKjrYzfOA3I,Fateshaper Aspirant,common,55.217,54.589,0.0,0.0,1.0,0.0,0.0,0.0,1.0
0L6J4fHJE2u1yiCcVwEZl,Hexhaven Battalion,common,57.019,56.622,0.0,0.0,3.0,0.0,0.0,0.0,3.0
2cesSRgvrE9QddG3e7K6pE,Predictive Preparations,common,52.954,53.178,0.0,0.0,0.0,0.0,0.0,0.0,1.0
3zKk0ZOcr6OZVboGebf5DV,Unflinching Hortimancer,common,53.47,53.292,0.0,0.0,1.0,0.0,2.0,0.0,0.0
1s9yeBVNbq49DQ6JPLi93O,Cryotheory Adept,common,53.393,54.599,1.0,0.0,1.0,0.0,0.0,0.0,2.0
5lOh9STU2OnanS2NEsq9wf,Kindred Judgment,rare,55.869,56.589,3.0,1.0,0.0,0.0,0.0,0.0,5.0
77Dqj4t9np4LWYCX1IqEQB,Darklight Phoenix,mythic,58.601,57.426,0.0,0.0,1.0,0.0,1.0,0.0,0.0
7LQEGY3ROl962RLo4SriCM,Curse-Marred Demon,rare,59.316,58.489,0.0,0.0,1.0,0.0,0.0,0.0,0.0
2WAUFOA4beLXtZlo3R0NwX,Frostbite Pyromental,rare,57.184,56.916,0.0,0.0,1.0,1.0,0.0,1.0,1.0
69JEJGOv5ke8NLdp8IvxcH,Flickering Hound,rare,54.809,53.449,0.0,0.0,1.0,0.0,2.0,0.0,1.0
7FVGUea9EnsTl1Y6Tg0O6R,Ajani's Anguish,rare,57.329,57.039,2.0,0.0,0.0,0.0,0.0,0.0,2.0
2i6yC0WeocN71c3QsvTJh,Draconic Visitor,rare,59.282,58.314,0.0,0.0,1.0,0.0,2.0,0.0,0.0
3Koiz1rMKrQA0DLPWMFKF6,Essence Burn,uncommon,53.019,54.503,1.0,0.0,0.0,0.0,0.0,0.0,1.0
EgOVmnO8jCQNWv9lCnfh7,Flourishing Grapple,uncommon,57.254,56.625,1.0,0.0,0.0,0.0,1.0,0.0,1.0
5xa3UHGDm9oXxBJJ4hyjVN,Craftwork Crusher,uncommon,57.307,57.563,2.0,0.0,2.0,1.0,0.0,0.0,5.0
6pt0iJ70B3Jb6YqDqg8eri,Grim Repriser,uncommon,55.898,55.815,0.0,0.0,1.0,0.0,2.0,0.0,1.0
7szC7LkmxtItSH7bDmkbZg,"Yoshimaru, Scrappy Stray",uncommon,56.774,56.705,1.0,0.0,1.0,0.0,0.0,0.0,1.0
3coQsAuRpkBoxb2HeeEeI0,Seasoned Cryomancer,mythic,58.357,60.952,1.0,0.0,1.0,1.0,0.0,0.0,3.0
5SCq705omR4jWNnp7z5JQo,Rise of the Deathbringer,rare,54.403,57.087,3.0,1.0,0.0,2.0,0.0,0.0,8.0
78Budn5GOm04yJXZ4ERrhC,Omnipresence,mythic,51.717,50.582,0.0,0.0,0.0,0.0,2.0,0.0,0.0
5pqCWvhVzLY0oI3AbdSy1J,Simulacrum Shaper,rare,55.752,56.133,0.0,0.0,1.0,1.0,0.0,0.0,1.0
1y1uAx8oL3qbVEEdEaos6M,"Teyo, Lightshield Expert",uncommon,56.332,56.475,0.0,0.0,1.0,0.0,0.0,0.0,0.0
5B1aVZDWx0GR7c92OAU7Yn,"Teyo, Diamondblade Mage",uncommon,56.278,56.401,0.0,0.0,1.0,0.0,0.0,0.0,0.0
4t7oOoLZqtrGwocvJ8H6kj,Refute Destiny,uncommon,56.613,56.062,1.0,0.0,0.0,0.0,0.0,0.0,1.0
5MljzqPnj7I9Nakf2HatM5,Precise Redaction,uncommon,53.637,54.081,1.0,0.0,0.0,0.0,0.0,0.0,1.0
7hm542uQ8Tm0dOoPQX4FRN,Terminal Criticism,uncommon,56.906,56.5,1.0,0.0,0.0,0.0,0.0,0.0,1.0
6zZPkXpKpi4P4fEJXuA1E7,Puppet Crafting,rare,51.886,50.366,0.0,0.0,0.0,0.0,2.0,0.0,1.0
4ycH2BNlRja3D2AMLh0Jyy,Roiling Canopy,rare,56.73,54.307,0.0,0.0,0.0,0.0,2.0,1.0,0.0
6LEwwUZDfrE1QcoIhoGTNc,Koth of the Homestead,uncommon,56.238,56.071,0.0,0.0,1.0,0.0,0.0,0.0,2.0
7dWdTUWildvlc6IXNMpgV6,"Koth, the Geomancer",uncommon,56.374,57.083,0.0,0.0,1.0,0.0,0.0,0.0,1.0
4nOztdyBCKQg3PcJnu7kzI,Variable Chaser,rare,58.536,57.602,0.0,0.0,1.0,0.0,0.0,0.0,1.0
AMQdUSA0TrtEdeWFVi3Ko,Pyre Rhymer,rare,56.995,56.594,0.0,0.0,1.0,0.0,1.0,0.0,1.0
4HQx1KRu1HGGqm2FNrHkL7,Mind Meanderer,uncommon,56.543,56.701,1.0,0.0,1.0,0.0,0.0,0.0,1.0
7fCYjKuNbdvA0VV2DUujHX,Identity Echo,rare,53.532,49.871,0.0,0.0,0.0,0.0,2.0,0.0,1.0
7JFO3e0BzIByjlx8D18TXz,The Echoverse Fulcrum,mythic,56.236,57.768,3.0,1.0,0.0,0.0,0.0,0.0,5.0
3fw5dvAUnVZCKV5lnWwlXF,"Hapatra, the Desert Frost",uncommon,55.253,55.562,1.0,0.0,1.0,0.0,0.0,0.0,1.0
2vXQxX16MbbkbDanHnLXZy,"Gallia, Tragic Host",uncommon,54.639,55.038,0.0,0.0,1.0,0.0,0.0,0.0,1.0
5ZQTrpjME2Gfq5xDktuGIj,"Mabel, Bitter Recluse",uncommon,57.115,56.796,0.0,0.0,1.0,0.0,0.0,0.0,0.0
6iUqbVRUTNkAq1ITqtDjhq,"Gallia, the Merrymaker",uncommon,54.219,54.78,0.0,0.0,1.0,0.0,1.0,0.0,0.0
4ozKigwiKgfNPIj4Y1pehz,"Hapatra, the Desert Fang",uncommon,56.057,56.673,2.0,0.0,1.0,0.0,1.0,0.0,2.0
6wNmh5sA8RWzk71Y2aX3xQ,"Mabel, Valley Hero",uncommon,55.687,55.478,0.0,0.0,1.0,0.0,1.0,0.0,2.0
51HQ48dK15wNrNjLO64zNE,Shatterwing Pegasus,common,53.767,53.837,0.0,0.0,1.0,0.0,0.0,0.0,1.0
5iwv1eyO69ZShIMMLJ3uwn,Surgical Precision,common,55.175,54.882,1.0,0.0,0.0,0.0,0.0,0.0,2.0
3mVfPICYiXUYCaUVxqCuy4,Sphinx of False Conclusions,rare,60.065,59.257,0.0,0.0,1.0,1.0,0.0,0.0,1.0
4N0FeZH17fYj1GBO2eH3Tj,Surveillance Phantasm,common,54.454,54.344,0.0,0.0,1.0,0.0,1.0,0.0,0.0
5V1NoDjWAvXts35cMA5pW9,Silence the Echo,common,55.327,55.991,2.0,0.0,0.0,0.0,0.0,0.0,2.0
6CfKJ0G5TzRVBht2pXJcL3,Vraska's Final Mercy,rare,57.782,57.099,2.0,0.0,0.0,0.0,0.0,1.0,3.0
aNHlouqO1a4AdvwcDoJ5L,Chandra's Emberling,common,52.371,52.109,0.0,0.0,1.0,0.0,1.0,0.0,1.0
1o209RwudUeX7QbSB1ZvYb,Wrath of the Bloodmane,common,57.665,57.39,2.0,0.0,0.0,0.0,0.0,0.0,2.0
55aoTeerYN3dGdcqKj5F86,Carnivorous Cultivator,rare,56.327,57.059,0.0,0.0,1.0,0.0,0.0,0.0,1.0
RVpTg0HiztNaboiL1FVlY,Wrecking Gecko,common,53.821,53.658,0.0,0.0,1.0,0.0,0.0,0.0,0.0
606zEw5ow82RqZ6kIeGpt1,Stinging Vitriol,rare,54.946,52.081,0.0,0.0,0.0,0.0,0.0,0.0,0.0
3SPfsdrk5Ffj2tANlyN07J,Tenured Tethermage,rare,59.919,58.682,0.0,0.0,1.0,0.0,1.0,0.0,0.0
2gnXGJHeMgogx3jEH98J4R,Murmuring Volume,common,50.999,50.521,0.0,0.0,0.0,0.0,0.0,0.0,1.0
4GdfgMLPyrd2hgpvli0FVD,Dark Matter Manipulator,rare,56.636,55.657,0.0,0.0,1.0,0.0,1.0,0.0,0.0
4mYl5mptSC5SzW3MJ9kPSv,"Pia, Determined Rebuilder",uncommon,58.106,58.739,0.0,0.0,2.0,0.0,0.0,0.0,1.0
36kYnOrl6xMEdItoBKCu1N,"Pia, Aether Ascetic",uncommon,57.203,54.81,0.0,0.0,1.0,0.0,2.0,0.0,0.0
1Ogjka7QEYkvL7X81cJZmk,Break Under Pressure,uncommon,53.937,55.605,2.0,0.0,0.0,0.0,0.0,0.0,2.0
6yWyPmP0WkhcGn6B42plIw,Screeching Soulbreaker,common,52.901,54.427,0.0,0.0,1.0,0.0,0.0,0.0,2.0
0vCZnJs6j9wLVBZXRxRRs,Afterthought Sentry,common,53.581,53.446,0.0,0.0,1.0,0.0,0.0,0.0,0.0
3SmHGBKWlXwh914lHA3IQq,Bestial Incursion,common,54.047,55.219,0.0,0.0,1.0,1.0,0.0,0.0,2.0
2XfrAG26AQnGO3ONvxNVPR,Face Yourself,rare,54.528,52.361,0.0,0.0,0.0,0.0,0.0,0.0,0.0
3t0kFQmd0TpDolqwKD1Hcf,Violent Echoes,uncommon,57.805,57.659,2.0,0.0,0.0,0.0,0.0,0.0,2.0
7bI0PcRzkk2ZTgefeSVKCo,"Emrakul, the Exigent Doom",mythic,61.391,60.695,0.0,0.0,1.0,0.0,0.0,0.0,1.0
1jkxvobDvxP9Z0dOiD5L2W,Blazing Crescendo,common,54.697,53.493,0.0,0.0,0.0,0.0,0.0,0.0,0.0
1pfCR0TujmQ9S8bCjUkZr6,Gideon's Memorial,rare,54.711,55.564,1.0,0.0,0.0,0.0,1.0,0.0,2.0
6p6rnfinjCDMZ6NOxhlbKU,"Lyra, Archangel of Dawn",rare,59.413,59.157,0.0,0.0,1.0,0.0,2.0,0.0,0.0
J7B8KO0ICskxpERiQgnGd,"Thalia, the Survivor",uncommon,54.577,54.83,0.0,0.0,1.0,0.0,0.0,0.0,0.0
6Mlt7guXlD89f8xvYM83pP,"Fblthp, Impossibly Lost",uncommon,55.083,55.524,0.0,0.0,1.0,0.0,0.0,0.0,1.0
3fvrH1WgOL5ZmG9ficftD3,Geist of Saint Thalia,uncommon,54.956,55.151,0.0,0.0,1.0,0.0,1.0,0.0,0.0
22affqlk1QIPZyf58INMlr,"Lyra, Tolarian Archangel",rare,60.48,58.893,0.0,0.0,1.0,0.0,2.0,0.0,0.0
4C7cvBCH1YijrWNsu7juNr,Gideon the Oathless,rare,60.075,59.841,0.0,0.0,1.0,0.0,0.0,0.0,2.0
6j40KM8VxCnHqQkfsr4PTw,"Winter, Tormented Loner",uncommon,55.381,55.873,1.0,0.0,1.0,0.0,1.0,1.0,1.0
7BoE8OIg05BuR8L17V6Doz,"Winter, Team Player",uncommon,53.119,52.868,0.0,0.0,1.0,0.0,2.0,0.0,0.0
6aE39fIf0YXzbXJ4P7mS4r,"Fblthp, Knows the Way",uncommon,57.553,58.028,0.0,0.0,1.0,1.0,1.0,0.0,1.0
4mJWapp0OTYJY9am4J7rVC,"Vraska, Soul of Stone",rare,56.254,55.361,0.0,0.0,1.0,0.0,2.0,0.0,1.0
3fR7zpxwQDq5ne4YdiDTuy,"Vraska, the Cutting Glare",rare,60.235,60.814,2.0,0.0,1.0,0.0,1.0,0.0,2.0
1nits8MTUmbOC942HGgenf,Tarmogoyf,mythic,56.543,56.268,0.0,0.0,1.0,0.0,1.0,0.0,0.0
4Up1Eo0DmaoNooLlYMy19x,Solarium Sentry,rare,55.516,55.47,0.0,0.0,1.0,0.0,0.0,0.0,0.0
66tvLegghgS0kkUTisH0MU,Vindictive Triumph,rare,55.725,56.546,2.0,0.0,0.0,0.0,0.0,0.0,2.0
343KeVg4Hq9aKEARevJPDY,"Danitha, Sword of Hope",uncommon,54.038,53.709,0.0,0.0,1.0,0.0,2.0,0.0,1.0
6fJtgDDl4gZhHKm4tLlk25,"Yuriko, Blade of the Mighty",uncommon,53.856,54.05,0.0,0.0,1.0,0.0,1.0,0.0,0.0
NYBSq1n942QYP8U2We6cu,"Proft, Consulting Detective",uncommon,56.126,56.217,0.0,0.0,1.0,0.0,2.0,0.0,1.0
7nx6DCh2ZovsLWoKi7Uik9,"Ruric Thar, Biomagus",uncommon,53.98,54.073,0.0,0.0,1.0,0.0,1.0,0.0,0.0
71ExJyKQYBEpfEViXysu8r,"Tetsuko Umezawa, Fugitive",uncommon,54.63,54.878,0.0,0.0,1.0,0.0,2.0,0.0,0.0
7CzAM3ftb2eS5bDgjM7LBd,"Yargle, Goliath of Otaria",uncommon,54.347,54.193,0.0,0.0,1.0,0.0,0.0,0.0,0.0
H9zXrP5gNfpTlRw1nwkod,"Yuriko, Hope from the Shadows",uncommon,56.759,56.64,0.0,0.0,1.0,0.0,0.0,0.0,1.0
SRn9Q6qYyzYPlNg9l2mFH,"Danitha, Spear of Agony",uncommon,53.701,53.807,0.0,0.0,1.0,0.0,1.0,0.0,0.0
6MWt45jeYA9iT5rwzEypA6,"Proft, Sinister Mastermind",uncommon,55.071,55.217,1.0,0.0,1.0,0.0,2.0,0.0,2.0
1rvD0pusoUDZuVkPnz40Ky,"Yargle, Glutton of Urborg",uncommon,55.324,55.188,0.0,0.0,1.0,0.0,0.0,0.0,0.0
2iR1aNLutU1ypfkxUjZ5Kz,Kiora of Fire and Ashes,uncommon,58.44,58.794,0.0,0.0,2.0,0.0,0.0,0.0,1.0
2r1e81JGBicHWVD5s1FhWA,"Tetsuko Umezawa, Pursuer",uncommon,53.91,54.372,0.0,0.0,1.0,0.0,0.0,0.0,0.0
2dlMnshzWOo2dfyDwcSPlP,"Edgar, Moonlit Sovereign",uncommon,54.605,54.673,0.0,0.0,1.0,0.0,0.0,0.0,1.0
6rcCFanvi95Fc1nd3gd0YV,"Ruric Thar, Magecrusher",uncommon,56.344,56.25,0.0,0.0,1.0,0.0,0.0,0.0,0.0
5KNlewWNvJncO4o4Ac5trq,"Edgar, Ancient Bloodlord",uncommon,56.546,56.683,0.0,0.0,1.0,0.0,1.0,0.0,1.0
3jA5koQ6d1Mk8sSJuJMEb,Kiora of Salt and Sand,uncommon,56.449,54.524,0.0,0.0,1.0,0.0,3.0,0.0,0.0
1hIuDJFkptxtWMbBi4i7Cb,Cruel Calculations,rare,53.681,50.198,0.0,0.0,0.0,0.0,3.0,0.0,0.0
4QM1ZfUrhx1fRVEy0XGFm7,Infinite Coursework,common,53.631,54.296,2.0,0.0,0.0,0.0,0.0,0.0,2.0
7dBhvmHWrfE0gsCCuLdvPQ,Semester Foreseer,common,55.798,56.398,0.0,0.0,1.0,1.0,0.0,0.0,2.0
6RGGXKbrpW5GdEzsSbHqTW,Last Gasp,common,54.125,55.393,2.0,0.0,0.0,0.0,0.0,0.0,2.0
01yiF3Bie7XkNBnDmcCbxR,Rampart Hunter,common,54.511,54.544,0.0,0.0,1.0,0.0,0.0,0.0,0.0
5R5WIip9BDjtgRMkzEZxJe,Hallway Heckler,common,54.492,54.294,0.0,0.0,1.0,0.0,0.0,0.0,1.0
4nUKpGIGiHcFC0cLO7eYQm,Master of Barbs,rare,56.183,55.041,0.0,0.0,1.0,0.0,2.0,0.0,0.0
2DjYznMWeDfbETlQSOlO62,Greenhouse Propagator,common,55.291,55.198,0.0,0.0,1.0,0.0,0.0,0.0,2.0
6MpKKH71ix8PIkI2KwetCZ,Heartwood Crafter,uncommon,56.154,55.923,0.0,0.0,1.0,0.0,0.0,0.0,1.0
2sW7B8vcAbQKzDwgQHvRaq,Hungering Puppetbeast,rare,60.857,59.368,0.0,0.0,1.0,0.0,0.0,0.0,0.0
11ApfUR9m3Mj473Y42h6wj,Emergency Phytomedic,common,54.893,54.598,0.0,0.0,1.0,0.0,0.0,0.0,1.0
5sX4NAsuGUngbdAzYnaLkj,Fatehold Charm,uncommon,55.881,55.743,1.0,0.0,0.0,1.0,0.0,0.0,3.0
17eamr9q0Jx6bWvB78cSjb,Konstrari Charm,uncommon,56.307,55.982,1.0,0.0,0.0,0.0,0.0,0.0,2.0
35mcRpZ7Fo3KD4Y1kfDgAQ,Null Summoner,rare,58.106,57.78,0.0,0.0,1.0,0.0,0.0,0.0,0.0
7vI2uebT67Q7SciKhRu19A,Proctor of Potential,rare,56.628,56.689,0.0,0.0,1.0,0.0,1.0,0.0,1.0
6zxnp6jAshvrs7iIUQcRmR,Stingerquill Charm,uncommon,56.925,56.711,2.0,0.0,0.0,0.0,0.0,0.0,3.0
3QS1Pd0g7D8qtsbjlc7sja,Theorix Charm,uncommon,54.896,55.867,1.0,0.0,0.0,0.0,0.0,0.0,2.0
2mtJ0uY7x8P6FY1mvgySx9,Vigorbloom Charm,uncommon,56.157,56.856,1.0,0.0,0.0,0.0,0.0,0.0,2.0
w4p1Mr7VevyaDJXhAQgXP,Whiplash Wordsmith,common,54.559,54.297,0.0,0.0,1.0,0.0,1.0,0.0,1.0
1YqmpbGEIaQSUvgJC3uGnN,Overwrite the Multiverse,mythic,57.851,59.528,3.0,1.0,0.0,0.0,0.0,0.0,5.0
1fejIWqePFNPqcjQhhsLB3,Prophesied End,uncommon,56.414,56.978,2.0,0.0,0.0,0.0,0.0,0.0,2.0
47sfuLAEVm8uuCnRSkfkMI,Fatehold Chronologist,common,56.133,56.204,0.0,0.0,1.0,1.0,0.0,0.0,2.0
6rhrUvULK909WgGd4uqsbX,Eardrum Rattler,common,53.782,54.181,0.0,0.0,1.0,0.0,0.0,0.0,1.0
1bGXN6CUCC0pfqPnNQ9fp7,Budding Insurgent,common,53.831,54.114,1.0,0.0,1.0,0.0,0.0,0.0,1.0
6nsSpy0F1koxSR6xUUqRGL,Warrior's Blades,uncommon,57.923,58.004,2.0,0.0,0.0,0.0,0.0,0.0,2.0
2x1IneGosfjbHgd6o4kanM,Tethermage's Advantage,common,54.527,54.758,0.0,0.0,0.0,0.0,0.0,0.0,0.0
2BpKme5faR6oKC31XmJBiO,Solitary Cell,rare,58.187,56.849,1.0,0.0,0.0,0.0,0.0,0.0,1.0
1YPVhItf9FTyUC2XlLIhJb,Hexhaven Invigorator,mythic,56.223,56.022,0.0,0.0,1.0,0.0,0.0,0.0,0.0
5Ptiqs88EALICfVG0fgFCl,"Karn, Gilded Guardian",rare,59.687,56.285,0.0,0.0,1.0,0.0,3.0,0.0,0.0
1uJUI3r4afmMIWSNIWlC4U,"Karn, Argent Defender",rare,54.498,54.227,0.0,0.0,1.0,0.0,0.0,0.0,0.0
4aX71Lu65JuwsiLzGGKBpa,Deserted Beach,rare,53.282,53.621,0.0,0.0,0.0,0.0,0.0,1.0,0.0
6WqdeMTwdPjccoEEoQDULQ,Haunted Ridge,rare,53.282,52.84,0.0,0.0,0.0,0.0,0.0,0.0,0.0
46h6OWfqJlLScW857kIKWq,Overgrown Farmland,rare,53.282,53.621,0.0,0.0,0.0,0.0,0.0,1.0,0.0
7cbcKRJKvctEusRS33CGJ9,Ghalta the Immovable,uncommon,54.287,53.98,0.0,0.0,1.0,0.0,2.0,0.0,0.0
4NNKRfOfuwj3cAe2G2V9w9,"Jiang Yanggu, Alone",uncommon,53.801,54.266,0.0,0.0,1.0,0.0,0.0,0.0,1.0
6xvbg9nNOrz5S19KKiCgNx,Ghalta the Unstoppable,uncommon,55.34,55.305,0.0,0.0,1.0,0.0,1.0,0.0,0.0
1ZOFpcq8mz3ZyMUhtuiHub,"Jiang Yanggu, Never Alone",uncommon,56.912,57.533,0.0,0.0,2.0,0.0,0.0,0.0,1.0
3HAQD1yonKA23EhkP2Hfwo,Academic Ascent,common,56.493,56.282,0.0,0.0,0.0,0.0,0.0,0.0,0.0
7zwnWgc2oP4J0Kcmbx2poO,Campus Crier,common,55.182,55.598,0.0,0.0,1.0,0.0,0.0,0.0,1.0
5dZz7O2PjwfQwEcKKFFJg2,Loyal Tutor,rare,52.238,52.13,0.0,0.0,0.0,0.0,0.0,0.0,0.0
7mo8ZE818h5oKynkPnaAzk,Countersculpt,uncommon,56.578,56.233,1.0,0.0,0.0,0.0,0.0,0.0,1.0
2xgF9Cn9tZjdSa4e0JASFw,Diviner of Victory,rare,57.112,59.606,1.0,0.0,1.0,0.0,0.0,0.0,2.0
659LYTXO4cqaSSONOBpaFK,Jace's Machinations,rare,56.288,56.978,0.0,0.0,0.0,2.0,0.0,0.0,2.0
2oZf62Upza01G6IfqTbf1M,No Admittance,common,56.608,56.679,2.0,0.0,0.0,0.0,0.0,0.0,2.0
7nNL946Kz9UgLwqhy2194e,Arcane Amphisbaena,common,56.838,56.559,0.0,0.0,1.0,0.0,0.0,0.0,0.0
5CpNCmB8CexpfP0Pj5mH9j,Inspired Tethermage,common,55.519,53.899,0.0,0.0,1.0,0.0,1.0,0.0,0.0
63my35ShXTsFtP2bgTd1B1,Aerid Konstrari,mythic,62.29,60.419,0.0,0.0,1.0,0.0,0.0,0.0,0.0
40pvsInwq2a57dNvuEWucM,Avatar of Burgeoning Echoes,mythic,59.245,60.753,0.0,0.0,1.0,0.0,0.0,0.0,2.0
2poiwYjFkcVUpU2WCChrEL,Clash of Elements,uncommon,54.914,55.132,1.0,0.0,0.0,0.0,0.0,0.0,1.0
5OcrIN4krPTptOYChcPshI,Denzilore Fatehold,mythic,59.237,57.002,0.0,0.0,1.0,0.0,2.0,0.0,0.0
1AG7mLwvPLS5NrJ1WGb5xA,Ingris Stingerquill,mythic,60.44,61.473,0.0,0.0,1.0,0.0,0.0,0.0,1.0
3cHbMaU0u0qtkDCL5K8Br2,Kwia Vigorbloom,mythic,61.28,61.275,0.0,0.0,1.0,0.0,0.0,0.0,1.0
5hDVau0UptgG5DhIXvgYd0,Keeper of the Quiet Hour,common,55.352,54.913,0.0,0.0,1.0,0.0,0.0,0.0,0.0
2fcXebVvfitzyrRn40HGGS,Eye of Ugin,mythic,54.716,53.395,0.0,0.0,0.0,0.0,3.0,0.0,0.0
7F2PSFKgdFt3W3BEn0gqeJ,Austere Command,mythic,58.093,58.869,3.0,1.0,0.0,0.0,0.0,0.0,6.0
3HCWsIrUaZ452EPAa2JtMO,Flesh Duplicate,mythic,55.05,55.697,0.0,0.0,1.0,0.0,0.0,1.0,0.0
3UMNyipZjHPeGEvAHpLkEt,Consign to Memory,mythic,53.83,54.961,1.0,0.0,0.0,0.0,0.0,0.0,1.0
a2wtVX3AxRbppK1FvItjB,Sublime Epiphany,mythic,59.632,59.146,1.0,0.0,0.0,0.0,0.0,0.0,2.0
3HmPdLDlPCQLQICwaE8vE3,Consider,mythic,53.869,52.818,0.0,0.0,0.0,0.0,0.0,0.0,0.0
HaxxU3G2a9bAJpPSqzFXV,Necrodominance,mythic,56.326,55.787,0.0,0.0,0.0,0.0,1.0,1.0,2.0
2OEk60qFM8Cu4aU3VieIYy,Mind Twist,mythic,54.342,53.001,0.0,0.0,0.0,1.0,0.0,0.0,1.0
1Zy1zzCYdzZ7LaDq4pgMqR,Splinter Twin,mythic,52.537,53.693,0.0,0.0,0.0,0.0,0.0,0.0,1.0
6a1uYz4LT49NjnfASJ4f16,Root Maze,mythic,51.687,52.358,0.0,0.0,0.0,0.0,0.0,0.0,0.0
7Ert3SGOU0S4keqPs1eypm,Memory Trap,common,56.922,57.106,2.0,0.0,0.0,0.0,0.0,0.0,2.0
43xm5ij0zbxQD2phKosbFg,Icy Reception,common,55.408,55.684,1.0,0.0,0.0,0.0,0.0,0.0,2.0
2PFrxLGZjAK2WaafNCtYOa,Return to the Light Realms,mythic,53.576,53.083,0.0,0.0,0.0,2.0,1.0,0.0,2.0
7dYgaZtxDFZDhkk3TwU9Zu,Rockfall Vale,rare,53.282,52.84,0.0,0.0,0.0,0.0,0.0,0.0,0.0
3LgP47myneWXQkvCMzXdCB,Shipwreck Marsh,rare,53.282,53.621,0.0,0.0,0.0,0.0,0.0,1.0,0.0
2lONoVBKtW0NjuvMhHIzw4,Theorist's Sanctum,rare,54.148,54.19,0.0,0.0,0.0,0.0,0.0,0.0,0.0
641HivQCOqeNAc24SAFYGP,Way of the Cryomancer,uncommon,55.224,54.833,0.0,0.0,0.0,1.0,1.0,0.0,1.0
6XZZySmoxxQHW62w0s3Jf0,Way of the Pyromancer,uncommon,56.439,56.321,0.0,0.0,0.0,0.0,0.0,0.0,1.0
1WY0Q5EkTi18JwRubxLyAr,Repurposed Enforcer,rare,59.3,60.388,0.0,0.0,1.0,0.0,0.0,0.0,2.0
lMub2eaP7E1amklpSDRgb,Protege's Awakening,common,56.593,56.168,0.0,0.0,0.0,2.0,0.0,0.0,2.0
2HLTckp5zpiD5GSr1sURNS,Theorist's Proxy,rare,59.465,59.621,0.0,0.0,1.0,1.0,0.0,0.0,1.0
2kYq1UDIejUuBLr06wX6FI,Rewrite Regrets,uncommon,56.018,55.347,0.0,0.0,1.0,1.0,1.0,0.0,1.0
6UDoGhwf35CBPlFo2m5Z7R,Solve for Disappointment,common,56.046,54.981,0.0,0.0,0.0,0.0,0.0,0.0,0.0
1vtyrCY2U0A7TdgmvsFb4A,Pompous Battlemage,rare,56.653,56.967,0.0,0.0,1.0,0.0,0.0,0.0,1.0
3mLlh2dZW0XzdUyfShJBhL,Something Worth Saving,common,54.467,53.962,0.0,0.0,0.0,0.0,0.0,0.0,0.0
1o56Gd6Dn6rT5EyjTifk3y,Tam's Resistance,common,56.308,56.141,0.0,0.0,0.0,1.0,0.0,0.0,1.0
2OcyZ5ibfKhNjhLDATVVhm,Uldaros Theorix,mythic,60.354,60.802,0.0,0.0,1.0,2.0,1.0,0.0,2.0
1ZNR1IotKdOQsL8a1YSjYq,Restore with Empathy,uncommon,54.26,53.15,0.0,0.0,0.0,0.0,0.0,0.0,0.0
7egJhQ3jQxqxoHdOudqNTW,Charge the Sanctum,common,53.2,53.63,0.0,0.0,0.0,0.0,0.0,0.0,1.0
3C9jOUOowb3gV0yB9bWvUK,Compel Brutality,common,56.938,56.184,1.0,0.0,0.0,0.0,1.0,0.0,1.0
zIO406uJacZgxyYL5tMCF,Generous Revival,uncommon,53.271,53.687,0.0,0.0,1.0,1.0,0.0,0.0,2.0
2phGCulknqharBSezBhLPa,Cast Away Doubt,common,53.362,53.092,0.0,0.0,0.0,1.0,0.0,1.0,1.0
1hZRR2jqtju34l63vTvCQU,Perfected Theory,uncommon,55.615,55.837,1.0,0.0,0.0,0.0,0.0,0.0,2.0
livjfLCIoggT140o7ZDXE,Ajani Resolute,mythic,59.883,58.875,0.0,0.0,0.0,0.0,1.0,0.0,2.0
o2MTvw1YXYEnrn80lHRH8,Ajani Unrelenting,mythic,61.438,62.449,3.0,1.0,0.0,0.0,0.0,0.0,7.0
3rWcRPhY1R5vJr6O9kjykY,"Chandra, Chill of Compliance",mythic,58.488,59.424,1.0,0.0,0.0,0.0,0.0,0.0,3.0
5niZtBBA6SUmKDx6znNInK,"Chandra, Torch of Defiance",mythic,59.002,60.054,2.0,0.0,0.0,0.0,0.0,0.0,4.0
1BrzcBFb7SkHGrJRjP1CYi,Craterclaw Colossus,mythic,58.121,57.463,0.0,0.0,1.0,0.0,1.0,0.0,0.0
1AdYdIsiGlq6dNtICkGA4G,Enlightened Confidant,mythic,56.474,57.548,0.0,0.0,1.0,0.0,1.0,0.0,1.0
7o0hjTMVT5Z2jHz68mAFMS,"Garruk, Curse Breaker",mythic,61.419,61.177,0.0,0.0,0.0,0.0,0.0,0.0,2.0
2GMDnbW2UC34yxJTD6fieG,"Garruk, Veiled Butcher",mythic,61.022,61.523,2.0,0.0,0.0,0.0,0.0,0.0,4.0
HIoEt2llUxWzRD9TwUiSb,Liliana the Faultless,rare,58.706,58.75,0.0,0.0,1.0,0.0,0.0,0.0,1.0
oGYUKdDZ04rzrVl1OulSW,Liliana the Repentant,rare,58.629,59.441,0.0,0.0,1.0,1.0,0.0,0.0,1.0
4Y3nmHJpU2y1PxHYg3WMkE,Paradox Shaper,uncommon,55.921,56.477,0.0,0.0,1.0,0.0,0.0,0.0,0.0
3WNAfUbYGesC4XhvfHBd0B,Prudent Fateseer,uncommon,56.871,56.895,0.0,0.0,1.0,1.0,0.0,0.0,2.0
3TXol4pgk9OATdQJyTobWd,Stingcaster Mage,mythic,57.173,57.559,0.0,0.0,1.0,1.0,1.0,0.0,1.0
616VHndNcFzVDmiKypVy4s,Stingerquill Voxmancer,uncommon,56.693,56.535,0.0,0.0,1.0,0.0,0.0,0.0,1.0
7cDrYpDwTS5QdkXomnVhg0,"The Theorist, Jace Beleren",mythic,60.374,61.152,1.0,0.0,0.0,0.0,0.0,0.0,3.0
4YEfhDhuiXf2E33adoW1nd,"Tinybones, Pocket Nuisance",uncommon,55.736,57.21,0.0,0.0,1.0,1.0,0.0,0.0,1.0
5gMkskrNqKXd7aOJbIBuLn,"Titanbones, Towering Heart",uncommon,55.616,54.985,0.0,0.0,1.0,0.0,2.0,0.0,0.0
eVxZHr4AbNLagh6jrrTWk,Vigorbloom Vanguard,uncommon,56.589,56.489,0.0,0.0,1.0,0.0,0.0,0.0,1.0
4ZDOVzQS93fgnqXfYi0D0Y,Woodwork Prodigy,uncommon,56.324,56.766,0.0,0.0,1.0,0.0,0.0,0.0,0.0
5zeRaetWPR4svp68oYNOGR,Bloodline Recollector,mythic,58.098,55.495,0.0,0.0,1.0,0.0,2.0,0.0,0.0
ZWSaj3ESS3wGuFQdx5tYL,"Tomik, Orzhov Lawmage",uncommon,55.022,55.465,0.0,0.0,1.0,0.0,0.0,0.0,0.0
21sQpQVWWzfOnrBBABvPp2,"Samut, Hazoret's Champion",rare,55.845,55.618,0.0,0.0,1.0,0.0,0.0,0.0,0.0
7GLLpPealdPbZQfjfNKVYi,Way of the Wildspeaker,uncommon,56.663,57.089,0.0,0.0,0.0,1.0,0.0,0.0,3.0
7Av8PIQ6QEKjakby6MgU8L,Extrapolate the Impossible,rare,53.775,52.353,0.0,0.0,0.0,0.0,0.0,0.0,0.0
6B6Iu3esxCTKYypqbOz7eO,"Samut, Tyrant of Naktamun",rare,54.582,55.004,0.0,0.0,1.0,0.0,2.0,0.0,0.0
6JBxrgSNR3vWI5LqjKtVaP,Way of the Warlord,uncommon,57.073,57.442,1.0,0.0,0.0,1.0,0.0,0.0,2.0
56SeTApCEkocHh73LyW6ah,Way of the Mentor,uncommon,56.695,55.856,0.0,0.0,0.0,0.0,1.0,0.0,1.0
4tZCwc5wmWPkGMm8DtM3tA,Artifist Acumen,common,53.267,53.122,0.0,0.0,0.0,0.0,0.0,0.0,0.0
3UxvNkhPUZAqpHxkPDdIjY,Your Fate Ends Here,uncommon,56.648,57.026,2.0,0.0,0.0,0.0,0.0,0.0,2.0
3iGR8M4dTEqrzJVQ8f2fv9,Way of the Healer,uncommon,56.434,56.141,0.0,0.0,0.0,1.0,0.0,0.0,1.0
3gEXa0yrZZMBskpskvAb1T,Way of the Deathbringer,uncommon,56.218,56.145,0.0,0.0,0.0,0.0,0.0,0.0,1.0
2OFlhAnCYxJINEOdiIshD6,"Tomik, Izzet Sparkmage",uncommon,54.853,54.441,0.0,0.0,1.0,0.0,2.0,0.0,0.0
2Ner66o65BhFl29j54KvE5,Way of the Paradox,uncommon,56.513,56.738,0.0,0.0,0.0,1.0,0.0,0.0,2.0
24flJHTthDzlDMy0IGLs0R,Way of the Mind Sculptor,uncommon,56.107,56.606,0.0,0.0,0.0,2.0,0.0,0.0,3.0
120nE5l6PDh10RqvHUiedW,Way of the Necromancer,uncommon,56.253,55.557,0.0,0.0,0.0,0.0,1.0,0.0,0.0
