set,card_name,gih_games,gih_wins,gih_wr,gih_wr_pct,window_start,window_end
MH3,Abstruse Appropriation,9138,5177,0.5665353469030422,56.65353469030423,2024-06-11T15:05:04+00:00,2024-07-09T15:05:04+00:00
MH3,Accursed Marauder,53852,30309,0.5628203223650003,56.28203223650004,2024-06-11T15:05:04+00:00,2024-07-09T15:05:04+00:00
MH3,Aerie Auxiliary,73716,43315,0.5875929241955613,58.75929241955613,2024-06-11T15:05:04+00:00,2024-07-09T15:05:04+00:00
MH3,Aether Revolt,10919,5882,0.5386940195988643,53.86940195988644,2024-06-11T15:05:04+00:00,2024-07-09T15:05:04+00:00
MH3,Aether Spike,48299,26922,0.5574028447793951,55.740284477939504,2024-06-11T15:05:04+00:00,2024-07-09T15:05:04+00:00
MH3,Ajani Fells the Godsire,25768,14776,0.5734244023595156,57.34244023595157,2024-06-11T15:05:04+00:00,2024-07-09T15:05:04+00:00
MH3,"Ajani, Nacatl Pariah",6569,4193,0.6383011112802558,63.83011112802558,2024-06-11T15:05:04+00:00,2024-07-09T15:05:04+00:00
MH3,Amped Raptor,36260,23078,0.6364589078874793,63.645890788747934,2024-06-11T15:05:04+00:00,2024-07-09T15:05:04+00:00
MH3,Amphibian Downpour,9791,5323,0.5436625472372587,54.36625472372587,2024-06-11T15:05:04+00:00,2024-07-09T15:05:04+00:00
MH3,Angel of the Ruins,11148,5875,0.527000358808755,52.7000358808755,2024-06-11T15:05:04+00:00,2024-07-09T15:05:04+00:00
MH3,Annoyed Altisaur,29278,16710,0.5707357059908463,57.07357059908464,2024-06-11T15:05:04+00:00,2024-07-09T15:05:04+00:00
MH3,Arcbound Condor,14026,7258,0.5174675602452588,51.74675602452588,2024-06-11T15:05:04+00:00,2024-07-09T15:05:04+00:00
MH3,Archway of Innovation,1319,587,0.4450341167551175,44.50341167551175,2024-06-11T15:05:04+00:00,2024-07-09T15:05:04+00:00
MH3,Arena of Glory,8282,4606,0.5561458584882879,55.61458584882879,2024-06-11T15:05:04+00:00,2024-07-09T15:05:04+00:00
MH3,Argent Dais,1129,556,0.4924712134632418,49.24712134632418,2024-06-11T15:05:04+00:00,2024-07-09T15:05:04+00:00
MH3,"Arna Kennerüd, Skycaptain",3888,2175,0.5594135802469136,55.94135802469136,2024-06-11T15:05:04+00:00,2024-07-09T15:05:04+00:00
MH3,"Ashling, Flame Dancer",3618,1882,0.5201768933112216,52.01768933112217,2024-06-11T15:05:04+00:00,2024-07-09T15:05:04+00:00
MH3,"Azlask, the Swelling Scourge",588,273,0.4642857142857143,46.42857142857143,2024-06-11T15:05:04+00:00,2024-07-09T15:05:04+00:00
MH3,Barbarian Ring,6903,3672,0.5319426336375489,53.19426336375489,2024-06-11T15:05:04+00:00,2024-07-09T15:05:04+00:00
MH3,Basking Broodscale,69689,39725,0.5700325732899023,57.00325732899023,2024-06-11T15:05:04+00:00,2024-07-09T15:05:04+00:00
MH3,Bespoke Battlewagon,19595,10681,0.5450880326613932,54.508803266139324,2024-06-11T15:05:04+00:00,2024-07-09T15:05:04+00:00
MH3,Birthing Ritual,850,437,0.5141176470588236,51.411764705882355,2024-06-11T15:05:04+00:00,2024-07-09T15:05:04+00:00
MH3,Bloodsoaked Insight,25041,13476,0.5381574218282017,53.81574218282017,2024-06-11T15:05:04+00:00,2024-07-09T15:05:04+00:00
MH3,Bloodstained Mire,5449,2964,0.5439530189025509,54.39530189025509,2024-06-11T15:05:04+00:00,2024-07-09T15:05:04+00:00
MH3,Boggart Trawler,19264,10203,0.529640780730897,52.9640780730897,2024-06-11T15:05:04+00:00,2024-07-09T15:05:04+00:00
MH3,Bountiful Landscape,74762,42122,0.5634145688986384,56.341456889863835,2024-06-11T15:05:04+00:00,2024-07-09T15:05:04+00:00
MH3,Brainsurge,23569,13546,0.5747380033094319,57.473800330943185,2024-06-11T15:05:04+00:00,2024-07-09T15:05:04+00:00
MH3,Branching Evolution,2645,1175,0.444234404536862,44.4234404536862,2024-06-11T15:05:04+00:00,2024-07-09T15:05:04+00:00
MH3,Breaker of Creation,23285,13013,0.5588576336697445,55.885763366974444,2024-06-11T15:05:04+00:00,2024-07-09T15:05:04+00:00
MH3,Breathe Your Last,59241,32951,0.5562195101365608,55.62195101365608,2024-06-11T15:05:04+00:00,2024-07-09T15:05:04+00:00
MH3,"Breya, Etherium Shaper",1246,682,0.5473515248796148,54.73515248796148,2024-06-11T15:05:04+00:00,2024-07-09T15:05:04+00:00
MH3,Bridgeworks Battle,29783,16691,0.5604203740388812,56.04203740388812,2024-06-11T15:05:04+00:00,2024-07-09T15:05:04+00:00
MH3,Buried Alive,1160,575,0.4956896551724138,49.56896551724138,2024-06-11T15:05:04+00:00,2024-07-09T15:05:04+00:00
MH3,"Cayth, Famed Mechanist",3092,1688,0.5459249676584734,54.59249676584735,2024-06-11T15:05:04+00:00,2024-07-09T15:05:04+00:00
MH3,Cephalid Coliseum,5451,2794,0.5125665015593469,51.25665015593469,2024-06-11T15:05:04+00:00,2024-07-09T15:05:04+00:00
MH3,Chthonian Nightmare,12122,6849,0.5650057746246494,56.50057746246494,2024-06-11T15:05:04+00:00,2024-07-09T15:05:04+00:00
MH3,Collective Resistance,20650,11902,0.5763680387409201,57.63680387409201,2024-06-11T15:05:04+00:00,2024-07-09T15:05:04+00:00
MH3,Colossal Dreadmask,48445,26514,0.5473010630612034,54.73010630612034,2024-06-11T15:05:04+00:00,2024-07-09T15:05:04+00:00
MH3,Conduit Goblin,56840,33369,0.5870689655172414,58.706896551724135,2024-06-11T15:05:04+00:00,2024-07-09T15:05:04+00:00
MH3,Consign to Memory,4468,2258,0.5053715308863026,50.53715308863026,2024-06-11T15:05:04+00:00,2024-07-09T15:05:04+00:00
MH3,Consuming Corruption,13997,7632,0.5452596985068229,54.52596985068229,2024-06-11T15:05:04+00:00,2024-07-09T15:05:04+00:00
MH3,Contaminated Landscape,55996,30693,0.5481284377455532,54.812843774555326,2024-06-11T15:05:04+00:00,2024-07-09T15:05:04+00:00
MH3,Copycrook,18434,9768,0.5298904198763155,52.98904198763155,2024-06-11T15:05:04+00:00,2024-07-09T15:05:04+00:00
MH3,"Coram, the Undertaker",2014,992,0.4925521350546177,49.25521350546177,2024-06-11T15:05:04+00:00,2024-07-09T15:05:04+00:00
MH3,Corrupted Shapeshifter,20253,9948,0.49118649089023847,49.11864908902385,2024-06-11T15:05:04+00:00,2024-07-09T15:05:04+00:00
MH3,Crabomination,14198,9057,0.6379067474292154,63.79067474292154,2024-06-11T15:05:04+00:00,2024-07-09T15:05:04+00:00
MH3,Cranial Ram,29053,16038,0.5520256083709083,55.202560837090836,2024-06-11T15:05:04+00:00,2024-07-09T15:05:04+00:00
MH3,Cursed Mirror,2274,1122,0.49340369393139843,49.340369393139845,2024-06-11T15:05:04+00:00,2024-07-09T15:05:04+00:00
MH3,Cursed Wombat,18209,9933,0.5454994782799715,54.549947827997144,2024-06-11T15:05:04+00:00,2024-07-09T15:05:04+00:00
MH3,Cyclops Superconductor,30851,16630,0.5390424945706784,53.90424945706784,2024-06-11T15:05:04+00:00,2024-07-09T15:05:04+00:00
MH3,Deceptive Landscape,50385,27302,0.5418676193311501,54.186761933115015,2024-06-11T15:05:04+00:00,2024-07-09T15:05:04+00:00
MH3,Decree of Justice,8052,4185,0.5197466467958272,51.97466467958271,2024-06-11T15:05:04+00:00,2024-07-09T15:05:04+00:00
MH3,Deem Inferior,68151,39060,0.5731390588546023,57.31390588546023,2024-06-11T15:05:04+00:00,2024-07-09T15:05:04+00:00
MH3,Deep Analysis,23533,13121,0.557557472485446,55.755747248544594,2024-06-11T15:05:04+00:00,2024-07-09T15:05:04+00:00
MH3,Depth Defiler,34110,20202,0.5922603342128409,59.22603342128408,2024-06-11T15:05:04+00:00,2024-07-09T15:05:04+00:00
MH3,Deserted Temple,1012,458,0.4525691699604743,45.25691699604743,2024-06-11T15:05:04+00:00,2024-07-09T15:05:04+00:00
MH3,Detective's Phoenix,14681,8631,0.5879027314215652,58.79027314215653,2024-06-11T15:05:04+00:00,2024-07-09T15:05:04+00:00
MH3,Devourer of Destiny,10421,5951,0.5710584396890893,57.105843968908935,2024-06-11T15:05:04+00:00,2024-07-09T15:05:04+00:00
MH3,Disa the Restless,2704,1430,0.5288461538461539,52.88461538461539,2024-06-11T15:05:04+00:00,2024-07-09T15:05:04+00:00
MH3,Disciple of Freyalise,26433,14777,0.5590360534180759,55.90360534180759,2024-06-11T15:05:04+00:00,2024-07-09T15:05:04+00:00
MH3,Dismember,1271,767,0.6034618410700237,60.34618410700236,2024-06-11T15:05:04+00:00,2024-07-09T15:05:04+00:00
MH3,Distinguished Conjurer,10796,5384,0.49870322341608003,49.870322341608,2024-06-11T15:05:04+00:00,2024-07-09T15:05:04+00:00
MH3,Dog Umbra,53988,30105,0.5576239164258724,55.76239164258724,2024-06-11T15:05:04+00:00,2024-07-09T15:05:04+00:00
MH3,Dreadmobile,10012,5022,0.5015980823012385,50.15980823012385,2024-06-11T15:05:04+00:00,2024-07-09T15:05:04+00:00
MH3,Dreamdrinker Vampire,39063,20946,0.5362107365025728,53.62107365025728,2024-06-11T15:05:04+00:00,2024-07-09T15:05:04+00:00
MH3,Dreamtide Whale,9105,5007,0.5499176276771005,54.99176276771005,2024-06-11T15:05:04+00:00,2024-07-09T15:05:04+00:00
MH3,Drossclaw,23258,12090,0.5198211368131396,51.982113681313955,2024-06-11T15:05:04+00:00,2024-07-09T15:05:04+00:00
MH3,Drowner of Truth,27954,15589,0.5576661658438864,55.766616584388636,2024-06-11T15:05:04+00:00,2024-07-09T15:05:04+00:00
MH3,Drownyard Lurker,49601,26891,0.5421463276950061,54.21463276950062,2024-06-11T15:05:04+00:00,2024-07-09T15:05:04+00:00
MH3,Echoes of Eternity,5873,3039,0.517452749872297,51.74527498722969,2024-06-11T15:05:04+00:00,2024-07-09T15:05:04+00:00
MH3,"Eladamri, Korvecdal",5086,2713,0.5334250884781754,53.34250884781754,2024-06-11T15:05:04+00:00,2024-07-09T15:05:04+00:00
MH3,Eldrazi Linebreaker,11710,6864,0.5861656703672076,58.61656703672075,2024-06-11T15:05:04+00:00,2024-07-09T15:05:04+00:00
MH3,Eldrazi Ravager,19097,9937,0.5203435094517463,52.03435094517464,2024-06-11T15:05:04+00:00,2024-07-09T15:05:04+00:00
MH3,Eldrazi Repurposer,77651,46348,0.5968757646392191,59.68757646392191,2024-06-11T15:05:04+00:00,2024-07-09T15:05:04+00:00
MH3,Electrozoa,24641,13125,0.5326488373036808,53.26488373036808,2024-06-11T15:05:04+00:00,2024-07-09T15:05:04+00:00
MH3,Emissary of Soulfire,16667,9034,0.5420291594168116,54.20291594168117,2024-06-11T15:05:04+00:00,2024-07-09T15:05:04+00:00
MH3,Emperor of Bones,12271,7186,0.585608344878168,58.560834487816805,2024-06-11T15:05:04+00:00,2024-07-09T15:05:04+00:00
MH3,Emrakul's Messenger,28642,16058,0.5606452063403393,56.06452063403393,2024-06-11T15:05:04+00:00,2024-07-09T15:05:04+00:00
MH3,"Emrakul, the World Anew",4711,2781,0.5903205264275101,59.03205264275101,2024-06-11T15:05:04+00:00,2024-07-09T15:05:04+00:00
MH3,Endurance,804,433,0.5385572139303483,53.85572139303483,2024-06-11T15:05:04+00:00,2024-07-09T15:05:04+00:00
MH3,Envoy of the Ancestors,19153,10387,0.5423171304756434,54.23171304756435,2024-06-11T15:05:04+00:00,2024-07-09T15:05:04+00:00
MH3,Essence Reliquary,11972,6088,0.5085198797193451,50.85198797193451,2024-06-11T15:05:04+00:00,2024-07-09T15:05:04+00:00
MH3,Estrid's Invocation,524,272,0.5190839694656488,51.908396946564885,2024-06-11T15:05:04+00:00,2024-07-09T15:05:04+00:00
MH3,Etched Slith,17765,9306,0.5238390092879257,52.38390092879257,2024-06-11T15:05:04+00:00,2024-07-09T15:05:04+00:00
MH3,Etherium Pteramander,15800,8767,0.554873417721519,55.4873417721519,2024-06-11T15:05:04+00:00,2024-07-09T15:05:04+00:00
MH3,Eviscerator's Insight,43296,23804,0.5497967479674797,54.979674796747965,2024-06-11T15:05:04+00:00,2024-07-09T15:05:04+00:00
MH3,Evolution Witness,61319,33328,0.543518322216605,54.351832221660494,2024-06-11T15:05:04+00:00,2024-07-09T15:05:04+00:00
MH3,Expanding Ooze,29612,15366,0.5189112521950561,51.891125219505604,2024-06-11T15:05:04+00:00,2024-07-09T15:05:04+00:00
MH3,Expel the Unworthy,27291,14169,0.5191821479608663,51.91821479608662,2024-06-11T15:05:04+00:00,2024-07-09T15:05:04+00:00
MH3,Expressive Iteration,646,363,0.5619195046439629,56.191950464396285,2024-06-11T15:05:04+00:00,2024-07-09T15:05:04+00:00
MH3,Faithful Watchdog,32450,18148,0.5592604006163329,55.92604006163328,2024-06-11T15:05:04+00:00,2024-07-09T15:05:04+00:00
MH3,Fanatic of Rhonas,12063,7262,0.6020061344607477,60.200613446074776,2024-06-11T15:05:04+00:00,2024-07-09T15:05:04+00:00
MH3,Fanged Flames,67747,37887,0.55924247568158,55.924247568158,2024-06-11T15:05:04+00:00,2024-07-09T15:05:04+00:00
MH3,Fangs of Kalonia,13839,7196,0.5199797673242287,51.99797673242286,2024-06-11T15:05:04+00:00,2024-07-09T15:05:04+00:00
MH3,Fell the Profane,25975,14366,0.553070259865255,55.3070259865255,2024-06-11T15:05:04+00:00,2024-07-09T15:05:04+00:00
MH3,Fetid Gargantua,34062,17570,0.5158240854911632,51.582408549116316,2024-06-11T15:05:04+00:00,2024-07-09T15:05:04+00:00
MH3,Flare of Cultivation,3209,1581,0.49267684636958553,49.267684636958556,2024-06-11T15:05:04+00:00,2024-07-09T15:05:04+00:00
MH3,Flare of Denial,5760,3166,0.5496527777777778,54.96527777777778,2024-06-11T15:05:04+00:00,2024-07-09T15:05:04+00:00
MH3,Flare of Duplication,943,426,0.4517497348886532,45.17497348886533,2024-06-11T15:05:04+00:00,2024-07-09T15:05:04+00:00
MH3,Flare of Fortitude,1276,656,0.5141065830721003,51.41065830721003,2024-06-11T15:05:04+00:00,2024-07-09T15:05:04+00:00
MH3,Flare of Malice,9119,5135,0.5631099901304968,56.310999013049674,2024-06-11T15:05:04+00:00,2024-07-09T15:05:04+00:00
MH3,Fledgling Dragon,4278,2058,0.48106591865357645,48.10659186535764,2024-06-11T15:05:04+00:00,2024-07-09T15:05:04+00:00
MH3,Flooded Strand,6496,3531,0.5435652709359606,54.35652709359606,2024-06-11T15:05:04+00:00,2024-07-09T15:05:04+00:00
MH3,Foreboding Landscape,65479,36044,0.5504665617984392,55.04665617984392,2024-06-11T15:05:04+00:00,2024-07-09T15:05:04+00:00
MH3,Forest,324416,179765,0.5541187857565595,55.41187857565595,2024-06-11T15:05:04+00:00,2024-07-09T15:05:04+00:00
MH3,Fowl Strike,22261,11695,0.5253582498540048,52.535824985400474,2024-06-11T15:05:04+00:00,2024-07-09T15:05:04+00:00
MH3,Frogmyr Enforcer,5811,2774,0.4773705042161418,47.73705042161418,2024-06-11T15:05:04+00:00,2024-07-09T15:05:04+00:00
MH3,Furnace Hellkite,9642,4909,0.5091267371914541,50.9126737191454,2024-06-11T15:05:04+00:00,2024-07-09T15:05:04+00:00
MH3,Fury,1241,783,0.6309427880741337,63.094278807413374,2024-06-11T15:05:04+00:00,2024-07-09T15:05:04+00:00
MH3,Galvanic Discharge,86495,51635,0.59697092317475,59.697092317475,2024-06-11T15:05:04+00:00,2024-07-09T15:05:04+00:00
MH3,"Genku, Future Shaper",13012,7508,0.5770058407623732,57.70058407623732,2024-06-11T15:05:04+00:00,2024-07-09T15:05:04+00:00
MH3,Ghostfire Slice,28446,16073,0.5650355058707727,56.50355058707727,2024-06-11T15:05:04+00:00,2024-07-09T15:05:04+00:00
MH3,Gift of the Viper,32870,18142,0.5519318527532705,55.193185275327046,2024-06-11T15:05:04+00:00,2024-07-09T15:05:04+00:00
MH3,Glaring Fleshraker,23658,13224,0.5589652548820695,55.89652548820695,2024-06-11T15:05:04+00:00,2024-07-09T15:05:04+00:00
MH3,Glasswing Grace,27526,15233,0.5534040543486158,55.34040543486159,2024-06-11T15:05:04+00:00,2024-07-09T15:05:04+00:00
MH3,Glimpse the Impossible,56423,32425,0.5746769934246673,57.46769934246672,2024-06-11T15:05:04+00:00,2024-07-09T15:05:04+00:00
MH3,Glyph Elemental,30784,17861,0.580204002079002,58.02040020790021,2024-06-11T15:05:04+00:00,2024-07-09T15:05:04+00:00
MH3,Golden-Tail Trainer,9800,4670,0.47653061224489796,47.6530612244898,2024-06-11T15:05:04+00:00,2024-07-09T15:05:04+00:00
MH3,Gravedig,28844,14566,0.504992372763833,50.499237276383305,2024-06-11T15:05:04+00:00,2024-07-09T15:05:04+00:00
MH3,Grief,1033,623,0.6030977734753146,60.30977734753146,2024-06-11T15:05:04+00:00,2024-07-09T15:05:04+00:00
MH3,Grim Servant,13734,7292,0.5309450997524392,53.09450997524392,2024-06-11T15:05:04+00:00,2024-07-09T15:05:04+00:00
MH3,"Grist, Voracious Larva",3024,1639,0.5419973544973545,54.19973544973545,2024-06-11T15:05:04+00:00,2024-07-09T15:05:04+00:00
MH3,Guardian of the Forgotten,15636,8474,0.5419544640573036,54.195446405730365,2024-06-11T15:05:04+00:00,2024-07-09T15:05:04+00:00
MH3,Guide of Souls,14836,9945,0.6703289296306282,67.03289296306282,2024-06-11T15:05:04+00:00,2024-07-09T15:05:04+00:00
MH3,"Herigast, Erupting Nullkite",4832,2597,0.5374586092715232,53.745860927152314,2024-06-11T15:05:04+00:00,2024-07-09T15:05:04+00:00
MH3,Hexgold Slith,61402,34357,0.5595420344614181,55.95420344614182,2024-06-11T15:05:04+00:00,2024-07-09T15:05:04+00:00
MH3,Hope-Ender Coatl,28940,16515,0.5706634416033172,57.066344160331724,2024-06-11T15:05:04+00:00,2024-07-09T15:05:04+00:00
MH3,Horrid Shadowspinner,16271,9233,0.5674512937127405,56.74512937127405,2024-06-11T15:05:04+00:00,2024-07-09T15:05:04+00:00
MH3,Horrific Assault,75865,44523,0.5868714163316417,58.687141633164174,2024-06-11T15:05:04+00:00,2024-07-09T15:05:04+00:00
MH3,Hydra Trainer,14974,7574,0.5058100707893682,50.58100707893682,2024-06-11T15:05:04+00:00,2024-07-09T15:05:04+00:00
MH3,Hydroelectric Specimen,22019,11736,0.5329942322539625,53.29942322539625,2024-06-11T15:05:04+00:00,2024-07-09T15:05:04+00:00
MH3,Idol of False Gods,12098,6027,0.49818151760621593,49.81815176062159,2024-06-11T15:05:04+00:00,2024-07-09T15:05:04+00:00
MH3,Imskir Iron-Eater,4588,2147,0.4679598953792502,46.795989537925024,2024-06-11T15:05:04+00:00,2024-07-09T15:05:04+00:00
MH3,Indebted Spirit,17801,9637,0.5413740801078591,54.13740801078591,2024-06-11T15:05:04+00:00,2024-07-09T15:05:04+00:00
MH3,Infernal Captor,20764,11124,0.5357349258331728,53.57349258331728,2024-06-11T15:05:04+00:00,2024-07-09T15:05:04+00:00
MH3,Inspired Inventor,53215,29088,0.5466127971436625,54.66127971436625,2024-06-11T15:05:04+00:00,2024-07-09T15:05:04+00:00
MH3,Inventor's Axe,21803,12045,0.5524469109755539,55.24469109755538,2024-06-11T15:05:04+00:00,2024-07-09T15:05:04+00:00
MH3,Invert Polarity,9358,5230,0.5588801025860226,55.888010258602264,2024-06-11T15:05:04+00:00,2024-07-09T15:05:04+00:00
MH3,Island,298042,162796,0.5462183182236061,54.621831822360605,2024-06-11T15:05:04+00:00,2024-07-09T15:05:04+00:00
MH3,It That Heralds the End,20796,11319,0.5442873629544143,54.42873629544143,2024-06-11T15:05:04+00:00,2024-07-09T15:05:04+00:00
MH3,Izzet Generatorium,10692,5263,0.49223718668163113,49.223718668163116,2024-06-11T15:05:04+00:00,2024-07-09T15:05:04+00:00
MH3,Jolted Awake,24743,13642,0.5513478559592612,55.13478559592612,2024-06-11T15:05:04+00:00,2024-07-09T15:05:04+00:00
MH3,Junk Diver,4314,2071,0.4800649049605934,48.00649049605934,2024-06-11T15:05:04+00:00,2024-07-09T15:05:04+00:00
MH3,"K'rrik, Son of Yawgmoth",1338,582,0.4349775784753363,43.497757847533634,2024-06-11T15:05:04+00:00,2024-07-09T15:05:04+00:00
MH3,Kami of Jealous Thirst,32181,17529,0.544700288990398,54.470028899039804,2024-06-11T15:05:04+00:00,2024-07-09T15:05:04+00:00
MH3,Kappa Cannoneer,6040,3286,0.5440397350993378,54.40397350993378,2024-06-11T15:05:04+00:00,2024-07-09T15:05:04+00:00
MH3,Kozilek's Command,10048,5993,0.596437101910828,59.6437101910828,2024-06-11T15:05:04+00:00,2024-07-09T15:05:04+00:00
MH3,Kozilek's Unsealing,17792,9407,0.528720773381295,52.87207733812949,2024-06-11T15:05:04+00:00,2024-07-09T15:05:04+00:00
MH3,"Kozilek, the Broken Reality",5397,3042,0.5636464702612562,56.364647026125624,2024-06-11T15:05:04+00:00,2024-07-09T15:05:04+00:00
MH3,"Kudo, King Among Bears",3938,2100,0.5332656170644997,53.32656170644997,2024-06-11T15:05:04+00:00,2024-07-09T15:05:04+00:00
MH3,"Laelia, the Blade Reforged",12401,7508,0.6054350455608418,60.54350455608419,2024-06-11T15:05:04+00:00,2024-07-09T15:05:04+00:00
MH3,Legion Leadership,30871,17356,0.5622104888082666,56.221048880826665,2024-06-11T15:05:04+00:00,2024-07-09T15:05:04+00:00
MH3,Lethal Throwdown,19643,10750,0.5472687471363845,54.726874713638445,2024-06-11T15:05:04+00:00,2024-07-09T15:05:04+00:00
MH3,Lion Umbra,8701,4549,0.5228134697161246,52.28134697161246,2024-06-11T15:05:04+00:00,2024-07-09T15:05:04+00:00
MH3,Malevolent Rumble,75344,45046,0.5978710978976428,59.78710978976428,2024-06-11T15:05:04+00:00,2024-07-09T15:05:04+00:00
MH3,Mandibular Kite,61583,35845,0.5820599840865174,58.20599840865174,2024-06-11T15:05:04+00:00,2024-07-09T15:05:04+00:00
MH3,Marionette Apprentice,30646,18303,0.5972394439731123,59.72394439731123,2024-06-11T15:05:04+00:00,2024-07-09T15:05:04+00:00
MH3,Metastatic Evangel,28499,16064,0.5636689006631812,56.36689006631811,2024-06-11T15:05:04+00:00,2024-07-09T15:05:04+00:00
MH3,Meteoric Mace,3460,1685,0.4869942196531792,48.69942196531792,2024-06-11T15:05:04+00:00,2024-07-09T15:05:04+00:00
MH3,Mindless Conscription,19075,11137,0.5838532110091743,58.38532110091743,2024-06-11T15:05:04+00:00,2024-07-09T15:05:04+00:00
MH3,Mogg Mob,3780,2058,0.5444444444444444,54.44444444444444,2024-06-11T15:05:04+00:00,2024-07-09T15:05:04+00:00
MH3,Molten Gatekeeper,51805,28152,0.5434224495705048,54.342244957050475,2024-06-11T15:05:04+00:00,2024-07-09T15:05:04+00:00
MH3,Monstrous Vortex,2118,986,0.465533522190746,46.5533522190746,2024-06-11T15:05:04+00:00,2024-07-09T15:05:04+00:00
MH3,Monumental Henge,4749,2541,0.5350600126342387,53.506001263423876,2024-06-11T15:05:04+00:00,2024-07-09T15:05:04+00:00
MH3,Mountain,357809,202017,0.5645945183044585,56.45945183044585,2024-06-11T15:05:04+00:00,2024-07-09T15:05:04+00:00
MH3,Muster the Departed,8070,4199,0.5203221809169765,52.032218091697644,2024-06-11T15:05:04+00:00,2024-07-09T15:05:04+00:00
MH3,Nadier's Nightblade,5569,2599,0.46669060872688095,46.66906087268809,2024-06-11T15:05:04+00:00,2024-07-09T15:05:04+00:00
MH3,"Nadu, Winged Wisdom",13579,8229,0.6060092790338022,60.60092790338022,2024-06-11T15:05:04+00:00,2024-07-09T15:05:04+00:00
MH3,Necrodominance,636,275,0.43238993710691825,43.23899371069182,2024-06-11T15:05:04+00:00,2024-07-09T15:05:04+00:00
MH3,Nesting Grounds,13136,6810,0.5184226552984166,51.842265529841654,2024-06-11T15:05:04+00:00,2024-07-09T15:05:04+00:00
MH3,Nethergoyf,3262,1823,0.5588595953402821,55.8859595340282,2024-06-11T15:05:04+00:00,2024-07-09T15:05:04+00:00
MH3,Nightshade Dryad,74057,43437,0.586534696247485,58.6534696247485,2024-06-11T15:05:04+00:00,2024-07-09T15:05:04+00:00
MH3,Null Elemental Blast,1532,715,0.466710182767624,46.6710182767624,2024-06-11T15:05:04+00:00,2024-07-09T15:05:04+00:00
MH3,Nulldrifter,13345,7549,0.565680029973773,56.56800299737729,2024-06-11T15:05:04+00:00,2024-07-09T15:05:04+00:00
MH3,Nyxborn Hydra,57953,32656,0.5634911048608355,56.34911048608355,2024-06-11T15:05:04+00:00,2024-07-09T15:05:04+00:00
MH3,Nyxborn Unicorn,53111,29180,0.5494153753459735,54.94153753459735,2024-06-11T15:05:04+00:00,2024-07-09T15:05:04+00:00
MH3,Obstinate Gargoyle,18225,9285,0.5094650205761316,50.946502057613166,2024-06-11T15:05:04+00:00,2024-07-09T15:05:04+00:00
MH3,Ocelot Pride,6188,4039,0.6527149321266968,65.27149321266968,2024-06-11T15:05:04+00:00,2024-07-09T15:05:04+00:00
MH3,"Omo, Queen of Vesuva",802,392,0.48877805486284287,48.87780548628429,2024-06-11T15:05:04+00:00,2024-07-09T15:05:04+00:00
MH3,Ondu Knotmaster,12217,6137,0.5023328149300156,50.233281493001556,2024-06-11T15:05:04+00:00,2024-07-09T15:05:04+00:00
MH3,Ophiomancer,10902,6510,0.597138139790864,59.7138139790864,2024-06-11T15:05:04+00:00,2024-07-09T15:05:04+00:00
MH3,Party Thrasher,12629,7373,0.5838150289017341,58.38150289017341,2024-06-11T15:05:04+00:00,2024-07-09T15:05:04+00:00
MH3,Path of Annihilation,31757,19431,0.61186510060774,61.186510060774005,2024-06-11T15:05:04+00:00,2024-07-09T15:05:04+00:00
MH3,"Pearl-Ear, Imperial Advisor",8632,4811,0.5573447636700649,55.734476367006486,2024-06-11T15:05:04+00:00,2024-07-09T15:05:04+00:00
MH3,Perilous Landscape,71562,39976,0.5586204969117688,55.86204969117688,2024-06-11T15:05:04+00:00,2024-07-09T15:05:04+00:00
MH3,Persist,555,286,0.5153153153153153,51.531531531531535,2024-06-11T15:05:04+00:00,2024-07-09T15:05:04+00:00
MH3,Petrifying Meddler,60123,33469,0.5566754819287129,55.66754819287128,2024-06-11T15:05:04+00:00,2024-07-09T15:05:04+00:00
MH3,"Phelia, Exuberant Shepherd",13067,7852,0.6009030381878013,60.090303818780136,2024-06-11T15:05:04+00:00,2024-07-09T15:05:04+00:00
MH3,"Phlage, Titan of Fire's Fury",5976,3842,0.642904953145917,64.2904953145917,2024-06-11T15:05:04+00:00,2024-07-09T15:05:04+00:00
MH3,Phyrexian Ironworks,19059,9985,0.5238994700666352,52.38994700666352,2024-06-11T15:05:04+00:00,2024-07-09T15:05:04+00:00
MH3,Phyrexian Tower,1425,729,0.511578947368421,51.1578947368421,2024-06-11T15:05:04+00:00,2024-07-09T15:05:04+00:00
MH3,Pinnacle Monk,28972,16095,0.5555363799530582,55.55363799530581,2024-06-11T15:05:04+00:00,2024-07-09T15:05:04+00:00
MH3,Plains,280270,156682,0.559039497627288,55.9039497627288,2024-06-11T15:05:04+00:00,2024-07-09T15:05:04+00:00
MH3,Planar Genesis,15746,8311,0.5278165883398959,52.78165883398958,2024-06-11T15:05:04+00:00,2024-07-09T15:05:04+00:00
MH3,Polluted Delta,5944,3130,0.5265814266487214,52.65814266487214,2024-06-11T15:05:04+00:00,2024-07-09T15:05:04+00:00
MH3,Priest of Titania,16845,9054,0.5374888691006233,53.74888691006233,2024-06-11T15:05:04+00:00,2024-07-09T15:05:04+00:00
MH3,Propagator Drone,27539,15602,0.5665419949889248,56.65419949889248,2024-06-11T15:05:04+00:00,2024-07-09T15:05:04+00:00
MH3,Proud Pack-Rhino,26381,14991,0.5682498768052765,56.824987680527656,2024-06-11T15:05:04+00:00,2024-07-09T15:05:04+00:00
MH3,Psychic Frog,12368,7596,0.6141655886157826,61.41655886157827,2024-06-11T15:05:04+00:00,2024-07-09T15:05:04+00:00
MH3,Pyretic Rebirth,14911,7860,0.5271276239018174,52.712762390181744,2024-06-11T15:05:04+00:00,2024-07-09T15:05:04+00:00
MH3,Quest for the Necropolis,9364,4659,0.49754378470739,49.754378470739,2024-06-11T15:05:04+00:00,2024-07-09T15:05:04+00:00
MH3,Ral and the Implicit Maze,28702,16783,0.584732771235454,58.4732771235454,2024-06-11T15:05:04+00:00,2024-07-09T15:05:04+00:00
MH3,"Ral, Monsoon Mage",2692,1356,0.5037147102526003,50.37147102526003,2024-06-11T15:05:04+00:00,2024-07-09T15:05:04+00:00
MH3,Razorgrass Ambush,23686,12709,0.5365616820062484,53.65616820062484,2024-06-11T15:05:04+00:00,2024-07-09T15:05:04+00:00
MH3,Reckless Pyrosurfer,29780,16868,0.5664204163868368,56.64204163868368,2024-06-11T15:05:04+00:00,2024-07-09T15:05:04+00:00
MH3,Recruiter of the Guard,2469,1401,0.5674362089914945,56.743620899149455,2024-06-11T15:05:04+00:00,2024-07-09T15:05:04+00:00
MH3,Reef Worm,12505,6593,0.5272291083566574,52.722910835665736,2024-06-11T15:05:04+00:00,2024-07-09T15:05:04+00:00
MH3,Refurbished Familiar,46080,25591,0.5553602430555555,55.53602430555556,2024-06-11T15:05:04+00:00,2024-07-09T15:05:04+00:00
MH3,Reiterating Bolt,27239,14962,0.5492859502918609,54.92859502918609,2024-06-11T15:05:04+00:00,2024-07-09T15:05:04+00:00
MH3,Retrofitted Transmogrant,39505,21410,0.541956714339957,54.1956714339957,2024-06-11T15:05:04+00:00,2024-07-09T15:05:04+00:00
MH3,Revitalizing Repast,29287,16461,0.5620582511011711,56.20582511011712,2024-06-11T15:05:04+00:00,2024-07-09T15:05:04+00:00
MH3,Riddle Gate Gargoyle,39078,22638,0.5793029325963458,57.930293259634574,2024-06-11T15:05:04+00:00,2024-07-09T15:05:04+00:00
MH3,Ripples of Undeath,635,272,0.4283464566929134,42.83464566929134,2024-06-11T15:05:04+00:00,2024-07-09T15:05:04+00:00
MH3,Roil Cartographer,29287,16888,0.5766380988151739,57.663809881517395,2024-06-11T15:05:04+00:00,2024-07-09T15:05:04+00:00
MH3,Rosecot Knight,15620,8198,0.5248399487836107,52.483994878361074,2024-06-11T15:05:04+00:00,2024-07-09T15:05:04+00:00
MH3,"Rosheen, Roaring Prophet",973,519,0.5334018499486125,53.340184994861254,2024-06-11T15:05:04+00:00,2024-07-09T15:05:04+00:00
MH3,Rush of Inspiration,28415,15644,0.5505542847087805,55.055428470878056,2024-06-11T15:05:04+00:00,2024-07-09T15:05:04+00:00
MH3,Sage of the Unknowable,35409,18438,0.5207150724392103,52.07150724392104,2024-06-11T15:05:04+00:00,2024-07-09T15:05:04+00:00
MH3,Sarpadian Simulacrum,25870,13953,0.5393505991495942,53.93505991495941,2024-06-11T15:05:04+00:00,2024-07-09T15:05:04+00:00
MH3,"Satya, Aetherflux Genius",4486,2808,0.6259473918858671,62.594739188586715,2024-06-11T15:05:04+00:00,2024-07-09T15:05:04+00:00
MH3,Scurrilous Sentry,36160,20124,0.5565265486725663,55.652654867256636,2024-06-11T15:05:04+00:00,2024-07-09T15:05:04+00:00
MH3,Scurry of Gremlins,31382,19007,0.6056656682174495,60.56656682174495,2024-06-11T15:05:04+00:00,2024-07-09T15:05:04+00:00
MH3,Seething Landscape,67341,37263,0.5533478861317771,55.33478861317771,2024-06-11T15:05:04+00:00,2024-07-09T15:05:04+00:00
MH3,Serum Visionary,72303,41650,0.576048020137477,57.6048020137477,2024-06-11T15:05:04+00:00,2024-07-09T15:05:04+00:00
MH3,Sevinne's Reclamation,7087,3964,0.5593339918160011,55.933399181600116,2024-06-11T15:05:04+00:00,2024-07-09T15:05:04+00:00
MH3,Shadow of the Second Sun,4797,2815,0.586825099020221,58.6825099020221,2024-06-11T15:05:04+00:00,2024-07-09T15:05:04+00:00
MH3,Shattered Landscape,57515,31498,0.547648439537512,54.764843953751196,2024-06-11T15:05:04+00:00,2024-07-09T15:05:04+00:00
MH3,Sheltering Landscape,72267,40756,0.5639641883570647,56.39641883570648,2024-06-11T15:05:04+00:00,2024-07-09T15:05:04+00:00
MH3,Shifting Woodland,7984,4392,0.5501002004008017,55.01002004008016,2024-06-11T15:05:04+00:00,2024-07-09T15:05:04+00:00
MH3,"Shilgengar, Sire of Famine",10794,5943,0.5505836575875487,55.05836575875487,2024-06-11T15:05:04+00:00,2024-07-09T15:05:04+00:00
MH3,Shrieking Drake,3951,1928,0.4879777271576816,48.79777271576816,2024-06-11T15:05:04+00:00,2024-07-09T15:05:04+00:00
MH3,Siege Smash,23238,12848,0.5528875118340649,55.28875118340649,2024-06-11T15:05:04+00:00,2024-07-09T15:05:04+00:00
MH3,Signature Slam,31847,18827,0.5911702829151882,59.11702829151882,2024-06-11T15:05:04+00:00,2024-07-09T15:05:04+00:00
MH3,Sink into Stupor,26667,14495,0.5435557055536806,54.35557055536806,2024-06-11T15:05:04+00:00,2024-07-09T15:05:04+00:00
MH3,Six,13718,8104,0.5907566700685231,59.07566700685231,2024-06-11T15:05:04+00:00,2024-07-09T15:05:04+00:00
MH3,Skittering Precursor,22598,12512,0.5536773165766882,55.36773165766882,2024-06-11T15:05:04+00:00,2024-07-09T15:05:04+00:00
MH3,"Skoa, Embermage",40878,22526,0.5510543568667743,55.10543568667743,2024-06-11T15:05:04+00:00,2024-07-09T15:05:04+00:00
MH3,Smelted Chargebug,62559,35288,0.5640755127159961,56.40755127159961,2024-06-11T15:05:04+00:00,2024-07-09T15:05:04+00:00
MH3,Snapping Voidcraw,48417,25918,0.5353078464175806,53.53078464175806,2024-06-11T15:05:04+00:00,2024-07-09T15:05:04+00:00
MH3,Sneaky Snacker,40224,23096,0.5741845664280032,57.418456642800315,2024-06-11T15:05:04+00:00,2024-07-09T15:05:04+00:00
MH3,Snow-Covered Wastes,3102,1539,0.4961315280464217,49.61315280464217,2024-06-11T15:05:04+00:00,2024-07-09T15:05:04+00:00
MH3,Solar Transformer,29227,16479,0.5638279672905191,56.382796729051904,2024-06-11T15:05:04+00:00,2024-07-09T15:05:04+00:00
MH3,Solitude,1163,713,0.6130696474634566,61.306964746345656,2024-06-11T15:05:04+00:00,2024-07-09T15:05:04+00:00
MH3,Solstice Zealot,48377,27352,0.5653926452653121,56.539264526531205,2024-06-11T15:05:04+00:00,2024-07-09T15:05:04+00:00
MH3,Sorin of House Markov,5284,2980,0.5639666919000756,56.39666919000757,2024-06-11T15:05:04+00:00,2024-07-09T15:05:04+00:00
MH3,Sowing Mycospawn,11649,6885,0.5910378573268091,59.10378573268092,2024-06-11T15:05:04+00:00,2024-07-09T15:05:04+00:00
MH3,Spawn-Gang Commander,30631,18187,0.5937448989585714,59.37448989585714,2024-06-11T15:05:04+00:00,2024-07-09T15:05:04+00:00
MH3,Springheart Nantuko,13498,7996,0.5923840568973181,59.23840568973181,2024-06-11T15:05:04+00:00,2024-07-09T15:05:04+00:00
MH3,Spymaster's Vault,9967,5568,0.5586435236279723,55.864352362797234,2024-06-11T15:05:04+00:00,2024-07-09T15:05:04+00:00
MH3,Static Prison,26645,15721,0.5900168887220867,59.00168887220867,2024-06-11T15:05:04+00:00,2024-07-09T15:05:04+00:00
MH3,Strength of the Harvest,27008,15043,0.5569831161137441,55.69831161137441,2024-06-11T15:05:04+00:00,2024-07-09T15:05:04+00:00
MH3,Strix Serenade,836,372,0.4449760765550239,44.49760765550239,2024-06-11T15:05:04+00:00,2024-07-09T15:05:04+00:00
MH3,Stump Stomp,33988,19002,0.5590796751794751,55.90796751794751,2024-06-11T15:05:04+00:00,2024-07-09T15:05:04+00:00
MH3,Subtlety,1136,624,0.5492957746478874,54.929577464788736,2024-06-11T15:05:04+00:00,2024-07-09T15:05:04+00:00
MH3,Sundering Eruption,32215,17943,0.5569765637125562,55.697656371255626,2024-06-11T15:05:04+00:00,2024-07-09T15:05:04+00:00
MH3,Suppression Ray,30345,16732,0.5513923216345362,55.13923216345362,2024-06-11T15:05:04+00:00,2024-07-09T15:05:04+00:00
MH3,Swamp,234569,125863,0.5365713286921971,53.657132869219716,2024-06-11T15:05:04+00:00,2024-07-09T15:05:04+00:00
MH3,Sylvan Safekeeper,4805,2688,0.559417273673257,55.941727367325704,2024-06-11T15:05:04+00:00,2024-07-09T15:05:04+00:00
MH3,Tamiyo Meets the Story Circle,11987,5868,0.4895303245182281,48.95303245182281,2024-06-11T15:05:04+00:00,2024-07-09T15:05:04+00:00
MH3,"Tamiyo, Inquisitive Student",6910,4321,0.6253256150506512,62.532561505065125,2024-06-11T15:05:04+00:00,2024-07-09T15:05:04+00:00
MH3,Temperamental Oozewagg,50021,27334,0.5464504907938665,54.64504907938666,2024-06-11T15:05:04+00:00,2024-07-09T15:05:04+00:00
MH3,Tempest Harvester,52693,29060,0.5514964036968857,55.149640369688576,2024-06-11T15:05:04+00:00,2024-07-09T15:05:04+00:00
MH3,Territory Culler,28673,16342,0.5699438496146201,56.994384961462,2024-06-11T15:05:04+00:00,2024-07-09T15:05:04+00:00
MH3,The Creation of Avacyn,1851,864,0.46677471636953,46.677471636953,2024-06-11T15:05:04+00:00,2024-07-09T15:05:04+00:00
MH3,The Hunger Tide Rises,8481,4260,0.5022992571630704,50.22992571630704,2024-06-11T15:05:04+00:00,2024-07-09T15:05:04+00:00
MH3,The Necrobloom,2833,1344,0.4744087539710554,47.44087539710554,2024-06-11T15:05:04+00:00,2024-07-09T15:05:04+00:00
MH3,Thief of Existence,8047,4174,0.5187026220951908,51.870262209519076,2024-06-11T15:05:04+00:00,2024-07-09T15:05:04+00:00
MH3,Thought-Knot Seer,973,548,0.5632065775950668,56.32065775950668,2024-06-11T15:05:04+00:00,2024-07-09T15:05:04+00:00
MH3,Thraben Charm,57618,32772,0.5687805893991461,56.87805893991461,2024-06-11T15:05:04+00:00,2024-07-09T15:05:04+00:00
MH3,Thriving Skyclaw,30052,16042,0.5338080660189005,53.38080660189006,2024-06-11T15:05:04+00:00,2024-07-09T15:05:04+00:00
MH3,Titans' Vanguard,29919,17877,0.597513285871854,59.7513285871854,2024-06-11T15:05:04+00:00,2024-07-09T15:05:04+00:00
MH3,Toxic Deluge,10487,6161,0.5874892724325356,58.748927243253554,2024-06-11T15:05:04+00:00,2024-07-09T15:05:04+00:00
MH3,Tranquil Landscape,64492,35603,0.5520529678099609,55.20529678099609,2024-06-11T15:05:04+00:00,2024-07-09T15:05:04+00:00
MH3,Trickster's Elk,16767,8637,0.5151189837180176,51.511898371801756,2024-06-11T15:05:04+00:00,2024-07-09T15:05:04+00:00
MH3,Triton Wavebreaker,5194,2504,0.4820947246823258,48.209472468232576,2024-06-11T15:05:04+00:00,2024-07-09T15:05:04+00:00
MH3,Tune the Narrative,49158,26983,0.5489035355384678,54.89035355384678,2024-06-11T15:05:04+00:00,2024-07-09T15:05:04+00:00
MH3,Twisted Landscape,66814,36981,0.5534917831592181,55.34917831592181,2024-06-11T15:05:04+00:00,2024-07-09T15:05:04+00:00
MH3,Twisted Riddlekeeper,28855,16312,0.5653093051464217,56.53093051464218,2024-06-11T15:05:04+00:00,2024-07-09T15:05:04+00:00
MH3,Ugin's Binding,5404,3250,0.6014063656550703,60.14063656550703,2024-06-11T15:05:04+00:00,2024-07-09T15:05:04+00:00
MH3,Ugin's Labyrinth,2783,1503,0.5400646784045994,54.00646784045993,2024-06-11T15:05:04+00:00,2024-07-09T15:05:04+00:00
MH3,"Ulalek, Fused Atrocity",2013,914,0.4540486835568803,45.40486835568803,2024-06-11T15:05:04+00:00,2024-07-09T15:05:04+00:00
MH3,"Ulamog, the Defiler",4632,2432,0.5250431778929189,52.50431778929188,2024-06-11T15:05:04+00:00,2024-07-09T15:05:04+00:00
MH3,Unfathomable Truths,61568,35310,0.5735122141372141,57.35122141372141,2024-06-11T15:05:04+00:00,2024-07-09T15:05:04+00:00
MH3,Unstable Amulet,24861,14167,0.5698483568641648,56.984835686416474,2024-06-11T15:05:04+00:00,2024-07-09T15:05:04+00:00
MH3,Urza's Cave,4270,2077,0.4864168618266979,48.64168618266979,2024-06-11T15:05:04+00:00,2024-07-09T15:05:04+00:00
MH3,Urza's Incubator,1011,433,0.42828882294757664,42.82888229475767,2024-06-11T15:05:04+00:00,2024-07-09T15:05:04+00:00
MH3,Utter Insignificance,44128,23914,0.5419234952864395,54.192349528643945,2024-06-11T15:05:04+00:00,2024-07-09T15:05:04+00:00
MH3,Vexing Bauble,1708,832,0.48711943793911006,48.711943793911004,2024-06-11T15:05:04+00:00,2024-07-09T15:05:04+00:00
MH3,Victimize,14452,7372,0.5101024079712151,51.010240797121504,2024-06-11T15:05:04+00:00,2024-07-09T15:05:04+00:00
MH3,Voidpouncer,44555,24225,0.5437100213219617,54.37100213219616,2024-06-11T15:05:04+00:00,2024-07-09T15:05:04+00:00
MH3,Volatile Stormdrake,10045,5838,0.581184668989547,58.1184668989547,2024-06-11T15:05:04+00:00,2024-07-09T15:05:04+00:00
MH3,Voltstorm Angel,23579,13398,0.568217481657407,56.8217481657407,2024-06-11T15:05:04+00:00,2024-07-09T15:05:04+00:00
MH3,Warped Tusker,55233,30562,0.5533286260025709,55.332862600257094,2024-06-11T15:05:04+00:00,2024-07-09T15:05:04+00:00
MH3,Warren Soultrader,7812,4021,0.514720942140297,51.472094214029696,2024-06-11T15:05:04+00:00,2024-07-09T15:05:04+00:00
MH3,Wastescape Battlemage,29719,17365,0.5843063360139977,58.43063360139978,2024-06-11T15:05:04+00:00,2024-07-09T15:05:04+00:00
MH3,Waterlogged Teachings,20902,11352,0.5431059228781935,54.31059228781935,2024-06-11T15:05:04+00:00,2024-07-09T15:05:04+00:00
MH3,Wheel of Potential,825,399,0.48363636363636364,48.36363636363637,2024-06-11T15:05:04+00:00,2024-07-09T15:05:04+00:00
MH3,White Orchid Phantom,6904,3683,0.5334588644264194,53.34588644264195,2024-06-11T15:05:04+00:00,2024-07-09T15:05:04+00:00
MH3,Wight of the Reliquary,7052,3873,0.5492058990357346,54.92058990357346,2024-06-11T15:05:04+00:00,2024-07-09T15:05:04+00:00
MH3,Windswept Heath,5210,2791,0.5357005758157389,53.5700575815739,2024-06-11T15:05:04+00:00,2024-07-09T15:05:04+00:00
MH3,Wing It,27985,15217,0.5437555833482223,54.37555833482222,2024-06-11T15:05:04+00:00,2024-07-09T15:05:04+00:00
MH3,Witch Enchanter,29391,16663,0.5669422612364329,56.69422612364329,2024-06-11T15:05:04+00:00,2024-07-09T15:05:04+00:00
MH3,Wither and Bloom,66655,38060,0.5709999249868727,57.09999249868727,2024-06-11T15:05:04+00:00,2024-07-09T15:05:04+00:00
MH3,Wooded Foothills,7807,4280,0.548225951069553,54.8225951069553,2024-06-11T15:05:04+00:00,2024-07-09T15:05:04+00:00
MH3,Worn Powerstone,15364,8033,0.522845613121583,52.28456131215829,2024-06-11T15:05:04+00:00,2024-07-09T15:05:04+00:00
MH3,Wrath of the Skies,9504,5250,0.55239898989899,55.23989898989899,2024-06-11T15:05:04+00:00,2024-07-09T15:05:04+00:00
MH3,Writhing Chrysalis,84807,53557,0.6315162663459384,63.15162663459384,2024-06-11T15:05:04+00:00,2024-07-09T15:05:04+00:00
MH3,Wumpus Aberration,27686,15641,0.564942570252113,56.4942570252113,2024-06-11T15:05:04+00:00,2024-07-09T15:05:04+00:00
MH3,Wurmcoil Larva,22238,12524,0.5631801420991096,56.31801420991096,2024-06-11T15:05:04+00:00,2024-07-09T15:05:04+00:00
