set,pair,F0_B5,F1,F2,F3,F4,F5,F6,P1,P2,P3,P4,P5,P6,P7,y,F0,F0s,F0_B5s,D_B5,P9,P_only,oracle
AFR,WU,-0.0017,-0.0009,-0.0015,-0.0278,-0.0146,0.0275,0.0678,-0.4032,-0.2796,0.2127,1.2669,0.2645,1.2919,1.0297,-4.428,-0.0006,-0.3982,-1.122,-2.0893,-0.8679,1.456,-4.428
AFR,WB,-0.0001,-0.0004,-0.0009,0.0067,0.0159,0.0087,0.0265,0.226,0.249,0.183,0.2958,0.0153,-0.1452,0.6794,0.001,-0.0004,-0.269,-0.0663,0.0234,0.1895,0.6868,0.001
AFR,WR,-0.0004,-0.0008,-0.0002,-0.0064,0.004,0.0097,-0.0047,-0.1789,-0.276,0.5157,0.0136,-0.0863,-0.492,0.6032,0.113,-0.0006,-0.4117,-0.2882,-0.7392,-0.7402,-0.4167,0.113
AFR,WG,-0.0008,-0.0009,0.0005,0.0142,-0.0446,0.0301,-0.0295,-0.6803,-0.6,0.6282,-0.0577,0.0732,-0.7265,0.9172,1.26,-0.0003,-0.2213,-0.51,0.5613,0.5645,-0.4584,1.26
AFR,UB,0.0005,0.0009,-0.0005,0.007,0.0277,-0.0109,0.0549,0.503,0.564,-0.5745,0.5484,0.1104,1.0717,-0.4317,-0.328,0.0004,0.2487,0.341,0.6526,0.9596,1.2364,-0.328
AFR,UR,-0.0002,0.0002,-0.0005,-0.0309,0.0159,-0.0131,0.0277,0.0981,0.0389,-0.3543,0.3282,0.0264,0.9499,-0.5698,-2.031,-0.0,-0.0183,-0.1395,-1.7112,-1.3311,0.2398,-2.031
AFR,UG,-0.0004,0.0002,0.0002,-0.0027,-0.0346,0.0075,-0.003,-0.4033,-0.2851,-0.2418,0.1949,0.2215,0.665,-0.4809,-0.962,0.0003,0.1812,-0.2888,0.0406,0.3127,0.081,-0.962
AFR,BR,0.0017,0.001,0.0009,0.0203,0.0497,-0.0281,-0.0185,0.7666,0.6021,-0.2714,-0.7049,-0.2918,-0.5492,-0.6331,4.375,0.0007,0.5124,1.0845,1.6003,0.8473,-0.4314,4.375
AFR,BG,0.0008,0.0006,0.0006,0.0058,-0.004,-0.022,-0.0441,0.2384,0.2559,-0.2714,-0.7763,-0.1035,-0.8341,-0.6567,-0.029,0.0002,0.1054,0.5054,0.6422,-0.0479,-0.7003,-0.029
AFR,RG,0.0007,0.0001,0.0014,0.0138,-0.0153,-0.0094,-0.0771,-0.1665,-0.2692,0.1737,-1.1089,-0.2298,-1.2314,-0.4573,2.031,0.0004,0.2707,0.4839,1.0193,0.1136,-1.6932,2.031
BLB,WU,0.0011,0.0001,-0.0,0.0002,-0.0246,-0.0278,0.0843,-0.2986,-0.1719,-0.1729,1.4063,0.2701,0.054,-0.1495,-2.178,0.0014,1.0055,0.7155,0.3666,0.2811,-0.1374,-2.178
BLB,WB,0.0024,0.0025,0.0014,-0.0004,0.0119,-0.059,0.1017,0.4167,0.4784,-0.0237,1.0721,-0.1194,-1.1087,0.429,0.93,0.0003,0.1811,1.5892,1.5513,0.4544,-0.0059,0.93
BLB,WR,-0.001,-0.0014,-0.0017,-0.0061,0.0192,-0.0193,-0.0106,-0.0539,-0.0776,0.0971,-0.1507,-0.2416,-1.1402,0.7697,-0.205,-0.0002,-0.1198,-0.6921,-1.3075,-1.5118,-0.6091,-0.205
BLB,WG,0.001,0.0022,0.0,0.0113,-0.0409,0.0198,-0.0485,-0.2528,-0.2309,0.4613,-0.1807,0.2753,0.0576,0.9712,2.085,0.0007,0.4894,0.6879,1.3302,1.6405,0.6265,2.085
BLB,UB,0.0012,0.0,0.0012,-0.0009,0.0106,-0.0311,0.0656,0.2597,0.3235,-0.6172,0.6178,-0.017,0.4533,-1.5666,-0.745,0.0004,0.2757,0.8293,0.5206,0.076,-0.2078,-0.745
BLB,UR,-0.0023,-0.0036,-0.0011,-0.0097,0.0172,0.0081,-0.0175,-0.2318,-0.2532,-0.4472,-0.1757,-0.2766,0.3468,-0.7138,-3.925,-0.0002,-0.1286,-1.519,-2.1641,-1.8254,-0.9083,-3.925
BLB,UG,-0.0,0.0006,0.0011,0.0125,-0.0426,0.0636,-0.0554,-0.4211,-0.3969,0.0871,-0.2057,0.4974,1.6446,-0.3016,0.695,0.0006,0.3986,-0.0322,1.0699,2.2339,0.8385,0.695
BLB,BR,-0.001,-0.0011,-0.0005,-0.01,0.0541,-0.0196,0.0284,0.4834,0.3971,-0.1629,-0.51,-0.7011,-0.806,0.0105,1.651,-0.0011,-0.7523,-0.6406,-1.0924,-2.025,-0.7341,1.651
BLB,BG,0.0011,0.0021,0.0014,0.0067,-0.0059,0.0132,-0.0344,0.2845,0.2437,0.3813,-0.54,0.1248,0.3026,0.3477,1.769,-0.0007,-0.4867,0.7219,1.3732,1.46,0.9379,1.769
BLB,RG,-0.0025,-0.0015,-0.0018,-0.0036,0.001,0.0523,-0.1134,-0.1861,-0.3123,0.3971,-1.3335,0.188,0.1961,0.2034,-0.077,-0.0012,-0.863,-1.6599,-1.6477,-0.7838,0.1997,-0.077
BRO,WU,-0.0012,-0.0005,0.0005,0.0021,-0.0039,0.0049,0.0702,-0.1762,0.0162,-0.7861,0.6135,0.3846,0.0918,-1.6521,2.067,0.0,0.0067,-0.7852,0.0704,0.0071,-0.2361,2.067
BRO,WB,0.0002,0.0009,0.0018,0.0014,0.0254,-0.0294,0.0296,0.3675,0.4042,-0.1582,0.523,0.1048,-0.3719,-0.6442,-1.195,0.0008,0.517,0.1495,1.0121,0.9268,0.1665,-1.195
BRO,WR,0.0013,0.0001,-0.0004,0.0033,0.0202,0.0031,0.009,0.1577,0.0632,0.1076,-0.1502,-0.1834,-0.3882,0.3627,2.801,0.0022,1.5449,0.8632,0.1031,-0.1742,-0.2338,2.801
BRO,WG,-0.0008,-0.0003,-0.0011,-0.0073,-0.0533,0.0066,-0.0311,-0.3659,-0.3223,0.3686,0.1045,0.0211,-0.8355,1.2464,-0.003,0.0006,0.4013,-0.5389,-0.8269,-0.8581,-0.2354,-0.003
BRO,UB,-0.0006,0.0001,0.0014,0.0051,0.0265,-0.0048,0.0549,0.1554,0.27,-0.5493,0.3866,0.2314,0.7197,-1.7615,-1.48,-0.0016,-1.0917,-0.4119,0.7178,0.7783,0.2307,-1.48
BRO,UR,0.0002,-0.0007,-0.0009,-0.0047,0.025,0.028,0.024,-0.0097,-0.0261,-0.4471,-0.2865,-0.1891,0.6745,-0.8452,1.378,-0.0003,-0.2241,0.1132,-0.9191,-1.0651,-0.3642,1.378
BRO,UG,-0.0023,-0.0013,-0.0022,-0.0315,-0.0493,0.0105,-0.0171,-0.5333,-0.4115,-0.1408,-0.0318,0.2252,0.3745,-0.2263,-3.1,-0.0023,-1.5938,-1.4975,-3.0043,-2.68,-0.1198,-3.1
BRO,BR,0.0019,0.001,0.001,0.0066,0.0502,-0.0141,-0.0053,0.4893,0.317,0.2423,-0.3318,-0.2868,0.1213,0.3311,-0.865,0.0008,0.5685,1.2577,1.059,0.9471,0.2419,-0.865
BRO,BG,0.0,0.0006,0.0008,0.0087,-0.0143,-0.0208,-0.0562,0.0826,0.049,0.5486,-0.077,0.0469,-0.1624,0.95,-0.53,-0.0009,-0.5978,0.0223,1.0423,1.3719,0.5707,-0.53
BRO,RG,0.0012,0.0002,-0.0009,0.0163,-0.0264,0.016,-0.0779,-0.1674,-0.3597,0.8144,-0.7502,-0.3545,-0.2239,2.239,0.928,0.0007,0.4691,0.8276,0.7455,0.7461,-0.0204,0.928
DFT,WU,-0.0006,-0.0004,0.0003,-0.0136,0.0193,-0.0214,0.0854,-0.1124,0.115,-0.4706,0.729,0.2852,-0.3364,-1.5011,-1.314,-0.0004,-0.2761,-0.4146,-0.7868,-1.0368,-0.3885,-1.314
DFT,WB,0.0017,0.0013,-0.0001,0.0061,0.0293,-0.0058,0.0464,0.376,0.4495,0.196,0.4418,0.2318,-0.2919,-0.5675,0.582,0.0018,1.2523,1.1503,0.8539,0.5863,0.6285,0.582
DFT,WR,-0.0004,-0.0003,0.0005,0.0057,0.0273,0.0127,-0.0092,0.3178,0.2165,0.8307,-0.2457,-0.169,-0.836,2.0154,-3.066,0.0007,0.478,-0.2852,0.3386,0.655,0.9066,-3.066
DFT,WG,-0.0005,-0.0003,0.0002,0.005,-0.045,0.0044,-0.0156,-0.3968,-0.3415,0.1432,-0.2457,0.427,-0.2836,0.2755,1.053,0.0004,0.2991,-0.3055,0.2337,0.4411,0.0915,1.053
DFT,UB,0.0013,0.0008,-0.0001,-0.0007,0.0293,-0.0165,0.0624,0.1239,0.2607,-0.6621,0.7498,0.0226,0.4897,-1.9882,-0.219,-0.0,-0.0071,0.8425,0.308,-0.1582,-0.4659,-0.219
DFT,UR,-0.0007,-0.0008,-0.0001,0.004,0.0277,-0.0048,0.0068,0.133,0.0883,-0.1232,0.0623,-0.3501,0.154,0.4477,-1.572,-0.0008,-0.5755,-0.4684,-0.0284,0.0973,-0.0689,-1.572
DFT,UG,-0.0009,-0.0008,-0.0003,-0.0008,-0.0484,-0.0061,0.0005,-0.6489,-0.5303,-0.7662,0.0623,0.1644,0.573,-1.2477,2.029,-0.0014,-1.0211,-0.5823,-0.4062,-0.486,-1.0931,2.029
DFT,BR,0.0008,0.0007,-0.0001,0.0009,0.0323,0.018,-0.031,0.5296,0.3452,0.5502,-0.2249,-0.3652,0.011,1.2101,0.44,0.0008,0.567,0.5596,0.223,0.3202,0.717,0.44
DFT,BG,0.0007,0.0008,-0.0002,-0.0028,-0.0303,0.0021,-0.0467,-0.0791,-0.1575,-0.1885,-0.3207,0.0474,0.5217,-0.728,1.754,-0.0001,-0.056,0.4695,0.0184,-0.1673,-0.3864,1.754
DFT,RG,-0.0014,-0.0011,-0.0001,-0.0037,-0.0416,0.0174,-0.099,-0.2432,-0.4458,0.4906,-1.0082,-0.2941,-0.0015,2.0841,0.314,-0.0009,-0.6604,-0.9658,-0.7543,-0.2515,0.0591,0.314
DMU,WU,0.0021,0.0016,0.0014,0.0049,-0.0264,-0.0015,0.0354,-0.3629,-0.0427,0.1008,1.0283,0.2669,1.0319,-0.6536,0.095,0.0016,1.1115,1.3848,1.3125,1.4408,0.6253,0.095
DMU,WB,0.003,0.0028,0.0043,0.0055,0.0221,0.0368,0.0171,0.3549,0.4889,0.1413,0.3949,-0.283,0.039,2.2083,1.729,0.0038,2.7056,1.9901,2.3744,2.9399,1.4641,1.729
DMU,WR,0.0037,0.0032,0.0043,0.0087,0.034,0.0272,-0.026,0.6452,0.5945,-0.1962,-0.0658,-0.2439,-0.0563,0.2327,3.278,0.0039,2.786,2.4588,2.664,2.6262,0.5288,3.278
DMU,WG,0.0032,0.0026,0.0036,-0.0027,-0.0249,0.0234,-0.001,-0.2288,-0.0709,0.4884,-0.3116,0.1967,-0.3533,0.8048,1.602,0.0022,1.6083,2.1497,1.6829,1.7246,0.6965,1.602
DMU,UB,-0.0032,-0.0022,-0.0031,-0.0092,-0.0048,-0.0234,0.0205,-0.2431,-0.1641,-0.2867,0.6247,-0.0211,0.6932,-0.4738,-1.053,-0.0023,-1.6449,-2.1474,-2.0784,-1.8397,-0.2458,-1.053
DMU,UR,-0.0024,-0.0021,-0.0035,-0.0041,0.0037,-0.0299,-0.0059,0.0026,-0.102,-0.354,0.2765,0.0813,0.3277,-2.0215,0.279,-0.0025,-1.8235,-1.6348,-1.8591,-2.2633,-1.0722,0.279
DMU,UG,-0.0025,-0.0026,-0.0039,-0.0029,-0.0549,-0.0332,0.0307,-0.8714,-0.7673,0.3526,0.0759,0.517,0.1223,-1.0899,-3.12,-0.0036,-2.5854,-1.6529,-1.9585,-2.1882,-0.7053,-3.12
DMU,BR,-0.0013,-0.0007,-0.0009,0.0022,0.0523,0.0002,-0.0293,0.7204,0.4296,-0.4932,-0.3569,-0.4747,-0.2604,0.5262,-1.549,-0.0001,-0.0953,-0.8962,-0.4667,-0.3801,-0.2217,-1.549
DMU,BG,-0.0015,-0.0013,-0.0009,-0.0009,-0.0065,0.005,-0.0075,-0.1536,-0.2358,0.2133,-0.6027,-0.0433,-0.6455,0.9845,-1.375,-0.0011,-0.7817,-1.0174,-0.7466,-0.6539,-0.158,-1.375
DMU,RG,-0.0009,-0.0012,-0.0014,-0.0015,0.0053,-0.0047,-0.034,0.1367,-0.1302,0.0336,-1.0634,0.004,-0.8986,-0.5178,0.114,-0.0018,-1.2804,-0.6345,-0.9244,-1.4063,-0.9118,0.114
DSK,WU,0.0011,0.0014,0.0018,0.0028,0.0162,-0.0184,0.0563,-0.2286,0.0047,0.0725,0.784,0.0767,0.2345,0.7393,2.593,0.0016,1.1699,0.7189,1.2182,1.5672,0.7004,2.593
DSK,WB,0.0021,0.0019,0.0011,0.0035,0.0289,-0.0112,0.0205,0.5694,0.643,-0.1675,0.2202,-0.1372,-1.0073,-0.3878,-2.261,0.0022,1.6697,1.4392,1.2566,0.6984,0.1846,-2.261
DSK,WR,0.0007,0.0006,0.0012,0.0094,0.0402,-0.0149,0.0439,0.1757,0.1371,0.3755,-0.197,0.0217,-0.6507,-0.6751,2.639,0.0003,0.2189,0.493,1.1164,0.3151,-0.4257,2.639
DSK,WG,0.0001,0.0015,0.0011,-0.007,-0.056,0.0231,-0.0219,-0.498,-0.3597,0.7085,-0.197,0.2051,0.0695,1.2382,-1.489,-0.0012,-0.8808,0.0623,0.4201,0.5216,0.6083,-1.489
DSK,UB,0.0006,-0.0002,-0.0005,0.0038,0.0221,-0.0141,0.0239,0.3052,0.3363,-0.7248,0.7724,-0.09,0.0065,-0.1937,-3.245,0.0017,1.2945,0.4219,0.0658,0.4287,0.1599,-3.245
DSK,UR,-0.0015,-0.0019,-0.0019,-0.0135,0.0372,-0.0346,0.027,-0.0466,-0.1472,-0.2868,0.1452,-0.0373,0.543,-0.691,-1.925,-0.0005,-0.4077,-1.0344,-1.9694,-1.8138,-0.5486,-1.925
DSK,UG,-0.0012,-0.0007,-0.0006,-0.0006,-0.0629,0.0168,-0.0353,-0.7823,-0.6863,0.0462,0.1452,0.1844,1.3682,1.1567,1.42,-0.0015,-1.1402,-0.8213,-0.4625,0.5804,0.5082,1.42
DSK,BR,-0.0007,-0.0014,-0.0015,-0.0203,0.0496,-0.0106,-0.0023,0.7247,0.4998,-0.4218,-0.4186,-0.2747,-0.846,-1.3653,0.779,0.0001,0.059,-0.4782,-2.211,-2.8409,-0.8664,0.779
DSK,BG,0.0004,0.0003,0.0006,0.0174,-0.0399,0.037,-0.0607,0.1388,0.0906,-0.056,-0.4186,-0.025,0.0515,0.1608,0.161,-0.0001,-0.0857,0.2795,1.2716,1.3626,0.2631,0.161
DSK,RG,-0.0016,-0.0016,-0.0012,0.0044,-0.0355,0.0269,-0.0514,-0.3583,-0.5183,0.4542,-0.8358,0.0763,0.2308,0.0179,1.328,-0.0026,-1.8976,-1.0808,-0.7057,-0.8192,-0.5837,1.328
ECL,WU,0.0001,0.0002,0.0016,0.0141,0.0213,0.0208,0.0786,-0.1826,0.0175,-0.3624,0.986,0.1838,0.4816,-1.0846,2.828,0.0011,0.7626,0.0562,1.2353,1.2762,-0.0747,2.828
ECL,WB,0.0006,0.0017,0.0008,-0.0122,0.0101,0.0338,0.0317,0.5371,0.5001,-0.1399,0.0532,0.1817,-0.6781,0.6556,-4.102,0.0013,0.9033,0.3682,0.2227,0.394,1.038,-4.102
ECL,WR,0.0005,0.001,0.0018,-0.0069,0.0473,0.0038,-0.0051,0.4565,0.4543,-0.1171,-0.375,0.0165,-1.1166,0.5256,-1.996,0.0011,0.7403,0.3224,0.387,0.737,0.6547,-1.996
ECL,WG,0.0006,0.0011,0.0017,0.0094,-0.0516,0.0226,-0.0436,-0.1474,-0.0294,0.5968,-0.1443,0.059,-0.3108,1.0463,3.429,0.0005,0.3653,0.3864,1.2176,1.182,0.6091,3.429
ECL,UB,-0.0009,-0.0015,-0.0032,-0.0088,0.0126,0.0021,0.0637,-0.1352,-0.1483,-0.295,0.601,-0.0358,0.5573,-0.9904,-3.039,-0.0007,-0.4748,-0.5875,-1.6556,-1.9513,-0.7355,-3.039
ECL,UR,-0.0005,-0.0014,-0.0006,0.0046,0.0514,-0.022,0.0201,-0.1815,-0.1751,-0.5953,0.2368,-0.1401,0.5412,-1.0941,2.297,-0.0008,-0.5475,-0.3419,-0.4059,-0.2082,-0.8591,2.297
ECL,UG,-0.0022,-0.003,-0.0033,-0.0206,-0.0488,-0.0213,-0.0136,-0.8298,-0.6839,-0.1178,0.3625,0.1113,0.6027,-1.8797,-5.824,-0.0027,-1.878,-1.4454,-2.9625,-3.2818,-1.5079,-5.824
ECL,BR,0.0013,0.0014,0.0014,0.0087,0.0389,-0.0035,-0.0094,0.6184,0.3842,0.2243,-0.6057,-0.1107,-0.1549,1.6369,0.2,0.0012,0.8374,0.859,1.2928,1.67,1.0616,0.2
ECL,BG,0.0005,0.0009,-0.0006,0.0055,-0.0592,-0.0037,-0.0409,-0.0148,-0.1163,0.2736,-0.375,0.0482,0.4694,0.3921,4.6,-0.0003,-0.1798,0.3227,0.4793,0.2444,0.2542,4.6
ECL,RG,0.0001,-0.0004,0.0004,0.0061,-0.022,-0.0326,-0.0815,-0.1208,-0.2031,0.5328,-0.7393,-0.3139,-0.3916,0.7923,1.608,-0.0008,-0.5289,0.0599,0.1895,-0.0625,-0.4405,1.608
EOE,WU,0.0003,0.001,0.0001,-0.0022,-0.007,0.0161,0.0127,-0.1692,0.0384,-0.1425,0.5223,-0.0159,1.1188,-0.1413,0.455,-0.0001,-0.075,0.2213,0.2529,0.5777,0.6219,0.455
EOE,WB,0.0009,0.0014,0.0013,0.0088,0.0119,0.0279,0.0021,0.5246,0.6303,-0.2273,0.0585,-0.5482,0.1161,0.5239,0.829,0.0013,0.9089,0.6331,1.3256,1.0886,0.7322,0.829
EOE,WR,0.0011,0.0015,0.0031,-0.0086,0.0267,0.0098,-0.0278,0.2627,0.0679,0.0791,-0.2384,-0.0369,-0.2493,-0.98,-1.684,0.0015,1.0847,0.7346,0.7914,0.425,-0.7464,-1.684
EOE,WG,0.0021,0.0019,0.003,0.0008,-0.0679,0.0037,-0.0585,-0.4931,-0.4173,0.8945,-0.566,-0.1925,-0.0661,0.6296,0.669,0.0016,1.1369,1.4027,1.5609,1.0408,-0.3477,0.669
EOE,UB,-0.0017,-0.0014,-0.0031,0.0039,0.0311,0.0012,0.0549,0.2655,0.4494,-0.9126,0.6831,-0.0271,0.6509,0.2511,-0.141,-0.0019,-1.3867,-1.1664,-1.111,-0.405,1.1537,-0.141
EOE,UR,-0.0016,-0.0011,-0.0014,-0.012,0.0432,-0.017,0.0374,0.0304,-0.0864,-0.5378,0.4923,0.5176,0.248,-1.1536,-1.503,-0.0016,-1.1768,-1.077,-1.481,-0.9652,-0.2403,-1.503
EOE,UG,-0.0003,-0.0007,-0.0017,0.0181,-0.0522,-0.0141,0.0002,-0.7254,-0.5717,0.4521,0.127,0.3748,0.4004,0.562,1.971,-0.0011,-0.7755,-0.1678,0.4434,0.7645,0.2245,1.971
EOE,BR,-0.0008,-0.001,-0.0006,0.0084,0.0652,-0.002,0.0266,0.6974,0.4789,-0.6534,0.0285,-0.1347,-0.7172,-0.7244,0.405,-0.0,-0.0171,-0.5598,-0.0772,-0.2692,-0.4281,0.405
EOE,BG,-0.0001,-0.0009,-0.0011,0.0007,-0.0328,-0.002,-0.0102,-0.0994,-0.0473,0.3365,-0.4052,-0.2396,-0.6024,1.2341,-1.724,0.0,0.0073,-0.0497,-0.5494,-0.7644,0.1478,-1.724
EOE,RG,0.0,-0.0007,0.0004,-0.018,-0.0182,-0.0234,-0.0375,-0.2935,-0.5421,0.7113,-0.7021,0.3025,-0.8993,-0.2013,0.722,0.0004,0.2932,0.0291,-1.1555,-1.4927,-1.1177,0.722
FDN,WU,0.0022,0.0024,0.002,-0.0056,0.0111,0.0146,0.0479,-0.184,0.0253,-0.2349,1.2247,0.494,0.7664,-0.4795,1.629,0.0015,1.0896,1.5356,1.1097,1.7616,0.6931,1.629
FDN,WB,0.0026,0.0026,0.0037,-0.0201,0.0148,0.0423,0.033,0.084,0.1987,0.3031,0.4745,-0.0547,-0.3942,0.7449,0.57,0.0015,1.1068,1.7937,0.6753,0.6337,0.4227,0.57
FDN,WR,0.002,0.0016,0.0021,0.0148,0.0392,-0.0117,-0.0113,0.3389,0.3322,0.2109,0.1325,0.0801,-0.769,0.7449,0.831,0.0022,1.6017,1.3931,1.9516,2.1951,0.5426,0.831
FDN,WG,0.0039,0.0043,0.0035,0.0026,-0.0427,0.0391,-0.0149,-0.2574,-0.118,0.775,-0.2451,0.1429,-0.4203,1.9508,0.091,0.0034,2.4772,2.718,2.776,2.8467,1.088,0.091
FDN,UB,-0.0018,-0.0023,-0.0024,0.0107,0.0111,-0.0014,0.0415,-0.0876,-0.0682,-0.7229,0.6206,-0.11,0.9624,-1.6093,0.466,-0.0024,-1.789,-1.2659,-0.8466,-0.9504,-0.7926,0.466
FDN,UR,-0.0028,-0.0035,-0.0035,0.0184,0.0351,-0.049,0.002,0.1672,0.0654,-0.7091,0.3119,0.1214,0.4088,-1.7814,-1.811,-0.002,-1.4971,-1.958,-1.1722,-0.9788,-0.7123,-1.811
FDN,UG,-0.001,-0.0004,-0.0013,-0.0012,-0.0463,-0.0047,-0.0095,-0.429,-0.3848,-0.251,-0.2052,0.2049,1.0023,-0.8276,-1.984,-0.0006,-0.4572,-0.7347,-0.4508,-0.3433,-0.1063,-1.984
FDN,BR,-0.0026,-0.003,-0.0018,-0.0053,0.0392,-0.0278,-0.0145,0.4352,0.2387,-0.065,-0.4055,-0.4099,-0.719,-0.0006,0.611,-0.0023,-1.7171,-1.8575,-2.0381,-2.3519,-0.6776,0.611
FDN,BG,-0.0008,-0.0004,-0.0005,-0.0184,-0.0427,0.0231,-0.0149,-0.1611,-0.2115,0.3931,-0.7832,-0.3081,-0.0921,0.6089,-2.201,-0.0008,-0.5683,-0.5425,-1.3121,-1.8478,-0.2359,-2.201
FDN,RG,-0.0015,-0.0014,-0.0017,0.0041,-0.0186,-0.0246,-0.0593,0.0938,-0.0779,0.3008,-1.1252,-0.1607,-0.7451,0.6489,1.798,-0.0003,-0.2464,-1.0817,-0.6927,-0.9648,-0.2218,1.798
HOB,WU,-0.0016,-0.0012,-0.0001,-0.0079,-0.009,-0.0044,-0.0006,-0.2636,0.0045,-0.4215,0.3272,-0.3255,0.1394,0.1736,1.063,-0.0006,-0.3977,-1.0271,-0.8597,-0.7559,-0.1537,1.063
HOB,WB,0.0018,0.0009,0.0003,0.0,0.0159,0.0395,0.0589,0.2289,0.3971,-0.2792,0.0494,-1.111,-1.1245,-0.5287,1.594,0.0003,0.188,1.1541,0.2562,-1.9258,-1.7057,1.594
HOB,WR,0.002,0.0008,0.0039,0.0003,0.0244,0.0448,-0.0196,0.0229,0.0269,0.4598,-0.5541,0.0809,0.7505,0.6869,1.379,0.0019,1.3155,1.2932,1.1375,1.9611,1.0287,1.379
HOB,WG,-0.0002,-0.0007,-0.0007,0.0,-0.0741,0.0134,-0.0524,-0.6931,-0.5978,-0.2807,-0.583,-0.5166,-1.7578,-0.0423,-5.001,-0.0008,-0.5755,-0.1586,-0.2841,-1.5761,-2.1543,-5.001
HOB,UB,-0.0013,-0.0008,-0.0028,0.0,0.0367,-0.0155,0.0697,0.4203,0.5068,-0.1149,0.7959,-0.3188,-0.1946,-0.8615,-1.507,-0.0009,-0.6277,-0.8651,-1.04,-1.965,-0.4168,-1.507
HOB,UR,-0.0016,-0.001,0.0013,0.0,0.0561,-0.0225,-0.0038,0.2143,0.1367,-0.0654,0.1924,0.5633,1.4027,-1.3025,0.747,0.0001,0.0655,-1.072,-0.0705,1.3511,0.8696,0.747
HOB,UG,-0.0021,-0.0017,-0.0029,0.0041,-0.0591,-0.0446,-0.0465,-0.5017,-0.4881,0.3523,0.1636,0.5283,-0.0318,1.0312,-2.902,-0.0009,-0.6461,-1.3972,-0.8236,-0.0071,0.5914,-2.902
HOB,BR,0.0031,0.0026,0.0027,0.0105,0.0706,0.0085,0.0425,0.7964,0.575,0.1911,-0.0283,0.2256,1.5465,-0.4547,2.681,0.0021,1.4184,2.045,2.0578,2.5504,1.3797,2.681
HOB,BG,0.0002,0.0008,-0.0028,-0.007,-0.0434,-0.009,0.0146,-0.0092,-0.0955,0.083,0.3545,0.2627,-0.7906,1.7154,2.064,-0.001,-0.6842,0.1393,-0.7707,-0.8351,0.5498,2.064
HOB,RG,-0.0002,0.0003,0.001,0.0,-0.0181,-0.0102,-0.0628,-0.2152,-0.4656,0.0754,-0.7177,0.6111,0.0602,-0.4173,-0.118,-0.0001,-0.056,-0.1115,0.3972,1.2025,0.0113,-0.118
LCI,WU,0.0015,0.0007,0.0008,0.0,0.0048,0.0185,0.0675,-0.0864,0.1167,-0.0139,1.2737,0.227,1.0427,0.3398,2.753,0.0023,1.6039,0.9976,0.4838,0.9901,0.9955,2.753
LCI,WB,0.0004,0.0009,0.001,0.0022,0.0318,0.0526,0.056,0.4867,0.4656,-0.1808,0.5228,-0.0681,0.0786,0.1374,-2.114,0.0004,0.3011,0.2838,0.7406,0.6606,0.5557,-2.114
LCI,WR,0.0002,0.0004,0.0001,-0.0043,0.0285,-0.0114,-0.0009,0.0236,-0.02,0.9238,0.0397,0.0556,-1.3257,1.3539,1.265,0.0003,0.1805,0.158,-0.1144,-0.393,-0.09,1.265
LCI,WG,0.0022,0.0022,0.0017,0.0069,-0.0287,0.0123,-0.0239,-0.3754,-0.2694,0.5081,0.0147,0.2376,0.6561,1.2505,0.51,0.0016,1.1371,1.4486,1.6651,2.1912,0.9482,0.51
LCI,UB,-0.001,-0.0012,-0.0003,-0.0098,0.0115,0.0124,0.0609,0.3452,0.369,-1.067,0.5243,-0.0532,0.8969,-1.6499,-1.495,-0.0005,-0.3193,-0.6679,-1.0779,-0.9593,0.0611,-1.495
LCI,UR,-0.001,-0.0017,-0.0019,-0.0058,0.008,-0.0302,-0.0025,-0.0999,-0.0981,0.2044,0.0662,-0.0598,-0.5589,-0.0704,2.839,-0.0003,-0.2196,-0.6806,-1.4506,-1.6736,-0.5926,2.839
LCI,UG,0.0006,0.0002,0.0,-0.0131,-0.0493,-0.0165,-0.0257,-0.4989,-0.3476,-0.3517,0.0412,0.201,1.4105,-0.5185,-1.416,0.0009,0.6037,0.4094,-0.7038,-0.0381,0.3807,-1.416
LCI,BR,-0.0022,-0.0016,-0.0015,0.0055,0.0397,-0.0077,-0.0097,0.4932,0.2699,-0.0389,-0.6582,-0.3637,-1.6245,-0.5536,-2.813,-0.0024,-1.6553,-1.4375,-0.6621,-1.5774,-1.2112,-2.813
LCI,BG,-0.0005,0.0001,0.0004,0.0019,-0.0212,0.0071,-0.0329,0.0434,-0.0297,-0.57,-0.6832,-0.1324,0.3434,-0.8363,-1.397,-0.0013,-0.9043,-0.3072,0.2463,0.2227,-0.2771,-1.397
LCI,RG,-0.0003,0.0,-0.0004,0.0165,-0.025,-0.037,-0.0887,-0.3316,-0.4565,0.586,-1.1413,-0.044,-0.919,0.5471,1.867,-0.001,-0.7278,-0.2041,0.8731,0.5769,-0.7702,1.867
LTR,WU,-0.0009,-0.0005,-0.0009,0.0039,0.0271,-0.012,0.0171,0.024,0.2679,0.5346,0.656,-0.1867,0.8736,1.1647,-2.436,0.0003,0.2073,-0.5528,-0.1854,0.8723,1.7992,-2.436
LTR,WB,0.0033,0.0026,0.0037,0.0125,0.0302,0.016,0.0606,0.4372,0.6091,0.3055,0.6089,0.1769,0.7376,0.7767,2.264,0.0031,2.1162,2.1331,2.5022,3.1028,2.1944,2.264
LTR,WR,0.0001,-0.0001,0.0002,-0.0002,0.0364,-0.0119,-0.0185,0.636,0.4546,0.0098,-0.1659,-0.189,-1.1354,-0.0439,1.61,0.0016,1.0838,0.084,-0.0948,-0.5501,-0.4871,1.61
LTR,WG,-0.0008,0.0001,0.0002,-0.0071,-0.0241,0.0083,-0.0387,-0.2361,-0.1,0.9916,-0.1659,0.2705,-1.5276,2.2817,-3.148,-0.0001,-0.0557,-0.4833,-0.3154,0.5327,1.3231,-3.148
LTR,UB,0.0005,0.0003,0.0,-0.0116,0.01,-0.0026,0.0574,-0.1464,0.0398,-0.4025,0.5629,-0.0429,2.3391,-0.9835,1.329,-0.0002,-0.1611,0.3415,-0.5902,-0.1808,0.7487,1.329
LTR,UR,-0.002,-0.0021,-0.0028,-0.0037,0.019,-0.0306,-0.0187,0.1555,-0.0389,-0.7443,-0.1659,-0.4776,0.534,-1.6901,1.555,-0.0012,-0.8395,-1.2841,-1.6526,-2.4255,-1.8832,1.555
LTR,UG,-0.0027,-0.0017,-0.0029,-0.0055,-0.0444,-0.0026,-0.0388,-0.8198,-0.6693,0.3515,-0.1659,0.0606,0.1199,0.8216,-5.6,-0.0032,-2.1307,-1.7483,-1.5577,-0.8985,0.097,-5.6
LTR,BR,0.002,0.0011,0.0017,0.0002,0.0221,0.0128,0.037,0.4654,0.2257,-0.8135,-0.1451,-0.0088,0.1701,-1.9642,4.256,0.0015,0.9796,1.3073,0.7379,-0.4228,-1.4356,4.256
LTR,BG,0.0013,0.0014,0.0016,-0.0036,-0.0413,0.0253,0.0093,-0.341,-0.296,0.0545,-0.1451,0.3837,-0.1301,0.2518,0.74,-0.0007,-0.4462,0.8015,0.726,0.7333,0.2257,0.74
LTR,RG,-0.0009,-0.001,-0.0007,0.0152,-0.0351,-0.0026,-0.0667,-0.1748,-0.4929,-0.2873,-0.8739,0.0134,-1.9812,-0.6148,-0.571,-0.0011,-0.7536,-0.5989,0.4301,-0.7633,-2.5822,-0.571
MID,WU,0.0021,0.0022,0.0026,0.006,0.0046,-0.0016,0.027,-0.2894,0.0351,-0.297,0.8713,0.2974,0.8612,-0.1468,3.308,0.001,0.6598,1.3324,1.7563,2.3111,0.7314,3.308
MID,WB,0.0012,0.0022,0.0017,-0.0029,0.024,-0.0064,0.0409,0.257,0.3909,0.2215,0.3778,0.2072,0.288,1.1378,0.889,-0.0001,-0.0748,0.7503,1.0265,1.5416,1.5411,0.889
MID,WR,0.0013,0.0002,-0.0002,0.0111,0.0142,-0.0043,-0.0049,0.3888,0.2443,0.7149,0.0619,-0.0602,-1.5987,0.7064,-0.732,0.0009,0.6147,0.8748,0.697,0.2103,-0.0657,-0.732
MID,WG,0.0002,-0.0003,0.0013,0.0086,-0.0478,0.0114,-0.0419,-0.6979,-0.4352,0.958,-0.1703,-0.0666,-1.2875,1.6193,1.602,0.0002,0.1186,0.113,0.6802,0.5397,-0.1877,1.602
MID,UB,0.0004,0.0016,0.0009,-0.0076,0.0265,-0.0064,0.0512,0.1569,0.2078,-0.9788,0.4757,0.326,2.3274,-0.7443,2.27,0.0002,0.1623,0.2342,0.3825,1.3064,1.1536,2.27
MID,UR,-0.0,-0.0007,-0.0017,-0.0088,0.0262,-0.0045,0.0149,0.3579,0.1768,-0.6926,0.3123,0.0964,0.288,-1.688,-2.628,0.0001,0.0843,-0.0115,-1.1584,-1.261,-0.557,-2.628
MID,UG,-0.0005,-0.0005,0.0007,0.0067,-0.0354,0.0175,-0.03,-0.6238,-0.4469,-0.1876,-0.0428,0.018,0.5014,-0.306,2.055,0.0004,0.2923,-0.3339,0.32,0.4657,-0.4766,2.055
MID,BR,-0.0001,-0.0004,-0.0011,0.009,0.037,-0.0087,0.0264,0.7527,0.3834,-0.1194,-0.3884,-0.1532,0.1975,-0.294,-1.458,-0.0003,-0.2093,-0.095,0.1831,-0.0713,0.1454,-1.458
MID,BG,-0.002,-0.001,-0.0005,-0.01,-0.0258,-0.0034,-0.0193,-0.2517,-0.2626,-0.0289,-0.5909,-0.1419,0.1058,0.2044,-1.371,-0.0016,-1.1043,-1.3201,-1.0748,-1.1238,-0.3366,-1.371
MID,RG,-0.0024,-0.0034,-0.0037,-0.0121,-0.0236,0.0064,-0.0643,-0.0506,-0.2936,0.4098,-0.9068,-0.5228,-1.6831,-0.4889,-3.935,-0.0008,-0.5436,-1.5442,-2.8124,-3.9186,-1.9479,-3.935
MKM,WU,-0.0004,0.0008,-0.0007,-0.0034,-0.0219,-0.0131,0.0444,-0.3505,-0.0306,0.2547,1.2048,0.2386,-0.2198,0.5355,0.409,0.0002,0.122,-0.236,0.0274,0.011,0.4705,0.409
MKM,WB,0.0016,0.0005,0.002,0.0051,0.0168,0.0174,0.1011,0.2372,0.4294,0.0203,0.7709,0.1438,-0.6244,-0.0577,0.637,0.001,0.7142,1.0646,1.1312,0.7807,0.5556,0.637
MKM,WR,-0.0005,0.0008,0.0023,0.0069,0.0291,0.0137,0.0053,0.0586,0.0075,0.1745,0.112,-0.0492,0.2654,0.1548,3.507,-0.0004,-0.2567,-0.3132,1.2393,1.3444,0.0538,3.507
MKM,WG,0.0,0.0002,0.0002,0.0062,-0.0494,0.0452,-0.0753,-0.4226,-0.215,0.4065,-0.096,0.1226,0.0529,-1.1121,1.635,0.0006,0.4303,0.0042,0.2283,-0.4637,-0.5272,1.635
MKM,UB,0.0001,-0.0004,-0.001,-0.0193,0.0213,-0.0227,0.084,0.237,0.3052,0.0447,0.6166,0.1205,-0.5079,0.9814,-3.073,0.0002,0.1109,0.086,-1.3321,-1.0273,0.8557,-3.073
MKM,UR,-0.0,0.001,-0.0001,0.0184,0.0201,-0.0503,0.0239,-0.0223,-0.1623,-0.3529,0.0045,-0.1813,0.755,0.747,-0.04,-0.0002,-0.1568,-0.0141,1.6142,2.2322,0.1108,-0.04
MKM,UG,-0.0005,-0.0004,-0.0031,-0.0,-0.0567,0.0023,-0.0892,-0.5445,-0.458,0.1049,-0.2502,0.0064,0.0818,0.1246,0.952,-0.0,-0.0302,-0.3285,-1.1079,-1.1074,-0.4531,0.952
MKM,BR,0.0008,-0.0002,0.0014,0.0066,0.067,-0.0197,0.0449,0.8645,0.4806,-0.4022,-0.5478,-0.2221,-0.1437,0.0389,-1.809,0.0001,0.0425,0.564,0.83,0.9824,0.1706,-1.809
MKM,BG,0.0006,-0.0009,0.0001,-0.0073,-0.0151,0.0326,-0.0365,0.1,0.0569,-0.0493,-0.7309,-0.1223,0.0081,-0.5835,-1.574,0.0004,0.2685,0.4111,-0.9043,-1.1856,-0.2345,-1.574
MKM,RG,-0.0018,-0.0014,-0.0012,-0.0132,-0.0112,-0.0054,-0.1028,-0.1573,-0.4135,-0.2011,-1.0838,-0.0571,0.3326,-0.8289,-0.644,-0.0018,-1.2446,-1.2382,-1.7261,-1.5667,-1.0022,-0.644
MOM,WU,0.0021,0.002,0.0013,0.0107,-0.0066,0.0127,0.0363,-0.5931,-0.2866,0.0247,0.8736,0.2549,0.8372,-0.3306,2.961,0.0008,0.5574,1.4062,1.7011,1.9241,0.1012,2.961
MOM,WB,0.0014,0.0018,0.0018,-0.0183,0.0357,0.0254,0.0194,0.7508,0.6482,0.115,0.031,-0.092,0.3253,0.51,-2.72,0.0004,0.3027,0.958,-0.0543,0.0673,1.2601,-2.72
MOM,WR,-0.0001,0.0003,0.0006,-0.0214,0.0164,-0.0004,-0.015,0.1422,0.1401,0.0539,-0.1203,0.103,-0.906,0.2976,-0.706,-0.0009,-0.5928,-0.0543,-1.042,-0.9105,0.1603,-0.706
MOM,WG,0.0007,0.0013,0.0012,-0.0071,-0.0322,0.0062,-0.0506,-0.4721,-0.2761,0.0539,-0.3614,-0.0781,-0.1772,1.6777,-0.038,0.0004,0.2442,0.4898,0.3175,0.9192,0.6131,-0.038
MOM,UB,0.0007,0.0003,0.0003,0.0112,0.0195,0.0024,0.0689,0.2661,0.2074,-0.1261,0.7223,0.0596,1.1508,-1.0385,2.736,0.001,0.6568,0.4345,0.8777,0.6667,0.0588,2.736
MOM,UR,-0.0005,-0.0012,-0.0015,0.0296,0.0006,-0.0232,0.026,-0.3426,-0.3006,-0.3061,0.391,0.1727,0.0385,-2.0287,-0.405,-0.0004,-0.31,-0.3186,1.0408,0.4804,-1.4414,-0.405
MOM,UG,-0.0006,-0.0009,-0.0016,-0.0057,-0.0487,-0.0168,-0.0015,-0.9569,-0.7168,-0.0071,0.33,0.1374,0.5873,-0.4108,0.354,0.0001,0.0626,-0.3731,-1.001,-0.8716,-0.8128,0.354
MOM,BR,-0.0015,-0.0015,-0.001,-0.0199,0.043,0.0023,0.0091,1.0106,0.6432,-0.0358,-0.3906,-0.1804,-0.7144,-0.4681,-1.333,-0.0011,-0.7886,-1.0151,-2.0101,-2.4775,-0.0256,-1.333
MOM,BG,-0.0002,-0.0002,0.0007,0.0218,-0.0067,0.0084,-0.0315,0.3871,0.2179,0.3242,-0.6927,-0.2467,0.0754,1.4519,0.217,0.0009,0.6413,-0.1395,1.4031,1.5466,0.913,0.217
MOM,RG,-0.0021,-0.002,-0.0019,-0.0009,-0.0209,-0.0169,-0.061,-0.192,-0.2767,-0.0968,-0.783,-0.1305,-1.2169,0.3395,-1.066,-0.0011,-0.7736,-1.3879,-1.2329,-1.3447,-0.8269,-1.066
MSH,WU,0.0011,0.0022,0.0017,0.003,-0.0054,-0.0392,0.042,-0.2864,-0.0084,0.0163,0.9394,0.2587,1.0355,0.2466,3.733,0.0006,0.4257,0.7275,1.2897,1.8023,0.9271,3.733
MSH,WB,0.0007,0.001,0.0018,0.003,-0.0056,0.0204,0.0693,0.3315,0.4296,0.0627,0.0284,-0.0229,-0.2949,1.0524,1.159,0.0015,1.0501,0.4247,0.9686,0.807,1.0384,1.159
MSH,WR,-0.001,0.0007,0.0005,-0.0055,0.014,-0.0012,-0.0373,0.1837,0.1714,0.2263,0.0076,-0.0704,-1.1724,0.2549,0.491,-0.0004,-0.2432,-0.6438,0.0208,-0.1811,-0.2315,0.491
MSH,WG,0.0023,0.0009,0.0012,0.0137,-0.0573,-0.0176,-0.0662,-0.3284,-0.1901,0.2218,-0.4374,0.0641,-0.8151,1.0432,1.675,0.0016,1.077,1.5038,1.3634,1.3901,0.1263,1.675
MSH,UB,-0.0,-0.0001,-0.0001,0.0042,0.0188,0.0039,0.1049,0.0709,0.1175,-0.4495,0.7841,0.1437,1.392,-0.8911,-0.687,-0.0001,-0.1016,-0.0289,0.2316,0.355,0.3888,-0.687
MSH,UR,-0.0023,-0.0008,-0.0016,-0.0217,0.0382,-0.0135,0.0014,-0.1118,-0.154,-0.1137,0.5534,-0.1001,0.754,-1.2769,-1.91,-0.0021,-1.4464,-1.4616,-1.954,-1.8764,-0.7455,-1.91
MSH,UG,0.0011,0.0,-0.0003,-0.0012,-0.0298,-0.0292,-0.0179,-0.589,-0.5022,-0.156,0.1461,0.1208,1.0735,-0.2279,1.317,-0.0005,-0.3584,0.7129,-0.179,0.2346,-0.2075,1.317
MSH,BR,-0.0021,-0.0012,-0.0008,-0.0018,0.0517,0.0455,0.0215,0.5879,0.3306,0.105,-0.3954,-0.2461,-0.3791,-0.2022,-3.121,-0.0003,-0.2232,-1.3466,-0.6545,-1.0139,-0.1733,-3.121
MSH,BG,0.0008,-0.0013,-0.0005,0.0026,-0.018,0.0249,-0.0024,0.1898,0.0911,-0.0718,-0.6977,-0.0178,-0.4463,0.4895,-0.085,0.0007,0.4964,0.4901,-0.376,-0.4872,0.1803,-0.085
MSH,RG,-0.0006,-0.0014,-0.0018,0.0037,-0.0066,0.0061,-0.1153,-0.0483,-0.2856,0.159,-0.9284,-0.1299,-1.1471,-0.4886,-2.572,-0.001,-0.6764,-0.378,-0.7106,-1.0304,-1.3031,-2.572
NEO,WU,-0.001,-0.0009,-0.0015,-0.0014,0.0088,-0.0198,0.0247,-0.4416,-0.161,-0.4195,0.77,0.1045,0.0066,-0.8523,-0.528,-0.0008,-0.5449,-0.6723,-0.7972,-0.5487,-0.4978,-0.528
NEO,WB,0.0023,0.002,0.002,0.0184,0.0186,0.0252,0.0108,0.6308,0.7425,-0.317,0.0645,-0.2108,-0.4012,-0.0426,0.345,0.0021,1.5199,1.6095,2.3241,1.8709,0.6345,0.345
NEO,WR,0.0023,0.002,0.003,-0.0228,0.0031,0.0222,-0.0337,0.0231,0.0067,0.226,-0.3183,-0.1915,0.0794,0.8285,-2.647,0.0018,1.3277,1.6252,0.1318,0.2993,0.324,-2.647
NEO,WG,0.0018,0.0008,0.0007,0.0079,-0.0269,0.0415,-0.0364,-0.395,-0.1944,0.251,-0.3183,-0.3826,-1.1942,0.4613,1.021,0.0002,0.135,1.2992,0.9062,0.2434,-0.838,1.021
NEO,UB,-0.0021,-0.0011,-0.0011,0.0267,0.0232,-0.0311,0.0515,0.3128,0.3206,-0.3623,0.665,0.4355,0.5921,-0.8456,1.886,-0.0006,-0.4225,-1.49,0.9476,1.3222,0.6871,1.886
NEO,UR,-0.0016,-0.0014,-0.0013,0.0115,0.0095,-0.0325,0.0182,-0.2949,-0.4151,0.1282,0.3948,0.4041,1.0027,-0.0271,-1.716,-0.0007,-0.5322,-1.1314,-0.1358,0.6797,0.2129,-1.716
NEO,UG,-0.0029,-0.0026,-0.0032,-0.0052,-0.0203,-0.0325,0.0155,-0.6982,-0.6019,-0.0718,0.3948,0.3317,-0.1934,-0.7393,0.362,-0.0025,-1.7923,-2.0314,-2.0357,-1.8278,-0.9466,0.362
NEO,BR,0.0005,0.0009,0.001,-0.0305,0.0196,0.0036,-0.0033,0.7775,0.4884,0.0657,-0.4233,-0.0908,0.7074,0.3477,1.106,0.001,0.7291,0.3359,-1.253,-1.202,0.9678,1.106
NEO,BG,0.0002,0.0002,0.0002,0.012,-0.0104,0.0128,0.0025,0.3466,0.2749,-0.0218,-0.4233,-0.2015,-0.5137,0.0854,1.951,-0.0,-0.0227,0.1341,0.8273,0.192,-0.0499,1.951
NEO,RG,0.0005,-0.0,0.0004,-0.0166,-0.0252,0.0106,-0.05,-0.2612,-0.4608,0.5213,-0.806,-0.1985,-0.0856,0.784,-1.78,-0.0005,-0.3971,0.3211,-0.9152,-1.029,-0.494,-1.78
ONE,WU,-0.0004,0.0006,0.0006,-0.0143,0.0103,0.015,0.0597,-0.2655,-0.0783,-0.521,1.1746,0.0317,1.0971,-0.9244,0.535,0.0009,0.6033,-0.2853,-0.4814,-0.2143,-0.0671,0.535
ONE,WB,0.0008,0.0015,0.0021,0.0016,0.0298,-0.0077,0.0252,0.3818,0.3393,-0.1977,0.3318,-0.0043,0.3199,0.5208,1.455,0.0008,0.589,0.5476,1.1335,1.4374,0.7243,1.455
ONE,WR,0.001,0.0013,0.0022,0.0062,0.0464,0.0005,-0.0108,0.5061,0.346,0.2347,-0.4031,-0.5266,0.7994,0.2423,2.959,0.0006,0.3932,0.6631,1.2368,1.0875,0.1615,2.959
ONE,WG,0.0005,0.0003,0.0012,0.0071,-0.0159,0.0336,-0.0285,-0.3435,-0.2499,-0.0623,-0.1269,0.307,-0.6929,0.7039,1.663,-0.0007,-0.4581,0.2952,0.6909,1.14,0.1972,1.663
ONE,UB,-0.0006,-0.0003,-0.0012,0.002,-0.0101,-0.0034,0.0562,-0.1701,-0.0671,-0.2639,0.9044,0.0861,0.3592,-0.4579,-2.511,0.0007,0.4804,-0.391,-0.1536,-0.2073,-0.105,-2.511
ONE,UR,-0.0006,-0.0004,-0.0009,-0.0063,0.0151,-0.0102,0.0198,0.1941,0.1373,0.073,0.2173,-0.2633,0.9318,-1.1075,-2.066,0.0005,0.333,-0.413,-0.7007,-1.0544,-0.3514,-2.066
ONE,UG,-0.0011,-0.0016,-0.0022,0.0013,-0.0484,0.015,-0.0018,-0.7356,-0.4972,-0.224,0.4457,0.499,-0.4919,-0.6936,-2.4,-0.0009,-0.6328,-0.7145,-0.9544,-0.766,-0.4017,-2.4
ONE,BR,0.0008,0.0002,-0.0004,0.0183,0.0233,-0.0323,-0.0169,0.6015,0.3572,0.5103,-0.7871,-0.4631,-0.0547,0.6133,-0.959,0.0006,0.3942,0.5146,1.126,0.5593,0.0637,-0.959
ONE,BG,-0.0006,-0.001,-0.0015,-0.0306,-0.0393,-0.0077,-0.0351,-0.2481,-0.2387,0.0331,-0.5109,0.3799,-1.4307,0.7147,-2.431,-0.0015,-1.0456,-0.383,-2.5221,-2.3457,-0.0244,-2.431
ONE,RG,0.0003,-0.0005,0.0001,0.0148,-0.0112,-0.0029,-0.0679,0.0793,-0.0486,0.4178,-1.2458,-0.0465,-0.8373,0.3884,3.755,-0.0009,-0.6566,0.1662,0.6251,0.3636,-0.1972,3.755
OTJ,WU,0.0003,-0.0002,-0.0008,-0.0061,-0.0004,-0.0174,0.0728,0.0376,0.1362,-0.4063,0.8302,0.6027,0.2035,-1.9112,-2.824,0.0001,0.0387,0.1779,-0.5133,-0.4932,0.229,-2.824
OTJ,WB,0.0037,0.0024,0.0024,0.0148,-0.003,0.0435,0.0888,0.5865,0.5381,0.0227,0.6591,0.0731,0.3653,-0.3481,2.273,0.0037,2.5554,2.409,2.3322,1.6191,0.6843,2.273
OTJ,WR,0.0016,0.0013,0.0016,0.0096,0.0409,0.0105,0.0075,0.2048,0.18,0.5413,0.024,0.3364,0.0657,0.0498,1.282,0.001,0.6689,1.0495,1.3758,1.7681,0.7848,1.282
OTJ,WG,0.0021,0.0016,0.0014,0.0073,-0.0445,-0.0011,-0.0182,-0.2696,-0.2104,1.27,-0.0332,0.391,-0.2465,2.2189,3.841,0.0015,1.0134,1.3572,1.3101,1.6459,1.1577,3.841
OTJ,UB,-0.0012,-0.0012,-0.0013,-0.0116,-0.0034,0.0085,0.0589,0.1657,0.1722,-1.2633,0.458,-0.2483,0.3203,-2.1743,-1.052,-0.0004,-0.2715,-0.8128,-1.3467,-2.0435,-1.0132,-1.052
OTJ,UR,-0.0028,-0.002,-0.0026,-0.002,0.0467,-0.0246,-0.0126,-0.0203,-0.031,-0.6125,-0.006,0.0583,-0.0065,-1.1698,-3.763,-0.0032,-2.2265,-1.8527,-1.4491,-0.9754,-0.4749,-3.763
OTJ,UG,-0.0024,-0.0019,-0.0024,-0.0041,-0.0379,-0.0493,-0.061,-0.5889,-0.4796,-0.1482,-0.3393,0.0326,-0.1476,-0.0039,-0.849,-0.0025,-1.7224,-1.5397,-1.4619,-1.1219,-0.5175,-0.849
OTJ,BR,-0.0005,0.0003,0.0015,-0.0131,0.0388,0.0394,0.0081,0.3566,0.2395,-0.2768,-0.1471,-0.4852,-0.0158,-0.0033,-1.041,0.0005,0.3522,-0.3142,-0.3715,-0.6843,-0.4442,-1.041
OTJ,BG,0.0005,0.0004,0.0006,0.0002,-0.046,0.0115,-0.0318,-0.1178,-0.1509,0.1398,-0.4054,-0.5363,0.0142,1.307,1.286,0.0012,0.802,0.3341,0.2408,-0.268,-0.3692,1.286
OTJ,RG,-0.0012,-0.0007,-0.0004,0.0051,0.0089,-0.021,-0.1125,-0.3545,-0.394,0.7333,-1.0405,-0.2242,-0.5526,2.0349,0.847,-0.0018,-1.2103,-0.8083,-0.1164,0.5532,-0.0367,0.847
SNC,WU,-0.0004,0.0001,-0.0003,0.0101,0.0109,0.0126,0.0557,-0.1242,0.1546,-0.5229,1.353,0.4339,1.5653,-0.5263,5.569,0.0006,0.3923,-0.2522,0.4801,1.1582,0.9021,5.569
SNC,WB,0.0008,0.002,0.0006,0.0,0.018,0.0194,0.0272,0.2872,0.3632,-0.7739,0.5989,-0.2648,0.406,-0.341,1.692,0.0023,1.4874,0.5447,0.6847,0.4527,-0.0631,1.692
SNC,WR,-0.0005,-0.0001,0.0007,0.0,0.0266,0.0088,0.0354,0.4758,0.3625,-0.5689,0.1671,-0.3022,-0.1223,-0.5955,-0.162,-0.0008,-0.5197,-0.334,0.0833,-0.3378,-0.4328,-0.162
SNC,WG,0.0017,0.0019,0.0028,-0.0011,-0.0367,0.0372,-0.0209,-0.1954,-0.0496,0.4361,0.2132,0.5812,-0.2617,1.2569,3.524,0.0018,1.1913,1.1195,1.1641,1.6973,1.1401,3.524
SNC,UB,-0.0007,-0.0003,-0.0018,0.0041,0.014,0.0134,0.0076,-0.1326,-0.0361,-0.2259,0.3479,-0.0686,1.07,-0.41,1.423,-0.0002,-0.1037,-0.4431,-0.4124,-0.1749,0.1165,1.423
SNC,UR,-0.0024,-0.0028,-0.0028,0.0,0.0281,-0.0224,0.0098,0.056,-0.0367,-0.318,-0.2438,-0.2627,0.0847,-1.3046,-9.771,-0.0031,-2.0644,-1.5303,-1.5479,-1.8105,-0.9086,-9.771
SNC,UG,-0.0,-0.001,-0.0004,0.0,-0.0318,-0.0184,-0.0443,-0.6152,-0.4488,0.39,-0.2438,0.3839,-0.2146,-0.1383,1.519,-0.0002,-0.0991,-0.0083,-0.3004,0.0397,-0.0003,1.519
SNC,BR,-0.0013,-0.0008,-0.0009,-0.0162,0.0273,-0.0183,0.0231,0.4674,0.1719,0.0712,-0.5869,-0.5438,-0.4149,0.1609,0.9,-0.0015,-0.9628,-0.8478,-1.4006,-1.9281,-0.5762,0.9
SNC,BG,0.0019,0.0014,0.0012,0.0,-0.0309,-0.0118,-0.0488,-0.2038,-0.2402,0.4821,-0.5869,-0.0312,-0.849,0.7332,-3.356,0.0019,1.2376,1.2545,0.8688,0.6642,-0.1896,-3.356
SNC,RG,0.0008,-0.0004,0.0008,0.0031,-0.0255,-0.0204,-0.0447,-0.0152,-0.2408,1.0301,-1.0187,0.0742,-1.2634,1.1648,-1.339,-0.0009,-0.5589,0.4969,0.3803,0.2391,0.0118,-1.339
SOS,WU,-0.0016,0.0006,0.0008,0.0,-0.0023,-0.0121,0.0732,-0.2932,-0.1251,-0.2563,0.3443,-0.2791,-0.0597,-0.9364,-12.48,-0.0001,-0.0612,-0.9977,0.5187,0.2213,-0.646,-12.48
SOS,WB,0.0,0.0013,0.001,-0.0002,0.0143,-0.0171,0.1102,0.1303,0.1743,0.5765,0.6557,0.3347,-0.2619,2.0883,5.885,-0.0007,-0.5108,0.0177,0.8003,0.7522,1.1226,5.885
SOS,WR,-0.0009,-0.0009,0.0,-0.0027,0.0361,-0.0226,0.0228,0.5403,0.5088,0.6443,0.1001,0.5568,0.2,1.1385,6.204,-0.0002,-0.1034,-0.5752,-0.4512,-0.153,1.7824,6.204
SOS,WG,0.0003,0.0004,0.0016,0.0,-0.0642,0.0359,0.0212,-0.4587,-0.3648,0.4378,-0.1022,-0.0728,-0.3591,0.8146,0.461,-0.0005,-0.3485,0.2135,0.5854,0.2125,-0.2038,0.461
SOS,UB,-0.0009,0.0006,-0.0007,0.0,0.0329,-0.02,0.0094,-0.1421,-0.097,-0.8125,0.0623,-0.6692,-0.5511,-1.7673,3.075,-0.0002,-0.1399,-0.5887,0.0107,-0.2446,-1.6877,3.075
SOS,UR,-0.0003,-0.0002,0.0001,-0.0006,0.03,-0.0267,-0.0247,0.413,0.322,-0.3955,0.1678,0.3955,1.1254,-1.3581,2.042,0.0012,0.7927,-0.175,-0.1279,0.2766,0.5901,2.042
SOS,UG,0.0021,0.0007,0.0004,0.0026,-0.0641,0.0426,-0.0416,-0.5305,-0.4677,-0.1855,0.0628,0.113,1.2946,-0.3241,2.131,0.0021,1.4031,1.3299,0.5004,0.76,-0.1115,2.131
SOS,BR,-0.0012,-0.0012,-0.0016,0.0,0.058,-0.0219,-0.0228,0.396,0.2673,-0.3283,-0.2791,-0.2299,-0.8806,-0.9747,-6.925,-0.0014,-0.9647,-0.7695,-0.8902,-1.0028,-0.6941,-6.925
SOS,BG,0.0021,0.0007,0.0002,0.0009,-0.0101,0.0165,-0.0461,-0.0007,-0.0529,0.1931,-0.3541,-0.071,-0.1564,1.5822,3.129,0.0003,0.2202,1.308,0.2843,0.4807,0.3383,3.129
SOS,RG,0.0004,-0.002,-0.0018,0.0,-0.0306,0.0255,-0.1016,-0.0543,-0.1649,0.1264,-0.6578,-0.078,-0.3514,-0.263,-3.522,-0.0004,-0.2875,0.2369,-1.2304,-1.303,-0.4903,-3.522
TDM,WU,-0.0007,-0.001,-0.0002,0.0,-0.0012,-0.017,0.0239,-0.2006,-0.0935,-0.8119,0.6491,0.3142,0.1944,-1.1428,2.282,-0.0012,-0.8475,-0.5068,-0.4826,-0.414,-0.6759,2.282
TDM,WB,0.0031,0.0037,0.0039,-0.0023,0.0257,-0.0123,0.0584,0.402,0.4128,-0.4125,0.4619,0.2463,0.2327,-0.301,1.079,0.0026,1.8475,2.0823,2.2207,2.1167,0.5296,1.079
TDM,WR,0.003,0.0016,0.0021,0.0102,-0.0037,0.0343,0.0227,0.2928,0.3043,0.1192,0.1788,0.1153,0.6321,0.059,4.292,0.0023,1.599,2.0464,1.7011,1.7603,0.9739,4.292
TDM,WG,0.0025,0.0023,0.0025,0.0,-0.0685,0.0283,-0.0221,-0.1744,-0.1339,-0.1741,0.0733,0.2633,-0.1653,0.5705,2.994,0.0013,0.9004,1.6678,1.4186,1.2092,0.0682,2.994
TDM,UB,-0.0026,-0.0016,-0.0026,0.0,0.0565,-0.0528,0.0241,-0.0347,-0.0267,-0.3899,0.1838,-0.1255,-0.1937,-0.9378,-3.613,-0.0019,-1.3358,-1.7757,-1.1616,-1.1657,-0.8556,-3.613
TDM,UR,-0.0027,-0.0036,-0.0044,0.0081,0.0315,-0.0063,-0.0062,-0.042,-0.0525,0.1417,-0.0993,-0.1326,0.3163,-0.6883,-0.632,-0.002,-1.3835,-1.8512,-1.8745,-1.6218,-0.1757,-0.632
TDM,UG,-0.0038,-0.0034,-0.0034,-0.0139,-0.042,-0.0065,-0.0527,-0.5933,-0.5561,0.0695,-0.0943,0.0703,-0.3706,0.3758,1.465,-0.0029,-2.0883,-2.5944,-2.9556,-2.6943,-0.7546,1.465
TDM,BR,0.0009,0.001,0.0013,0.0,0.0558,0.0009,0.0255,0.4587,0.3711,0.4306,-0.2864,-0.3741,0.0613,-0.0676,-1.943,0.0013,0.9066,0.5761,0.6778,0.5446,0.4697,-1.943
TDM,BG,0.0005,0.0015,0.0014,-0.0022,-0.0131,-0.0086,-0.0157,-0.0085,-0.0671,0.2479,-0.392,-0.1438,-0.4811,1.1071,2.599,0.0007,0.4625,0.3324,0.783,0.6521,0.0725,2.599
TDM,RG,0.0,-0.0005,-0.0006,0.0,-0.041,0.0401,-0.0579,-0.0999,-0.1584,0.7795,-0.675,-0.2333,-0.2261,1.025,-8.523,-0.0001,-0.0609,0.0231,-0.3269,-0.3871,0.3478,-8.523
TLA,WU,0.0009,0.0004,0.0008,0.0014,-0.0189,0.0282,0.0717,-0.2483,-0.0447,-0.1264,1.1522,0.395,0.3875,0.1476,1.395,0.0009,0.6089,0.6069,0.3463,0.7158,0.5927,1.395
TLA,WB,0.0016,0.0016,0.0014,0.0013,0.0275,0.0465,0.0458,0.3887,0.4677,0.1118,0.1938,-0.2265,-0.1633,0.3641,-0.327,0.0012,0.82,1.076,0.8748,0.5815,0.5647,-0.327
TLA,WR,0.0034,0.0029,0.0035,0.0028,0.0173,-0.0056,-0.022,0.2385,0.2211,0.1705,0.0029,-0.1472,-0.3234,0.3168,1.615,0.0035,2.5089,2.3644,2.1384,1.9076,0.141,1.615
TLA,WG,0.0035,0.0028,0.0017,0.009,-0.0803,-0.0065,-0.0566,-0.4313,-0.3025,0.0149,-0.0632,0.0252,0.2847,-0.5483,1.612,0.002,1.3987,2.4344,2.1293,1.6254,-0.38,1.612
TLA,UB,-0.0031,-0.0026,-0.0017,0.0094,0.0483,0.0186,0.0933,0.2222,0.2296,-0.1956,0.5599,0.2739,0.2462,0.049,0.371,-0.0021,-1.4671,-2.102,-0.9727,-0.3979,0.6741,0.371
TLA,UR,-0.002,-0.0018,-0.0015,-0.0067,0.0316,0.0027,0.0059,-0.0107,-0.0748,-0.2323,0.1382,-0.1005,0.2508,0.0416,0.717,-0.0007,-0.5285,-1.3908,-1.501,-1.1433,-0.2587,0.717
TLA,UG,-0.002,-0.0024,-0.0034,-0.0013,-0.0594,-0.0053,-0.0352,-0.6144,-0.5569,-0.0911,0.0721,0.3806,0.6281,-0.1637,-2.562,-0.0018,-1.2499,-1.3482,-1.7526,-1.2122,-0.0931,-2.562
TLA,BR,-0.0013,-0.0005,0.0003,-0.0056,0.0773,-0.0121,0.0299,0.6264,0.4376,0.3982,-0.5541,-0.2454,-0.8202,0.449,-1.672,-0.0004,-0.2907,-0.8803,-0.4957,-0.7095,0.1614,-1.672
TLA,BG,-0.0012,-0.0008,-0.0015,0.0013,-0.0132,-0.0201,-0.0322,0.0227,-0.0446,-0.0543,-0.6555,-0.1532,-0.1828,-0.2514,-0.348,-0.0021,-1.4778,-0.7903,-0.5066,-0.7766,-0.3705,-0.348
TLA,RG,0.0,0.0004,0.0005,-0.0115,-0.0302,-0.0463,-0.1006,-0.1937,-0.3325,0.0044,-0.8464,-0.2018,-0.3076,-0.4047,-0.8,-0.0005,-0.3225,0.0299,-0.2602,-0.5907,-1.0318,-0.8
TMT,WU,0.0024,0.0029,0.0009,0.0,0.0218,0.0049,0.0759,-0.0878,0.4095,-0.6382,1.1614,-0.2551,0.7678,-1.4905,5.6,0.0027,1.6559,1.4475,0.9201,0.1275,-0.604,5.6
TMT,WB,0.0019,0.0012,0.0025,0.0016,-0.005,-0.0031,0.0542,0.1038,0.3513,0.7573,0.7136,0.2478,-0.6538,2.1974,5.233,0.0016,0.9714,1.1811,1.1697,1.123,1.2547,5.233
TMT,WR,0.0011,0.001,0.0015,0.0008,0.0826,0.0262,-0.011,0.7152,0.7065,0.7298,0.2659,0.086,0.5187,2.1351,2.358,0.0022,1.3509,0.6874,0.4831,1.321,2.1602,2.358
TMT,WG,0.0015,0.001,0.0018,0.0,-0.0566,-0.0058,-0.0346,-0.586,-0.2677,0.2821,0.4339,-0.0512,-1.607,-0.4311,1.641,0.0008,0.5185,0.8959,0.9791,-0.1136,-1.6002,1.641
TMT,UB,-0.0004,0.0,-0.001,0.0,-0.0151,0.0046,0.0885,-0.1377,-0.0919,-1.2828,0.237,-0.5674,0.4807,-1.6192,-3.13,-0.0007,-0.4286,-0.2451,-0.3045,-0.9957,-1.5117,-3.13
TMT,UR,-0.0012,-0.0006,-0.0019,-0.0019,0.0735,-0.0033,-0.0052,0.6325,0.4028,0.2821,-0.3485,0.2082,2.2718,0.7455,4.477,0.0002,0.1252,-0.7189,-1.0603,0.2663,2.4112,4.477
TMT,UG,-0.0006,-0.0002,-0.0019,0.0002,-0.0756,0.0005,-0.0323,-0.7136,-0.6574,-0.5004,-0.0427,0.4744,0.6781,-1.7612,-4.177,-0.0006,-0.3724,-0.3433,-0.4139,-0.1792,-0.5724,-4.177
TMT,BR,-0.0017,-0.0017,0.0004,0.0,0.055,0.0033,0.0053,0.5514,0.1516,0.0852,-0.8252,-0.4078,-0.2697,0.7166,-4.689,-0.0018,-1.0932,-1.0177,-0.4565,-0.2601,0.0811,-4.689
TMT,BG,-0.0011,-0.0018,-0.0011,-0.0007,-0.0833,-0.0153,-0.0325,-0.4534,-0.5906,0.0852,-0.4905,0.2,-1.3868,0.1558,-0.025,-0.0024,-1.4935,-0.644,-0.5714,-0.8123,-0.8658,-0.025
TMT,RG,-0.002,-0.0018,-0.0011,0.0,0.0025,-0.012,-0.1083,-0.0245,-0.4139,0.1996,-1.1049,0.0653,-0.7999,-0.6482,-7.288,-0.002,-1.2343,-1.2429,-0.7454,-0.477,-0.7531,-7.288
VOW,WU,-0.0002,-0.0008,-0.0028,-0.0,-0.0252,-0.0358,0.0832,-0.3381,-0.1123,0.0117,1.4937,0.5586,-0.7195,0.6267,1.037,-0.0002,-0.144,-0.1373,-0.871,-0.8272,0.2678,1.037
VOW,WB,0.0021,0.0018,0.0014,-0.0166,0.034,-0.0243,0.0304,0.3919,0.5408,-0.2299,0.502,0.1735,-0.3553,0.0533,0.063,0.0024,1.7092,1.4014,0.0923,0.3063,0.8996,0.063
VOW,WR,0.0002,0.0002,0.0003,-0.0092,0.0487,0.0085,0.0183,0.6519,0.4252,0.0059,0.1862,0.0498,-2.3387,0.7317,0.832,0.0003,0.2229,0.1441,-0.4868,-1.2652,-0.7105,0.832
VOW,WG,-0.002,-0.0019,-0.0012,-0.0026,-0.0353,-0.0144,-0.0244,-0.327,-0.2361,-0.0408,0.0112,-0.3072,-1.072,-0.1317,-1.931,-0.0013,-0.947,-1.3754,-1.0926,-1.7907,-1.2956,-1.931
VOW,UB,0.002,0.0016,-0.0,0.0005,-0.0064,-0.0117,0.0452,-0.2211,-0.0023,-0.0407,0.5795,0.4583,1.913,-0.1433,-0.793,0.0016,1.1521,1.3818,0.6767,1.7618,1.7554,-0.793
VOW,UR,0.0003,-0.0001,-0.001,0.016,0.0082,0.0113,0.0294,0.0389,-0.1179,0.1951,0.2637,0.3314,0.1047,0.7825,1.083,-0.0001,-0.0913,0.2238,0.6612,0.9211,0.352,1.083
VOW,UG,-0.0023,-0.0023,-0.0024,0.0023,-0.0759,-0.0018,-0.0098,-0.9399,-0.7792,0.2984,0.0887,0.0069,1.3188,-0.1333,-1.525,-0.0023,-1.6696,-1.5471,-1.2485,-0.9246,-0.2158,-1.525
VOW,BR,0.0026,0.0028,0.0033,0.0174,0.0678,0.0329,-0.0294,0.9032,0.6495,-0.0991,-0.853,-0.1268,0.2413,-0.0458,1.629,0.0023,1.6394,1.751,2.7549,2.8934,0.8225,1.629
VOW,BG,-0.0002,0.0003,0.002,-0.0078,-0.0159,0.0005,-0.0607,-0.2099,-0.1261,-0.1908,-0.903,-0.4242,1.4105,-1.2542,-1.576,-0.0004,-0.2893,-0.1636,0.1254,0.3552,-0.0918,-1.576
VOW,RG,-0.0025,-0.0016,0.0004,-0.0,-0.0,0.0348,-0.0821,0.0501,-0.2417,0.0901,-1.3688,-0.7201,-0.5028,-0.4858,1.18,-0.0022,-1.5824,-1.6788,-0.6117,-1.4302,-1.7837,1.18
WOE,WU,-0.0026,-0.0022,-0.0031,0.0036,-0.0104,-0.006,0.0296,-0.112,0.3085,-0.0008,0.6931,0.1558,0.4116,0.5576,-4.566,-0.002,-1.379,-1.7387,-1.2442,-0.0393,2.0084,-4.566
WOE,WB,0.0017,0.0018,0.0018,0.0066,0.0196,-0.0228,0.0425,0.8999,0.9277,0.3128,0.7801,0.2103,0.6071,1.2408,-0.734,0.0015,0.9993,1.1422,1.6686,2.8368,2.7417,-0.734
WOE,WR,-0.0006,-0.0004,-0.0004,-0.0012,0.0193,0.0313,0.0019,0.318,0.4268,0.6567,-0.3652,-0.0326,-0.0728,1.1798,2.75,-0.0001,-0.086,-0.4201,-0.4838,-0.0456,1.8216,2.75
WOE,WG,-0.0029,-0.003,-0.0032,0.0076,-0.0462,-0.0191,-0.0452,-0.4211,-0.1559,0.8587,-0.394,0.5641,-0.2813,1.4194,-0.571,-0.0014,-0.9337,-1.9441,-1.3884,-0.0246,2.0704,-0.571
WOE,UB,0.0024,0.0025,0.0024,0.0089,0.0227,-0.0058,0.0629,0.3155,0.2183,-0.8064,1.1775,-0.2006,0.4889,-0.9729,-0.359,0.0014,0.9531,1.6069,2.1702,1.6951,-1.0084,-0.359
WOE,UR,-0.0005,-0.0002,-0.0013,-0.018,0.0226,0.0297,0.0141,-0.2664,-0.2826,-0.7194,-0.1953,-0.4225,-0.0769,-1.6035,-0.911,-0.001,-0.6835,-0.303,-1.6332,-2.8655,-2.0666,-0.911
WOE,UG,-0.0031,-0.0029,-0.0037,-0.0153,-0.0485,-0.0109,-0.0333,-1.0055,-0.8653,-0.3187,-0.1683,0.0261,-0.3413,-0.8235,-3.169,-0.0025,-1.6596,-2.0305,-2.8631,-3.1372,-1.7884,-3.169
WOE,BR,0.0042,0.004,0.0046,-0.0053,0.0524,0.009,0.0216,0.7667,0.3573,-0.234,-0.1083,-0.3293,0.2344,-0.5192,2.64,0.0028,1.8847,2.8085,2.2192,1.2001,-0.9519,2.64
WOE,BG,0.002,0.0016,0.0032,0.0164,-0.0143,-0.0318,-0.0281,0.0592,-0.2085,0.082,-0.1371,0.1738,-0.117,0.0337,3.252,0.0018,1.194,1.3225,2.4668,2.3505,-0.7435,3.252
WOE,RG,-0.0007,-0.0011,-0.0003,-0.0035,-0.0171,0.0264,-0.0659,-0.5543,-0.7263,0.169,-1.2824,-0.145,-0.8527,-0.5122,1.668,-0.0004,-0.2893,-0.4436,-0.9121,-1.9703,-2.0833,1.668
