set,main_colors,splash,half,games,wins
DMU,B,False,0,20,11
DMU,B,False,1,58,33
DMU,B,True,0,166,87
DMU,B,True,1,191,98
DMU,BG,False,0,1772,1000
DMU,BG,False,1,1683,950
DMU,BG,True,0,13331,7538
DMU,BG,True,1,12707,7099
DMU,BR,False,0,4186,2355
DMU,BR,False,1,4208,2368
DMU,BR,True,0,5794,3168
DMU,BR,True,1,5856,3149
DMU,BRG,False,0,2587,1340
DMU,BRG,False,1,2701,1371
DMU,BRG,True,0,5428,3017
DMU,BRG,True,1,5446,2988
DMU,G,False,1,4,1
DMU,G,True,0,185,102
DMU,G,True,1,254,144
DMU,R,False,0,20,10
DMU,R,False,1,27,14
DMU,R,True,0,30,12
DMU,R,True,1,103,60
DMU,RG,False,0,1715,990
DMU,RG,False,1,1665,968
DMU,RG,True,0,11171,6377
DMU,RG,True,1,11557,6802
DMU,U,False,0,24,9
DMU,U,False,1,29,12
DMU,U,True,0,127,70
DMU,U,True,1,126,58
DMU,UB,False,0,5144,2903
DMU,UB,False,1,5134,2931
DMU,UB,True,0,13161,7393
DMU,UB,True,1,12634,7028
DMU,UBG,False,0,7471,4099
DMU,UBG,False,1,7807,4311
DMU,UBG,True,0,16736,9470
DMU,UBG,True,1,16652,9330
DMU,UBR,False,0,3967,2085
DMU,UBR,False,1,4401,2397
DMU,UBR,True,0,2802,1503
DMU,UBR,True,1,2754,1502
DMU,UBRG,False,0,1442,798
DMU,UBRG,False,1,1454,841
DMU,UBRG,True,0,3586,1996
DMU,UBRG,True,1,3397,1891
DMU,UG,False,0,596,334
DMU,UG,False,1,618,330
DMU,UG,True,0,8413,4712
DMU,UG,True,1,8518,4735
DMU,UR,False,0,14268,8303
DMU,UR,False,1,14298,8292
DMU,UR,True,0,16531,9348
DMU,UR,True,1,16845,9444
DMU,URG,False,0,2872,1582
DMU,URG,False,1,2650,1425
DMU,URG,True,0,8677,4869
DMU,URG,True,1,8701,4829
DMU,W,False,0,47,26
DMU,W,False,1,32,17
DMU,W,True,0,419,261
DMU,W,True,1,364,218
DMU,WB,False,0,11685,6970
DMU,WB,False,1,11434,6796
DMU,WB,True,0,15552,9061
DMU,WB,True,1,15918,9108
DMU,WBG,False,0,5160,2844
DMU,WBG,False,1,4995,2727
DMU,WBG,True,0,6811,3767
DMU,WBG,True,1,7016,3922
DMU,WBR,False,0,6152,3419
DMU,WBR,False,1,6537,3593
DMU,WBR,True,0,2111,1145
DMU,WBR,True,1,1996,1080
DMU,WBRG,False,0,849,442
DMU,WBRG,False,1,969,502
DMU,WBRG,True,0,1267,695
DMU,WBRG,True,1,1232,666
DMU,WG,False,0,1812,1090
DMU,WG,False,1,1894,1112
DMU,WG,True,0,9799,5479
DMU,WG,True,1,9651,5414
DMU,WR,False,0,11714,7187
DMU,WR,False,1,12189,7416
DMU,WR,True,0,10551,6133
DMU,WR,True,1,10764,6319
DMU,WRG,False,0,4439,2468
DMU,WRG,False,1,4639,2582
DMU,WRG,True,0,5417,2996
DMU,WRG,True,1,5362,2910
DMU,WU,False,0,6459,3728
DMU,WU,False,1,6399,3718
DMU,WU,True,0,11417,6558
DMU,WU,True,1,11104,6383
DMU,WUB,False,0,8100,4526
DMU,WUB,False,1,7902,4498
DMU,WUB,True,0,4827,2721
DMU,WUB,True,1,5107,2817
DMU,WUBG,False,0,4062,2241
DMU,WUBG,False,1,3979,2225
DMU,WUBG,True,0,4144,2347
DMU,WUBG,True,1,4276,2438
DMU,WUBR,False,0,715,396
DMU,WUBR,False,1,730,367
DMU,WUBR,True,0,317,155
DMU,WUBR,True,1,500,282
DMU,WUBRG,False,0,2611,1407
DMU,WUBRG,False,1,2819,1543
DMU,WUG,False,0,4053,2198
DMU,WUG,False,1,4055,2230
DMU,WUG,True,0,8799,4903
DMU,WUG,True,1,8670,4885
DMU,WUR,False,0,8583,4775
DMU,WUR,False,1,9173,5118
DMU,WUR,True,0,3874,2205
DMU,WUR,True,1,4189,2383
DMU,WURG,False,0,1766,955
DMU,WURG,False,1,1653,908
DMU,WURG,True,0,2764,1561
DMU,WURG,True,1,2605,1457
