a,b,n,weight,mean_res_pp,z
KD,DM,1,0,-1.317784434108075,-0.4387832217196591
KD,BN,1,0,4.071017673722029,1.3555284190031074
KD,CS,1,0,0.42333677931618197,0.14095862046397836
KD,PA,7,0,0.9945319718859393,0.8761397985246254
KD,SW,1,0,2.994039721853477,0.9969266301135847
KD,DR,5,0,1.2605671514674763,0.9385482998562147
KD,SC,11,0,0.789608728132469,0.8719948543135806
KD,RC,7,0,1.91011917527128,1.6827326588673377
KD,TU,1,0,8.078070446202565,2.68975841869174
KD,TK,12,0,-0.20313717322206784,-0.23430721770603632
KD,CL,10,0,1.2881977511712523,1.3564012332321893
KD,PC,8,0,0.1894119946305245,0.17838490864329765
KD,PT,2,0,5.661015071983024,2.665722565283844
KD,AN,1,0,2.483073192713954,0.8267898960289232
KD,CP,5,0,1.6032365239156525,1.1936808856527197
KD,EQ,8,0,0.03226677404967215,0.030388284291564645
KD,FL,4,0,0.288489676939398,0.19211705132335954
KD,MN,4,0,1.6073805421393852,1.0704203123886176
KD,DT,2,0,1.1642304012825473,0.548225929877485
KD,LL,3,0,0.568048702062318,0.32760599350332936
KD,HS,2,0,-1.4499845547504202,-0.6827850655337088
KD,VG,2,0,-0.8896280660415407,-0.41891808804636094
KD,IN,9,0,-0.3429008266882132,-0.34252748530853205
KD,FH,9,0,0.37848553204714885,0.3780734469784467
KD,DS,2,0,-0.5456866533577837,-0.25695908011785434
KD,ST,1,0,-0.35790940806575233,-0.11917324191278715
KD,MI,1,0,4.597956259656485,1.530983375367966
KD,DL,8,0,0.3648791035778437,0.3436367674842734
KD,RM,2,0,4.770634039485241,2.246449911908159
KD,FX,2,0,-0.7565345131497464,-0.35624549616556006
KD,CR,24,0,0.47542156996940116,0.7755148922708821
KD,SK,7,0,-0.7209366620730396,-0.6351141237419469
KD,CY,3,0,-0.8448024531570715,-0.48721587775093617
KD,ET,39,0,0.23899892034249462,0.496974244162207
KD,AT,3,0,1.2076959629198967,0.6965044270780291
KD,DY,4,0,-0.2819636368345795,-0.18777109484042065
KD,SP,2,0,6.074544059962297,2.8604497547787116
KD,SA,11,0,-0.3016334865591071,-0.3331052948088485
KD,CH,14,0,0.6778649066096972,0.8445255789500091
KD,KC,7,0,1.312475115167326,1.1562340030061562
KD,RE,3,0,3.780169006253701,2.1801053649241107
KD,SE,3,0,0.6345617906627684,0.36596553273441285
KD,DW,46,0,-0.872210050368519,-1.9697252030165369
KD,CD,35,0,0.20007484462424427,0.39412333565169544
KD,SD,8,0,0.5457632611539576,0.5139903081202631
KX,DM,3,0,-1.588263849612156,-0.9159861725034458
KX,MS,4,0,1.5638755733670786,1.041448577915754
KX,BN,2,0,-0.08470009081170504,-0.03988453316010355
KX,TP,2,0,-2.987738926539114,-1.4069001715026928
KX,ED,1,0,-0.14805565777594,-0.04929815289305683
KX,CS,1,0,-3.852673356653373,-1.2828262224921823
KX,SW,1,0,-3.55014584219208,-1.1820935123323353
KX,DR,5,0,-1.2423008841633405,-0.9249482515739331
KX,SC,4,0,-0.4998127108970501,-0.332845685329833
KX,RC,2,0,-1.4956406087820047,-0.7042841027074749
KX,TK,7,0,1.1807633057920124,1.0402015763054127
KX,CL,7,0,-0.2518245829282798,-0.2218466028115131
KX,PC,6,0,1.2379683335508296,1.0096963826128316
KX,PT,7,0,-0.7263069961922903,-0.6398451566159608
KX,AN,1,0,2.0512313828249877,0.6829993520583688
KX,EQ,5,0,1.2323559914903535,0.9175438367439744
KX,FL,9,0,0.007173278958537477,0.007165468881527504
KX,MN,3,0,1.997230645698404,1.1518461842511893
KX,FS,5,0,0.27571299774930524,0.2052805873805504
KX,DT,1,0,-0.9983716474015341,-0.3324282155578121
KX,LL,3,0,3.9479612758934786,2.2768748021184013
KX,HS,2,0,1.2862389642772438,0.6056786968101276
KX,VG,5,0,0.16183971068950478,0.12049686138499649
KX,RH,4,0,1.8327167399260396,1.2204808841722081
KX,IN,8,0,0.47034630123235543,0.4429639323513329
KX,FH,10,0,0.07632995736044974,0.08037123819082859
KX,DS,2,0,-2.1027741968784914,-0.9901780078377463
KX,DL,1,0,3.160072696026546,1.0522106973963081
KX,TX,1,0,1.997415059161874,0.6650801087687851
KX,RM,1,0,1.5392028630838623,0.5125090065289624
KX,CR,4,0,0.26506378055104646,0.17651679073004187
KX,SK,5,0,0.9092649801969696,0.6769882114484709
KX,CY,3,0,1.4552692525709823,0.8392853070035915
KX,ET,28,0,-0.1078871792689206,-0.19008790904693612
KX,AT,2,0,0.22980530851335512,0.10821331311373396
KX,DY,4,0,0.9841599010660245,0.6553922491417673
KX,UP,2,0,-2.8342444798172752,-1.334620976858395
KX,SA,1,0,-1.3835048361759787,-0.4606661708619322
KX,CH,28,0,-0.05180129220591625,-0.09126941113927675
KX,KC,6,0,0.5070418312236997,0.4135471715593241
KX,DW,6,0,-0.21595309040366084,-0.1761329819876894
KX,CD,38,0,-0.09898402257339765,-0.20317138285451777
DM,DA,53,0,0.2429834167896201,0.5890066645868585
DM,BN,1,0,1.586721111877983,0.5283311772548389
DM,TP,2,0,1.333940421241771,0.6281408963645113
DM,FT,3,0,0.8071792122284815,0.465517739583421
DM,SW,7,0,0.672580057644354,0.5925140396228387
DM,DR,13,0,0.3227719631991632,0.38750126018757963
DM,SC,21,0,0.005734829254623234,0.008750558623663788
DM,RC,3,0,2.0645643515794823,1.190678991247044
DM,IM,9,0,0.44038245004021337,0.4399029732390831
DM,TK,15,0,-0.5041887143619974,-0.6501961433369963
DM,CL,14,0,0.041942980589944626,0.05225513169397233
DM,PC,3,0,0.23271524286290934,0.1342119224367283
DM,PT,6,0,-0.6600837450494925,-0.5383693197437008
DM,PP,1,0,2.0696661353915085,0.6891375791563521
DM,AN,1,0,3.2688091609813523,1.0884167225824908
DM,CP,3,0,2.154700795876822,1.2426626315188738
DM,EQ,7,0,1.6548504486486861,1.4578519139188917
DM,FL,13,0,-1.4034538067772375,-1.6849050746259036
DM,MN,8,0,0.49113007488963867,0.4625377274129893
DM,LL,1,0,4.177647843734119,1.391033110301186
DM,HS,4,0,-0.55640437510034,-0.3705323844573781
DM,RH,3,0,-1.4583869941186842,-0.8410833761013877
DM,IN,1,0,5.591424771538119,1.861778991887373
DM,FH,4,0,-0.8701126132857988,-0.5794435050750386
DM,DL,1,0,-0.5848679089407487,-0.19474370672708596
DM,TX,2,0,0.06826546246953713,0.032145610181326896
DM,RM,5,0,0.8995575629760527,0.6697606076527666
DM,FX,3,0,0.40203113601816226,0.23186006632236464
DM,CR,12,0,-0.18695887654383112,-0.21564646929758768
DM,SK,25,0,0.10589611897010752,0.17630137011278935
DM,CY,4,0,0.24117026254543872,0.16060512181461223
DM,ET,28,0,0.33012992504908023,0.5816604678298329
DM,AT,7,0,-1.649300224468717,-1.4529624056554384
DM,DY,4,0,1.0632555359649898,0.7080652609131046
DM,UP,2,0,2.0433766066261643,0.9622082012490408
DM,SP,4,0,-0.944716841887981,-0.6291255060650287
DM,SA,9,0,-0.44215716265040095,-0.44167575358897015
DM,CH,42,0,-0.605397865853416,-1.3063849548452642
DM,KC,21,0,0.24757035261712185,0.37775821874919385
DM,RE,6,0,1.4972682375261668,1.2211833552277112
DM,SE,2,0,-1.5370461207227444,-0.7237815967264929
DM,DW,6,0,-0.27541818224114667,-0.22463316288313553
DM,CD,88,0,-0.19521515768791928,-0.6097622181397885
DM,RN,2,0,0.1876516863270634,0.08836354051260133
DM,SD,1,0,0.7545511839825287,0.25124321618226375
DA,BN,2,0,4.2206100858836715,1.9874484349789105
DA,TP,3,0,2.0962974235161025,1.2089801413437984
DA,SW,7,0,0.009480316077006659,0.00835174982047836
DA,DR,25,0,0.4833720048599549,0.8047428702748936
DA,SC,18,0,-0.5056557024841974,-0.7143265647079808
DA,RC,1,0,-4.057039948414713,-1.3508742500936015
DA,TU,1,0,-4.640227560637593,-1.5450584677356534
DA,IM,10,0,1.0507241800366098,1.1063546511338946
DA,TK,15,0,0.7223797234860994,0.9315728354408992
DA,CL,19,0,-0.002242327235037437,-0.003254478685880048
DA,PC,9,0,-1.4236329830995753,-1.422082969040982
DA,PT,4,0,-1.3858930247118357,-0.9229227339499594
DA,AN,2,0,1.8059883807614434,0.8504241585687563
DA,CP,3,0,-1.4056702077901477,-0.8106804632934499
DA,EQ,7,0,1.0234528058464882,0.9016178066285877
DA,FL,24,0,-0.13742327005415408,-0.22416692721455378
DA,MN,10,0,-1.8326099696350824,-1.9296372941084072
DA,FS,7,0,-1.1228858497251104,-0.9892140322836614
DA,DT,1,0,-2.9287503964833967,-0.975187216755605
DA,LL,3,0,2.3675437068302254,1.3654137496006133
DA,HS,11,0,0.5515655952235691,0.609114797893509
DA,VG,2,0,0.32181270506419113,0.1515387927388336
DA,RH,13,0,-0.623034243316424,-0.7479787030825834
DA,IN,7,0,-0.4623596836152202,-0.4073189515268873
DA,FH,4,0,3.52413805315114,2.3468673763673937
DA,DS,5,0,0.6757171431404646,0.5031014612271087
DA,TX,8,0,-3.656124157003876,-3.4432738803468883
DA,RM,7,0,0.7731820062845508,0.6811400199879178
DA,FX,17,0,0.6010466365598643,0.8251601975838185
DA,CR,9,0,-1.6303533626262658,-1.6285782768685282
DA,SK,31,0,-0.11928784953862019,-0.22114783681839978
DA,CY,3,0,-1.057814765008632,-0.6100646930007875
DA,ET,51,0,0.13946503280193623,0.33163171792128404
DA,AT,16,0,-1.0965211354853521,-1.4604363629097243
DA,DY,13,0,-1.4634371661187242,-1.7569176097442907
DA,UP,7,0,-0.7063914292624913,-0.6223004005994303
DA,SP,28,0,-1.3154423248794633,-2.317695973725492
DA,LD,3,0,0.24696176709542902,0.14242820161881126
DA,SA,25,0,-0.9000759024488266,-1.4984932058938547
DA,CH,9,0,1.107708829088775,1.106502784919879
DA,KC,9,0,-0.18053633652000123,-0.18033977331655276
DA,RE,4,0,0.7909631518796609,0.5267346480355074
DA,SE,10,0,-2.8813727892410625,-3.033926740808821
DA,DW,20,0,0.27088618706549006,0.4033736243703917
DA,CD,80,0,-0.5727954299851958,-1.7058866760161977
DA,RN,3,0,-4.692528667345872,-2.706282948147725
DA,SD,3,0,0.19945726467815258,0.11503132586891147
MS,PA,5,0,0.2169688615074124,0.16154296568212168
MS,SW,10,0,3.26286673671862,3.435618841543116
MS,DR,14,0,1.486428097700566,1.851883078084947
MS,SC,7,0,0.14996827748783406,0.1321155881737156
MS,RC,4,0,-2.159584859013684,-1.4381557066370774
MS,TK,5,0,2.483517252511594,1.849089032896692
MS,CL,5,0,2.2398537611468314,1.6676707282143908
MS,PC,8,0,1.0316436223133123,0.9715839468233116
MS,PT,9,0,1.8382434780491386,1.8362420470146523
MS,CP,1,0,-4.010187664839941,-1.3352738260790502
MS,EQ,1,0,-4.320670851490397,-1.438655539659908
MS,FL,10,0,0.8098867195805678,0.8527660789802265
MS,MN,5,0,-0.397595387831921,-0.2960274467297585
MS,DT,1,0,2.038568799840686,0.6787830866257716
MS,LL,2,0,-1.6625099466207751,-0.782861416788881
MS,HS,1,0,2.486741285803991,0.8280112624845858
MS,IN,2,0,-0.39146160081756487,-0.18433584957334812
MS,FH,17,0,0.05176038883953648,0.07106039712043745
MS,DS,3,0,1.118864412277546,0.6452733472481239
MS,ST,1,0,1.2284165971867396,0.40902637652744706
MS,MI,5,0,-2.288350920750143,-1.7037790201372414
MS,DL,7,0,0.8514674599638248,0.7501061302316158
MS,TX,2,0,-0.05434407603461633,-0.02559015087098714
MS,RM,2,0,-0.10682766709646896,-0.05030421561409715
MS,CR,5,0,1.3190986566981595,0.9821276083114059
MS,SK,7,0,-1.4242704376917779,-1.2547208632795654
MS,CY,2,0,-0.03296020057439275,-0.015520670641256994
MS,ET,35,0,1.2511145556861327,2.464544920154627
MS,AT,8,0,-0.7111356138845873,-0.6697351018516448
MS,DY,9,0,1.983478745700066,1.9813191863352202
MS,UP,1,0,3.5998357719909406,1.1986387885701175
MS,SP,2,0,-3.563109299899551,-1.677837056170875
MS,SA,8,0,0.8912575097082616,0.8393707576813609
MS,CH,16,0,0.5972300071106005,0.7954396784327242
MS,KC,10,0,0.29350468218957976,0.309044253896111
MS,RE,1,0,4.944992080012296,1.64653603433598
MS,SE,4,0,5.407716351808286,3.6012190485442024
MS,DW,3,0,-1.0002812437782227,-0.5768838648182677
MS,CD,36,0,1.0246708178535635,2.0471103665640853
MS,SD,5,0,0.4023541790345481,0.2995705783966411
BN,TP,1,0,-1.3338528531398424,-0.4441335297732463
BN,CS,8,0,1.3485999203219456,1.2700878529485693
BN,SW,3,0,-0.4752890654885009,-0.274109501413045
BN,DR,26,0,1.190954896651863,2.022030153240766
BN,SC,19,0,1.7182748839815154,2.4938772981132216
BN,RC,3,0,2.697923923861652,1.5559511785947775
BN,IM,1,0,-10.037077794960618,-3.342049896426747
BN,TK,10,0,3.1709293569163406,3.3388138477208824
BN,CL,4,0,0.9811391232536566,0.6533805898956825
BN,PC,12,0,1.7820715829895188,2.0555185825432423
BN,PT,5,0,-0.3849222729643335,-0.28659174915584495
BN,CP,1,1,4.89405428576681,1.6295752561632926
BN,EQ,2,0,1.4256320447834612,0.6713176812369412
BN,FL,23,0,1.6024766842782185,2.5589469152553916
BN,MN,5,0,-0.5841293211012294,-0.43491025494159774
BN,FS,2,0,4.863838771713798,2.290339206448735
BN,LL,2,0,0.836718092704199,0.3940032436129029
BN,HS,1,0,-1.7207826424476418,-0.5729696998913866
BN,VG,1,0,-0.12026663085647307,-0.04004522923985633
BN,RH,1,0,-0.6154287330496093,-0.20491955682351679
BN,IN,5,0,0.8849416600157485,0.6588784179508633
BN,FH,12,0,0.10036009867895213,0.11575968650731405
BN,DS,2,0,-0.2486773697509308,-0.1171000019592384
BN,ST,1,0,-6.343001972745941,-2.1120319598094137
BN,MI,1,0,0.6033779738061258,0.2009070105920062
BN,DL,1,0,-0.8981832116633319,-0.29906843115421516
BN,TX,2,0,2.6734601091639902,1.2589090206905615
BN,RM,2,0,-1.098659040562648,-0.5173489486851045
BN,FX,1,0,2.364105860572248,0.7871772948132607
BN,CR,16,0,0.4218404475891518,0.5618415451085856
BN,SK,8,0,1.5298797851964623,1.4408140638075444
BN,CY,4,0,0.19067826571773522,0.12698044016610893
BN,ET,44,2,1.1682599685265986,2.5803075491962755
BN,AT,4,0,-1.9790458079042184,-1.3179273833367817
BN,DY,1,0,2.505083997041198,0.834118842543522
BN,UP,2,0,-8.171933942462053,-3.8480923359914674
BN,SP,5,0,1.7851300286083265,1.3291086884361418
BN,SA,2,0,4.543556180867016,2.139520931133887
BN,CH,20,0,1.1554506613701943,1.720568797202573
BN,KC,12,0,1.4533953241803712,1.676409143802493
BN,RE,1,0,1.71637562669484,0.5715022940546403
BN,SE,11,0,0.5503320915674845,0.6077525930412061
BN,DW,5,0,0.41145333901626613,0.3063453076294466
BN,CD,37,0,-0.13153386862932104,-0.26640605714709203
BN,RN,1,0,-6.343001972745941,-2.1120319598094137
TP,CS,1,0,0.18995453185696906,0.06324923812358133
TP,PA,12,0,0.3824302087252409,0.44111157377972
TP,SW,1,0,-9.706978549095245,-3.2321366155902855
TP,DR,26,0,0.7858525528638268,1.3342382338400078
TP,SC,10,0,-0.8219447345746062,-0.8654625041939603
TP,RC,1,0,-2.7331658205786242,-0.9100633405639311
TP,IM,1,0,5.0437379181633455,1.6794154764312659
TP,TK,5,0,3.091421993114561,2.301701144915675
TP,CL,4,0,-0.2465552375966777,-0.16419119650286257
TP,PC,5,0,-0.5106176733959172,-0.38017756426888677
TP,PT,3,0,-0.7952215784948574,-0.45862151314186655
TP,AN,2,0,0.9861319726052273,0.4643609349728838
TP,CP,3,0,0.6032593117018757,0.3479127149357458
TP,EQ,9,0,-2.59359775655615,-2.590773915697781
TP,FL,16,0,0.6890567858350006,0.9177420786309833
TP,MN,2,1,-2.2678011489226417,-1.0678877585362205
TP,LL,1,0,1.269510248950841,0.4227093465539388
TP,HS,1,0,-1.9550152819530913,-0.6509622376190491
TP,VG,6,0,-1.4334232317056423,-1.1691108831960735
TP,RH,3,0,-1.060350421920218,-0.611527061277817
TP,IN,5,0,1.2924765641666431,0.9623062765759388
TP,FH,18,0,-0.07315468191793495,-0.10334370278040443
TP,ST,2,0,2.971140763407472,1.3990842414195424
TP,RM,1,0,1.0917442142339546,0.3635185173056043
TP,FX,1,0,2.085830831068865,0.6945199444839779
TP,CR,9,0,-0.3217250986396223,-0.32137481283435243
TP,SK,34,0,0.8943838896244806,1.7364771207550056
TP,CY,3,0,-3.0729491229467514,-1.7722363359923898
TP,ET,49,0,-0.2145859812997751,-0.500155473395184
TP,AT,9,1,-1.7385550312830007,-1.7366621384011152
TP,DY,1,0,-0.8077877979076813,-0.26896943328342
TP,UP,2,0,6.6829393645509345,3.1469377911877996
TP,SP,4,0,-1.5884339219277241,-1.0578029846345554
TP,LD,2,0,-3.8320590694778898,-1.8044831541897814
TP,SA,2,0,3.5474550048141724,1.6704655853088328
TP,CH,11,0,0.010093805326898792,0.011146971901280868
TP,KC,10,0,0.35393426623452406,0.37267327533148076
TP,RE,4,0,-0.05159490107712705,-0.03435915060607285
TP,DW,4,0,1.4675140570078216,0.9772775109285737
TP,CD,29,0,0.7915398000379141,1.4193104327661832
TP,RN,1,0,-1.4311194460051506,-0.47652042696104097
TP,SD,1,0,-1.3795991948097257,-0.4593657078596309
FT,CS,1,0,1.6221234737546515,0.5401191161609801
FT,DR,3,0,0.26535311366660347,0.1530348896429882
FT,SC,4,0,0.022524076469284116,0.014999701899107272
FT,TU,1,0,-2.2011589027981655,-0.732920779672435
FT,IM,1,0,-0.5053959660812828,-0.16828190142597915
FT,TK,1,0,1.7348706978110935,0.5776606054447855
FT,CL,2,0,-3.0334992127770506,-1.428448290712272
FT,PC,18,2,-0.27235940758572197,-0.3847550003506381
FT,PT,25,1,0.8736356201416559,1.4544740478523879
FT,CP,1,0,1.7348706978110935,0.5776606054447855
FT,EQ,5,0,1.752139665958992,1.304545896410245
FT,MN,6,0,1.0365805549830946,0.8454429796691229
FT,HS,4,0,0.9777836341804531,0.6511460327589048
FT,VG,1,0,0.12122415852242227,0.04036405761821342
FT,IN,3,1,-3.368847904436016,-1.9428875740539822
FT,ST,1,0,10.097796105627461,3.3622672971504133
FT,RM,1,0,1.0286014862769883,0.34249385736577276
FT,FX,2,0,-0.6146064827986668,-0.2894128259920407
FT,CR,6,0,1.1292843168205038,0.9210528724628712
FT,SK,3,0,2.0978077014725023,1.2098511513620878
FT,CY,1,0,-0.4262743718017308,-0.1419367518347446
FT,ET,9,0,1.9722256935690936,1.9700783862307265
FT,AT,1,0,-3.5941983254706473,-1.1967616856977341
FT,DY,1,0,-7.00374501242748,-2.332039839836117
FT,SA,1,0,3.106366797944056,1.0343282225574453
FT,CH,15,0,-0.07426141113674253,-0.0957666876399097
FT,KC,8,0,1.295195599360634,1.2197925961227079
FT,DW,2,0,0.7421307318412969,0.34946288132155867
FT,CD,20,0,0.03760123042769823,0.05599157625095146
ED,SW,1,0,5.765943302243911,1.9198884983975923
ED,DR,7,0,0.9909941913329209,0.8730231663513348
ED,SC,1,0,-0.9648809747305236,-0.3212768125879548
ED,RC,10,0,0.1822294333351551,0.1918775497645997
ED,IM,1,0,-3.5611498470762433,-1.1857575203369222
ED,TK,3,0,-3.1297118425868704,-1.8049726261980352
ED,CL,2,0,-1.1540332434076912,-0.5434241772760309
ED,PC,2,0,0.011387604934606,0.005362323726879471
ED,PT,2,0,-0.6005808201547207,-0.2828082639254132
ED,CP,1,0,-3.065281259801737,-1.0206479541269151
ED,EQ,1,0,5.760734873863279,1.9181542458705494
ED,FL,9,0,0.1942933345784298,0.19408179311819201
ED,MN,2,0,-1.7584891868497414,-0.8280572029197824
ED,FS,1,0,-6.218865321352888,-2.070698128249474
ED,DT,1,0,-1.4571830078504082,-0.48519882180313223
ED,LL,2,0,2.010067828547176,0.9465233885046566
ED,HS,1,0,-6.218865321352888,-2.070698128249474
ED,IN,2,0,4.3305899836800235,2.039237008504232
ED,DS,8,0,-0.7810026624723572,-0.7355346680502769
ED,ST,2,0,3.5574388151648058,1.675166874424086
ED,MI,1,0,-8.349559290548173,-2.7801561701749264
ED,DL,9,0,0.1445212019638418,0.14436385108937622
ED,CR,1,0,-5.745875616891392,-1.9132065530023317
ED,ET,14,0,0.19128327139404228,0.2383124040532744
ED,AT,4,0,-6.814815477444469,-4.538263790681328
ED,DY,1,0,-8.349559290548173,-2.7801561701749264
ED,UP,3,0,-0.19592790252646028,-0.1129958662508533
ED,SP,1,0,0.4355663954069351,0.14503072073303885
ED,SA,6,0,-0.5495447139509798,-0.4482128457751258
ED,CH,14,0,-1.1331266820307104,-1.4117185560642784
ED,KC,3,0,1.100434310546938,0.6346443082838541
ED,SE,14,0,-1.3311886804710655,-1.6584763130595774
ED,DW,4,0,-3.4553809107075693,-2.3010791887143087
ED,CD,17,0,-2.0949319967385964,-2.876073827228396
ED,RN,1,0,-0.11117335324883174,-0.03701743687761564
ED,SD,3,0,-1.2230963375961688,-0.7053861568096994
CS,DR,7,1,0.2525509414337911,0.22248649334561882
CS,SC,12,0,0.4298613896272727,0.4958207530667509
CS,RC,1,0,-3.852673356653373,-1.2828262224921823
CS,TK,9,0,1.9393271038820847,1.9372156156608134
CS,CL,3,0,2.556096846924975,1.4741564305796402
CS,PC,4,0,3.3853047491719233,2.254412612408648
CS,PT,1,0,2.5142589988401203,0.8371738466431414
CS,AN,1,0,-8.668845505659677,-2.886469031741033
CS,CP,2,0,1.14710679497297,0.5401625731900267
CS,FL,5,0,-1.5754007449209269,-1.1729559103745206
CS,MN,1,0,1.0135602954650398,0.3374855859124573
CS,VG,1,0,0.9398018144312921,0.3129261943310555
CS,IN,3,0,2.149212792561113,1.2394975811067084
CS,FH,9,1,-1.3752609739167407,-1.3737636260264408
CS,ST,1,0,-2.949288734042825,-0.9820258754085973
CS,TX,2,0,-0.9836373163238415,-0.4631862231133749
CS,RM,1,0,3.404871736783717,1.1337215340681763
CS,CR,8,0,1.2048438219464082,1.1347008700615597
CS,SK,2,0,2.0167757583890737,0.9496820940934095
CS,CY,1,0,2.553011208713803,0.8500771858062266
CS,ET,6,0,-0.08854951967985573,-0.07222166131374884
CS,SP,2,0,2.784208567967296,1.3110595028829652
CS,SA,4,0,0.2836121042962537,0.188868876609596
CS,CH,19,0,0.3542634427860844,0.5141724212766601
CS,KC,10,0,0.8953041214613744,0.9427058953983761
CS,DW,7,0,-2.410775823543738,-2.1237895854894546
CS,CD,42,0,-0.2704737119816354,-0.5836538381513126
PA,DR,3,0,-1.4299533570702423,-0.824685081588348
PA,SC,2,0,1.1012783574283884,0.518582362125247
PA,TU,1,0,0.9032157315161677,0.30074411134684853
PA,TK,3,0,-0.4230240653146331,-0.24396714346864953
PA,CL,1,0,-1.5397976702268872,-0.5127070597065254
PA,EQ,1,0,-1.1247447913105095,-0.37450673294503045
PA,FL,3,0,1.5995853240620919,0.9225155121034277
PA,HS,1,0,-1.4421826406418685,-0.48020414340173206
PA,IN,2,0,1.8523885757066,0.872273605200868
PA,FH,8,0,0.3155174124021099,0.29714878878979784
PA,ST,1,0,0.23150619182853058,0.07708471133013939
PA,DL,2,0,0.8460538319884819,0.398399361721983
PA,TX,3,0,2.2368320149726935,1.290029484980306
PA,FX,1,0,-1.4421826406418685,-0.48020414340173206
PA,SK,3,0,1.698362802410591,0.9794826239243497
PA,ET,4,0,2.4858344948717845,1.655418655874407
PA,DY,1,0,-0.8077877979076813,-0.26896943328342
PA,SA,1,0,2.02223698810224,0.6733450765949698
PA,CH,1,0,4.867695530696844,1.6207985707124986
PA,DW,2,0,-5.53002848540033,-2.6040421254399204
PA,CD,5,0,1.0019278047393938,0.7459798049014047
PA,SD,1,0,-1.3795991948097257,-0.4593657078596309
SW,DR,7,0,3.388842784874406,2.9854244194293353
SW,SC,4,0,1.1407050661477418,0.7596420643639107
SW,RC,7,1,3.8954121943313993,3.431690233788987
SW,TU,1,0,-4.800900993524574,-1.598557966365431
SW,IM,1,0,-1.1118893590287875,-0.3702262544030368
SW,TK,9,-1,3.1240412720592485,3.1206398982860906
SW,CL,7,0,1.6311914830208845,1.4370093850063868
SW,PC,4,-1,5.6058772907344885,3.7331825062244146
SW,PT,1,0,6.448051002075191,2.1470101780479753
SW,CP,1,0,8.696307188121118,2.89561295937623
SW,EQ,1,0,-1.2258502113477714,-0.40817184598553763
SW,FL,8,0,1.6273770628766284,1.5326352972298118
SW,MN,5,0,4.262409796733847,3.173553636835539
SW,FS,1,0,3.7533651437371156,1.249759526241433
SW,DT,1,0,-2.0097789686999197,-0.6691969247818882
SW,LL,3,0,4.909993299831101,2.8316995131684903
SW,HS,2,0,-1.7597759561309196,-0.8286631313381905
SW,VG,1,0,4.557168019064857,1.5174020982244212
SW,IN,4,2,4.162189449634484,2.771771844997243
SW,FH,1,0,2.994039721853477,0.9969266301135847
SW,DS,2,0,1.606678177586342,0.7565707242748493
SW,ST,1,0,2.674555825207932,0.8905479464462788
SW,MI,4,0,1.6424507787572837,1.0937750144345368
SW,DL,4,0,0.6996317441854407,0.4659133357252196
SW,TX,3,0,1.8753804004092212,1.0815725078539713
SW,RM,1,0,4.184434908660968,1.3932930020843506
SW,FX,2,0,-1.387309293516002,-0.6532718323002346
SW,CR,7,0,0.6058759506046231,0.5337505965615456
SW,SK,10,0,-0.27422774970372205,-0.2887467064326276
SW,CY,3,0,-1.3338023102829686,-0.769232689751575
SW,ET,11,0,0.44679940875506774,0.4934175262553667
SW,DY,2,0,5.980163329683577,2.8160066930251553
SW,UP,5,0,-0.509037185706443,-0.37900082090208326
SW,LD,1,0,5.637480957056503,1.8771143388066536
SW,SA,3,0,0.2852000948264319,0.164481073671403
SW,CH,25,0,1.0154000651594952,1.6904908738984812
SW,KC,9,0,-0.3751399345408532,-0.3747314920705108
SW,SE,79,0,0.38586698813417525,1.1419755618307545
SW,DW,8,0,1.6737101790384974,1.576271016867402
SW,CD,35,0,0.26763703579175974,0.5272127112645457
SW,SD,4,0,1.418413888944241,0.9445797048651768
DR,SC,139,1,0.4590557052152395,1.8020980995323106
DR,RC,9,0,0.3316381189139105,0.33127704007351805
DR,TU,4,0,-0.7774449214179187,-0.5177323065896293
DR,IM,2,0,2.467994000709835,1.1621568243542537
DR,TK,70,0,1.2326276770766218,3.433891544383152
DR,CL,46,1,-0.5591301128806534,-1.2626920254371963
DR,PC,74,0,0.7129377078307135,2.042081564684843
DR,PT,43,0,0.17010551806698598,0.3714139992549078
DR,PP,2,0,1.1549783832707232,0.5438692353845497
DR,AN,10,0,2.6230888668967256,2.761968005844897
DR,CP,11,0,1.504198957799259,1.6611439366520713
DR,EQ,35,0,-0.10101916341173456,-0.1989955794960144
DR,FL,104,0,-0.022568918090352073,-0.07663603891802599
DR,MN,67,0,-0.059676774560977336,-0.16264787095843766
DR,FS,14,0,1.1666051121916536,1.4534280328911815
DR,DT,13,0,-1.317389850290343,-1.5815816903243294
DR,LL,18,0,0.7469494878446798,1.0551959743381922
DR,HS,23,0,-0.3897938624103635,-0.622450118361477
DR,VG,28,0,0.0736666106138413,0.12979421719104905
DR,RH,18,0,1.6132412608911197,2.278983668682227
DR,IN,32,0,0.4822011561219055,0.9082572553051672
DR,FH,17,0,2.8679478369387543,3.9373257578370326
DR,DS,9,0,0.6021932042294718,0.6015375521452437
DR,ST,2,0,-1.1048578563379412,-0.5202679169054891
DR,MI,5,0,-0.9721530444132244,-0.7238111717982649
DR,DL,37,0,-0.0006723136038222319,-0.00136169047734301
DR,TX,6,0,-1.5364347060260364,-1.2531278246396294
DR,RM,20,0,-0.6009375235504921,-0.8948494182028037
DR,FX,38,0,0.8096501880648266,1.6618616223196472
DR,CR,50,0,0.545055930539692,1.2833103912515051
DR,SK,111,0,0.5902502432406802,2.0706338213308078
DR,CY,5,1,0.5142161492152326,0.3828567895353555
DR,ET,142,0,0.340956644767361,1.3528478947347526
DR,AT,52,0,0.7301872538020979,1.7532407599270354
DR,DY,42,0,0.34116040128783975,0.7361882830609782
DR,UP,60,0,-0.04997617742613591,-0.12889744215047522
DR,SP,27,1,0.9454712956580509,1.6358213407674793
DR,LD,3,0,-1.498087393451564,-0.8639794565232036
DR,SA,76,0,0.25707114184710894,0.7462180709608108
DR,CH,63,0,0.4932484328632894,1.303591824520024
DR,KC,32,0,0.3347305910964858,0.6304868498886605
DR,RE,25,0,1.4689578157532788,2.4455974220197665
DR,SE,37,0,-0.24087872166582805,-0.4878709275287003
DR,DW,105,0,-0.27495949392837654,-0.9381429270407428
DR,CD,352,0,0.05381135992263988,0.3361637956413459
DR,RN,7,0,-3.8335225974458305,-3.377168166646925
DR,SD,94,0,-0.868091563366832,-2.8024321175103517
SC,RC,25,0,0.009406898895846005,0.015661094853894362
SC,TU,7,0,-2.0020212324331577,-1.7636944098436458
SC,IM,15,0,-0.8476327218551281,-1.0930977053182245
SC,TK,66,0,0.6560624714597959,1.7746912282444152
SC,CL,18,0,-0.3545422981355778,-0.500852616961785
SC,PC,76,0,0.5105582287068767,1.4820324591914076
SC,PT,20,0,-0.12774186036813923,-0.19021899107781146
SC,AN,8,0,2.0987337791483167,1.976550820819254
SC,CP,12,0,-1.027235643438997,-1.1848581021630271
SC,EQ,20,0,0.7037083820979086,1.0478843667212603
SC,FL,80,0,0.42471796210399304,1.2648856375070585
SC,MN,26,0,-0.07570510979871473,-0.12853384724959196
SC,FS,14,0,0.287491432600498,0.3581744182250455
SC,DT,6,0,0.20900128273417054,0.1704630348119232
SC,LL,6,0,2.007710558090288,1.6375039917401242
SC,HS,19,0,-0.4758048399988595,-0.690575704660253
SC,VG,22,0,0.8490803946604554,1.3260679932826906
SC,RH,8,0,0.5706220431502814,0.5374018748694962
SC,IN,14,0,1.6940163158629074,2.110509182515656
SC,FH,14,0,-0.6766554636611178,-0.8430187809193153
SC,DS,5,0,-1.4188623124414217,-1.0564060863570042
SC,ST,3,0,1.8534919581716194,1.068948968992856
SC,MI,5,0,3.3783532816266346,2.5153342486301886
SC,DL,15,0,1.7386905148305851,2.2421958980775476
SC,TX,4,0,-0.4697806315293523,-0.3128460978421905
SC,RM,13,0,-0.20062599779559825,-0.24085991299131043
SC,FX,56,0,0.016718054743839108,0.041656751142563696
SC,CR,24,0,0.22478593842116493,0.3666742399380799
SC,SK,79,0,0.41392417030518613,1.225010953192056
SC,CY,3,1,-0.21524673996828914,-0.1241374583546327
SC,ET,214,0,0.428179627307501,2.0856360539763275
SC,AT,45,0,0.7845554797557256,1.752409328159329
SC,DY,31,0,-0.3528093884521585,-0.6540735990060489
SC,UP,24,0,2.1344845546286435,3.481803653846066
SC,SP,25,0,-0.2954394995151207,-0.4918630546286173
SC,LD,4,0,-0.9991535064526753,-0.6653771029713706
SC,SA,17,0,0.09405378131238862,0.12912381843685092
SC,CH,39,0,-0.08158542560484235,-0.16964869618036235
SC,KC,19,0,0.6923398695593321,1.004851260627087
SC,RE,19,0,1.4029044827461774,2.0361536291766
SC,SE,6,0,0.16651906970810415,0.13581421896154122
SC,DW,41,0,0.03906510225218229,0.08328878621454251
SC,CD,224,0,0.22380256176785066,1.1153077033758656
SC,RN,7,0,-1.4466508536284626,-1.2744370450253175
SC,SD,13,0,-1.1268471605466492,-1.3528272109594262
RC,TU,6,0,0.7558347579389094,0.6164645736575517
RC,IM,2,0,-0.22259282154595095,-0.10481701598038434
RC,TK,21,0,0.5728824401449573,0.8741396045775307
RC,CL,7,0,-0.12997523935766256,-0.11450258336900675
RC,PC,39,0,0.9413262813940155,1.9573934331394263
RC,PT,4,0,0.8521197221738459,0.5674613044573824
RC,AN,6,0,2.6815192985771787,2.187067522085941
RC,CP,6,0,2.1598562743013083,1.7615951943379151
RC,EQ,9,0,-1.0503246222518132,-1.0491810564944137
RC,FL,41,0,0.013731554930890765,0.02927637397821782
RC,MN,20,0,0.8338069401276762,1.2416126902150741
RC,FS,5,0,0.33615374988157976,0.25028141505541046
RC,DT,7,0,-1.385456120590025,-1.220527122980887
RC,LL,14,0,1.3228082250506576,1.6480354288999555
RC,HS,12,0,-1.3064123886981778,-1.5068726571179512
RC,VG,12,0,0.024373030528494266,0.02811290951633359
RC,RH,2,0,-0.3406073653826207,-0.16038903416737874
RC,IN,11,0,1.114557671218197,1.2308482917059982
RC,FH,6,0,0.7149845004476489,0.5831467931458139
RC,DS,5,0,-0.2055269784143027,-0.15302397491539396
RC,ST,3,0,5.419852466953071,3.125746341169954
RC,MI,10,0,1.1605696931721705,1.222015922353029
RC,DL,9,0,1.0090679010927444,1.0079692545656291
RC,TX,1,0,2.401354998371093,0.7995801554531491
RC,RM,5,0,-0.7838667805411319,-0.5836236755290585
RC,FX,11,0,0.45605231752359415,0.5036358642069635
RC,CR,7,0,0.0281584680873544,0.024806396631003647
RC,SK,23,0,-0.6298572048821643,-1.005800063924528
RC,CY,4,1,2.5335290619480992,1.687180414867158
RC,ET,86,1,-0.6422680378782961,-1.9832212858001124
RC,AT,22,0,-0.9630843223911092,-1.5041158679278097
RC,DY,30,1,0.3151688899858084,0.5747905359999712
RC,UP,8,0,0.7892902624768234,0.7433397849994581
RC,SP,5,0,0.57901528204321,0.43110262544901984
RC,LD,4,0,-4.948639416634261,-3.2955009790039678
RC,SA,20,2,-0.4276961464184021,-0.6368776000687382
RC,CH,42,0,0.5661753340881606,1.2217468543841092
RC,KC,25,0,0.14114169648599584,0.2349800418799925
RC,RE,24,2,-0.6792568410594901,-1.1080140851674318
RC,SE,11,0,2.083042818503006,2.300383157295533
RC,DW,36,0,-0.11404376128701749,-0.22783918689287525
RC,CD,164,0,-0.44269021398627334,-1.8876761337499415
RC,RN,5,0,-3.7776169745088977,-2.812603822657027
RC,SD,9,0,-0.8910383705038323,-0.89006823141783
TU,TK,9,0,-0.6170201588404992,-0.6163483635589962
TU,CL,5,0,-0.3959722917828804,-0.29481897954452607
TU,PC,8,0,0.2790844502988399,0.2628368613478533
TU,PT,2,0,0.061489486954176636,0.028954862479116668
TU,AN,3,0,1.7563126887840008,1.0129035789055711
TU,EQ,1,0,4.577170096436652,1.5240621981035205
TU,FL,9,0,1.2833699177298854,1.2819726183988978
TU,MN,3,0,0.7513004992816187,0.4332912751901689
TU,FS,2,0,3.639602861519238,1.713857206394058
TU,DT,3,0,-0.2842369310250467,-0.16392559623977845
TU,LL,1,0,1.5821239262357085,0.5268004504722557
TU,HS,2,0,-0.2226828636914906,-0.10485941604046889
TU,VG,2,0,0.6695385963332818,0.31527987858702033
TU,RH,1,0,1.6391579508450456,0.5457910929612614
TU,IN,2,0,2.493159585907003,1.174007078677135
TU,DS,1,0,3.0315072862123498,1.009402220334456
TU,RM,3,0,3.4280699965793158,1.9770422376655945
TU,FX,15,0,0.25273472619345577,0.32592388440557807
TU,CR,6,0,-0.22697954859107586,-0.18512624509719966
TU,SK,13,0,-1.4352316055768493,-1.72305565300572
TU,ET,36,0,1.0849668801647763,2.1675711936605757
TU,AT,2,0,-2.1122521209084515,-0.9946410795020053
TU,DY,4,0,0.7858905671051537,0.5233566067835468
TU,UP,3,0,-1.143602544343007,-0.6595403639727441
TU,SP,1,0,8.078070446202565,2.68975841869174
TU,SA,9,0,-1.3351815897886519,-1.3337278792751166
TU,CH,11,0,1.1612665665201876,1.2824306956269114
TU,KC,8,0,-0.5074395454504181,-0.4778977019577922
TU,RE,1,0,-1.3661048354446963,-0.4548724855055225
TU,SE,1,0,-4.800900993524574,-1.598557966365431
TU,DW,7,0,-1.84649440411405,-1.6266819779855932
TU,CD,52,0,0.24220061422586156,0.5815439624959997
TU,RN,1,0,-11.593409838777378,-3.8602624132665486
TU,SD,3,0,-3.5569308606416334,-2.0513590897974066
IM,TK,12,0,1.6160043975048914,1.863969494968619
IM,CL,10,0,-0.6941477726068809,-0.7308993467449255
IM,PC,7,0,1.7020753326693323,1.4994550011406496
IM,PT,9,0,-0.29866043898465855,-0.29833526537273225
IM,AN,2,0,-2.6494375895432913,-1.2475970259663647
IM,CP,2,0,2.175348625799835,1.0243526726952354
IM,EQ,5,0,0.6612495548455793,0.49232969838894747
IM,FL,16,0,0.35484824901322154,0.4726158661268014
IM,MN,15,0,-1.2840906540323824,-1.6559489872823432
IM,FS,7,0,2.9921763918602617,2.6359784252519254
IM,DT,1,0,2.355109574306509,0.7841817976977822
IM,LL,2,0,-1.878375373556866,-0.8845105613912456
IM,HS,8,0,0.575327283221504,0.541833187796046
IM,VG,5,0,0.10839818994726583,0.0807072727256627
IM,RH,2,0,-0.7411204043201375,-0.3489871269140477
IM,IN,9,0,0.1591448112833601,0.15897153860861193
IM,FH,3,0,-0.9736468193034016,-0.5615232151771636
IM,MI,10,0,-1.4062626518315833,-1.4807170665050726
IM,DL,1,0,5.34676312505303,1.7803139034424453
IM,TX,4,0,0.9886229487736476,0.6583643747810641
IM,RM,6,0,0.6170061180598836,0.5032348797389258
IM,FX,3,0,-0.44757261976082047,-0.2581248266729525
IM,CR,6,0,-4.616477971508219,-3.7652345233047804
IM,SK,11,0,0.9694535367414724,1.0706042947803431
IM,CY,1,0,1.5697441048997136,0.5226783363012848
IM,ET,25,0,0.4716674287612196,0.7852564828334525
IM,AT,33,0,-0.06670257042349408,-0.12758663378822832
IM,DY,8,0,-1.584504709917588,-1.4922588639377188
IM,UP,17,0,0.5234306176874189,0.7186033256661475
IM,SP,13,1,-0.8789794859775687,-1.0552516864210153
IM,LD,2,0,1.7901326793867374,0.8429578472437539
IM,SA,10,0,1.494997249838534,1.5741497076174775
IM,CH,9,0,-1.1073793793945637,-1.1061736939218088
IM,KC,3,0,-3.702399478725212,-2.1352539934875465
IM,RE,4,0,3.404999319374296,2.267528030591031
IM,SE,3,0,0.8733285608590249,0.5036675020932733
IM,DW,9,0,-0.36336339984867444,-0.3629677793588222
IM,CD,63,0,-0.025444444176864017,-0.06724637565672582
IM,RN,3,0,0.48955470609132173,0.28233680542004513
IM,SD,4,0,-1.3970889244835205,-0.930378540597418
TK,CL,27,0,0.2839423830912331,0.49126717219451427
TK,PC,125,1,0.2780396150949313,1.0350642872783
TK,PT,55,1,-0.1270111736244151,-0.3136381713864044
TK,PP,1,1,2.0696661353915085,0.6891375791563521
TK,AN,29,2,0.9533040508446218,1.7093699961735676
TK,CP,11,1,-1.8274856503813977,-2.0181616877937323
TK,EQ,51,1,0.12001736591824484,0.28538741532710793
TK,FL,119,0,0.5216518585911262,1.8947847428929827
TK,MN,68,0,-0.26094531087754497,-0.7164891081154561
TK,FS,25,0,0.9216159266590935,1.5343541592268535
TK,DT,20,0,-0.44683002070077354,-0.6653696405863363
TK,LL,29,0,-0.46406533645876374,-0.832115799470252
TK,HS,50,0,0.09659543743222745,0.22742974006634525
TK,VG,32,0,0.393353437902801,0.7409067965488845
TK,RH,18,0,0.29173198778612747,0.41212213691431204
TK,IN,33,0,0.2644157187994169,0.5057662885871315
TK,FH,14,0,0.3751988468734449,0.46744568170958173
TK,DS,7,0,-0.25537895416760875,-0.2249778506643117
TK,ST,1,0,4.591230129550735,1.528743773077092
TK,MI,5,0,1.162003508010257,0.8651632843203771
TK,DL,25,0,-0.13229932935541247,-0.2202588088893652
TK,TX,10,0,1.1300759752225027,1.1899077180069515
TK,RM,15,0,-0.037481813811934134,-0.048336129095300176
TK,FX,34,0,0.7520906003686795,1.4602097996459276
TK,CR,14,0,0.7965199103160208,0.9923532430218652
TK,SK,104,0,0.40649060975476076,1.380297897500677
TK,CY,11,0,-0.3248948672759547,-0.35879371942554966
TK,ET,225,0,0.3496483749399762,1.7463384350382722
TK,AT,81,0,0.3441215336863424,1.0312405896991952
TK,DY,66,1,0.14692051526914315,0.3974294538096839
TK,UP,64,0,0.628339999745432,1.673749012585584
TK,SP,47,0,-0.29112540020656036,-0.6645607182364832
TK,LD,13,0,0.3328662225217724,0.3996198412731299
TK,SA,56,2,0.5024686700065212,1.2520124299216167
TK,CH,69,0,0.13254493514742666,0.3666007268096334
TK,KC,28,0,0.2896180660129657,0.5102820646871934
TK,RE,37,0,-0.4280865243691198,-0.8670378531659587
TK,SE,11,-1,0.1356255453385501,0.1497764315858071
TK,DW,42,0,-0.48690699777888163,-1.0506941173479827
TK,CD,268,0,-0.17294576085791444,-0.9427205140279353
TK,RN,3,0,0.016222451620403033,0.009355839316007792
TK,SD,21,0,0.07590840138428834,0.11582575293001564
CL,PC,29,0,0.760840255559925,1.3642630633771866
CL,PT,28,0,0.2187362836629118,0.3853944748202184
CL,AN,2,0,1.5167138821909973,0.7142073231434646
CL,CP,3,0,3.3512784937844295,1.9327549142822333
CL,EQ,24,0,-1.2186065349032889,-1.9878095049346238
CL,FL,33,0,0.03600789643844341,0.06887480148378182
CL,MN,29,0,-0.46704846066794714,-0.8374648410625113
CL,FS,10,0,0.14495904784985478,0.15263388799812308
CL,DT,6,0,0.22064938234471923,0.17996331339122343
CL,LL,1,0,-2.720438571925969,-0.9058255433773078
CL,HS,17,0,-0.4512164901272897,-0.619462559972961
CL,VG,10,0,0.2744729307500721,0.2890048685613319
CL,RH,5,0,-1.5170543961844356,-1.1295144591628956
CL,IN,7,0,0.6290215310214844,0.554140855232375
CL,FH,6,0,-0.3984973280273955,-0.32501744970815094
CL,DS,1,0,3.889432865361804,1.2950660511336811
CL,ST,7,0,1.3811003868230713,1.2166899092835042
CL,MI,4,0,-1.2075669145755858,-0.8041680983706151
CL,DL,13,0,-0.24197255767682024,-0.2904981898093891
CL,TX,4,0,1.2228360863061774,0.8143364630765988
CL,RM,7,1,-2.487179120368226,-2.191097596673333
CL,FX,21,0,0.2361685569174715,0.36036065079119495
CL,CR,2,0,-0.8963146655967573,-0.42206674938937233
CL,SK,38,1,-0.23134344451729477,-0.47484802410463217
CL,CY,3,0,-0.680182839191294,-0.39227617982081636
CL,ET,107,0,0.24375815394167583,0.8395695526454554
CL,AT,26,0,0.2619422425787828,0.44473146245154027
CL,DY,28,0,0.46809938565108056,0.8247507632281016
CL,UP,13,0,0.06087898767812268,0.07308777444731245
CL,SP,10,0,-2.184073713649046,-2.299709245703956
CL,LD,5,0,-1.3476917313430117,-1.0034164238769607
CL,SA,32,1,0.15179972730309865,0.28592466427336694
CL,CH,27,0,-0.2560678232107683,-0.44303958440166746
CL,KC,3,0,-1.04255735480678,-0.6012654139789031
CL,RE,5,0,-1.2479083295766185,-0.9291232440390642
CL,SE,8,0,-1.3217361692768281,-1.2447880413640535
CL,DW,21,0,-0.01572632925845558,-0.023996209826162566
CL,CD,98,0,-0.8179566252664606,-2.69618042695424
CL,RN,4,0,-4.5042045592600735,-2.9995336667247727
CL,SD,12,0,-1.100653825868036,-1.269541815050854
PC,PT,18,0,0.3815146421162366,0.5389557407338897
PC,AN,3,1,0.6523808617933742,0.37624217711341573
PC,CP,10,1,1.0602833910809157,1.11641997350962
PC,EQ,14,0,-1.165225670969166,-1.451709440608723
PC,FL,97,1,0.5189866246532174,1.70195342731841
PC,MN,126,1,0.22879406340360303,0.8551369320296164
PC,FS,16,1,0.9299786938851454,1.2386215434689183
PC,DT,19,0,-0.457499931073306,-0.6640082460777884
PC,LL,29,1,1.9461253741301163,3.4895984343952895
PC,HS,34,0,-0.21737370921786628,-0.42203854193858514
PC,VG,53,1,0.46152995752217385,1.1187768469089323
PC,RH,32,0,0.8510762313193395,1.6030574628447125
PC,IN,59,1,1.0531093022017632,2.693426285011324
PC,FH,14,0,0.8663093917901209,1.0793012494341094
PC,DS,6,0,1.5537707936244447,1.2672672694560934
PC,ST,2,0,3.0963443876480996,1.458041534793546
PC,MI,6,0,1.529665657748491,1.2476069374130834
PC,DL,12,0,0.6038675998197665,0.6965270557443239
PC,TX,2,0,1.9477550015803828,0.9171808224030225
PC,RM,21,0,0.4565175688704551,0.6965828574430393
PC,FX,27,0,0.6851102883443718,1.1853538395082228
PC,CR,10,0,-0.944084862351021,-0.9940693270147851
PC,SK,135,0,0.6717840890214934,2.598975808431076
PC,CY,10,0,0.7740645335828473,0.8150472914569579
PC,ET,192,1,0.19417789761868767,0.8958928040473427
PC,AT,76,1,-0.14796521478171906,-0.4295087980329761
PC,DY,58,0,0.261496829337879,0.6631107422929124
PC,UP,45,0,0.8322945008199715,1.8590408003609207
PC,SP,58,0,0.6817496236218639,1.7287991602899435
PC,LD,10,0,-0.30594929477915145,-0.3221477450706953
PC,SA,50,0,-0.3467260285487259,-0.8163512961199555
PC,CH,63,0,0.5557897808144077,1.4688805197324357
PC,KC,23,0,0.519961452417272,0.8303108355764903
PC,RE,27,0,0.5914199556404541,1.0232541053708644
PC,SE,5,0,3.4687771640821006,2.582658850136882
PC,DW,18,0,0.22211316319050273,0.31377344714757444
PC,CD,383,0,-0.2959399901597604,-1.9284513239580365
PC,SD,10,0,-0.045943780014937,-0.048376268173848415
PT,AN,2,0,-0.5962174931347969,-0.2807536113324023
PT,CP,6,0,1.7160352896386286,1.3996114257739567
PT,EQ,5,0,0.5134044005997291,0.3822524065938323
PT,FL,77,1,0.10089394086023767,0.29479226743277903
PT,MN,91,1,0.21936480525645358,0.6967761654207322
PT,FS,53,1,0.041944398705324605,0.10167578802678182
PT,DT,12,0,-0.7523171487265131,-0.8677551979023903
PT,LL,22,1,0.665111885772108,1.0387515590051846
PT,HS,43,1,-1.1505523704746732,-2.512153997861102
PT,VG,47,0,0.1341834163487425,0.306304525406835
PT,RH,21,0,0.2589927852572984,0.3951872758326523
PT,IN,51,0,0.6697534750898572,1.5925963022088474
PT,FH,12,1,0.43197363284812135,0.4982571059230272
PT,ST,3,0,5.66437716955146,3.266769034893252
PT,MI,2,0,1.8845544365383402,0.8874202281935027
PT,DL,4,0,-1.0963007511078935,-0.7300714185023562
PT,TX,7,0,-1.3608505473806873,-1.1988506735920033
PT,RM,7,0,0.1564096048250705,0.13779011990825166
PT,FX,9,0,1.6288134366782643,1.6270400275512995
PT,CR,27,0,-0.4125561678410885,-0.7137902406122149
PT,SK,79,0,0.6149883582699848,1.8200615692745707
PT,CY,7,0,0.5947488340699035,0.5239480865221727
PT,ET,69,0,-0.26946884112322667,-0.7453130736262802
PT,AT,69,1,0.007068369822473885,0.019550120956308113
PT,DY,21,0,0.14827839398153414,0.22625238198889921
PT,UP,10,0,0.44806882458670766,0.47179177706972436
PT,SP,48,1,-0.3801722407291796,-0.8770142713066623
PT,LD,7,0,-0.11926872871707252,-0.10507060899239602
PT,SA,18,0,0.04576538220102271,0.06465155656229543
PT,CH,50,0,-0.38980347795709863,-0.9177752699856062
PT,KC,17,0,-0.07690026175789756,-0.10557422889775041
PT,RE,8,0,-0.08032913179053214,-0.07565257344869455
PT,SE,2,0,2.409211400934876,1.13447661141123
PT,DW,15,0,-0.056708958394684574,-0.07313124032841553
PT,CD,166,0,0.33046758976482027,1.4177137657041101
PT,RN,2,0,-3.2434509006253345,-1.5273127072170933
PT,SD,6,0,1.2986782713165352,1.0592118693093788
PP,FL,1,0,0.0762135804254844,0.02537686702948396
PP,MN,4,0,-0.3794849259313043,-0.2527145018325931
PP,LL,1,0,-0.6337415087559066,-0.21101716923648875
PP,VG,3,0,1.2263464764022365,0.7072605822748398
PP,IN,4,0,2.6866640514373286,1.789159254967161
PP,MI,1,0,2.751585762234872,0.9161966360670664
PP,RM,2,0,4.2100272051452245,1.9824650488491322
PP,CR,1,0,2.2337431861159622,0.7437703818088315
PP,SK,3,0,2.2257550679252724,1.2836411696311478
PP,ET,2,0,1.9348079193600558,0.9110841544396883
PP,SP,1,0,-2.243172742945558,-0.7469101452010732
PP,LD,1,0,0.6452784878283342,0.21485864187441558
PP,RE,1,0,-5.143751971716968,-1.7127171967275778
PP,DW,2,0,-0.05784205697761213,-0.02723731955259434
PP,CD,19,0,0.5724993369293078,0.8309165855026442
AN,CP,7,1,2.41894205306228,2.1309836816948415
AN,EQ,7,0,0.9534114706922042,0.8399144094475988
AN,FL,17,1,1.2986016655161325,1.7828140808392008
AN,MN,19,0,1.1039040604994,1.6021890917682025
AN,FS,8,0,1.6656991615899108,1.5687263805390979
AN,DT,3,0,0.6818738078282146,0.3932513980693048
AN,LL,3,0,2.0593648775780626,1.187680341941543
AN,HS,10,0,-0.6175898656479373,-0.6502880901902777
AN,VG,8,0,0.5583226555093659,0.5258185263863497
AN,RH,5,0,0.2772274006831251,0.2064081277080762
AN,IN,7,0,0.3582452230001398,0.3155985995166673
AN,FH,4,0,2.072264979793774,1.3800058348787028
AN,DL,1,0,6.157070886386903,2.0501224099780155
AN,TX,2,0,3.8092829599291522,1.7937580830847901
AN,RM,3,0,1.677527757970369,0.967466602395308
AN,FX,6,0,1.6244059562304274,1.3248778449737761
AN,CR,11,0,0.8896835601975174,0.982511285424228
AN,SK,9,0,2.1167367736172866,2.114432126424929
AN,CY,1,0,-1.0020386918398054,-0.3336492328434677
AN,ET,16,0,2.365001172521832,3.1499016287964263
AN,AT,13,0,1.791892378440178,2.1512418485295766
AN,DY,5,0,-0.11705571526555048,-0.08715318531269066
AN,UP,5,0,0.7540198662811755,0.5614013206136337
AN,SP,5,0,-0.8463092706838765,-0.6301148861670928
AN,LD,3,0,-1.0223180153212998,-0.58959294840347
AN,SA,5,0,1.2949032695855998,0.9641130666724143
AN,CH,7,0,3.0167925667606097,2.6576642142736095
AN,KC,3,0,0.6739878903327053,0.3887034185977873
AN,RE,5,0,1.021500760948849,0.7605527411802525
AN,DW,4,0,-1.3558024708449323,-0.9028842059065085
AN,CD,74,0,1.2031859686709812,3.4463093458564815
CP,EQ,6,0,0.03182290453571094,0.025955002824489874
CP,FL,19,0,0.8695676085382288,1.2620768296881086
CP,MN,9,0,-0.2008768505113704,-0.20065814109255609
CP,FS,3,0,-0.9272749471301783,-0.5347795518279398
CP,DT,2,0,-3.2743248524271777,-1.5418509815285286
CP,LL,2,0,3.5267365929184686,1.660709466060792
CP,HS,16,0,-1.1125888476392325,-1.4818366536463974
CP,VG,9,0,-0.47830288001876603,-0.4777821164532292
CP,IN,11,0,-1.4315142046336855,-1.5808754080894036
CP,FH,2,0,-5.308096414760314,-2.499536251291449
CP,ST,1,0,2.7956759663709767,0.9308773693618191
CP,MI,3,0,-0.17556979333784875,-0.10125490361442664
CP,DL,2,0,-1.6534240844971666,-0.7785829636528294
CP,TX,2,0,-3.2565416737581767,-1.5334770379764187
CP,RM,4,0,0.8109628565582551,0.5400532677204559
CP,FX,3,0,-0.15252303357529162,-0.08796333794121297
CP,CR,7,0,-0.9670186323995196,-0.851901732383162
CP,SK,22,0,1.1484184083723763,1.793565019067781
CP,CY,1,0,-2.904780543026812,-0.9672059648515734
CP,ET,20,2,0.030342554049549032,0.04518276155831481
CP,AT,12,0,-0.9812132919325661,-1.1317739277466943
CP,DY,3,1,1.6574108334760476,0.9558647361974506
CP,UP,5,0,1.561120421519154,1.1623235745766791
CP,SP,30,1,-1.5376540358324147,-2.8043027580495976
CP,SA,7,0,0.43567397510689954,0.38380999260259
CP,CH,20,0,1.5438765520259288,2.29896949385833
CP,KC,6,0,-2.3369189746809957,-1.9060088786170934
CP,RE,16,0,-1.347453827195763,-1.7946490066582543
CP,SE,3,0,0.5290687055908257,0.30512538501951925
CP,DW,10,0,-0.6312963154129689,-0.6647202263647278
CP,CD,109,0,-0.46295467754905745,-1.6093754223743781
CP,RN,5,0,-4.914488313452639,-3.659055089516361
CP,SD,3,0,-1.9467805301240075,-1.122750509575579
EQ,FL,50,2,0.5691899958582567,1.3401329943480165
EQ,MN,54,1,0.06442218964189673,0.1576296826305296
EQ,FS,27,1,0.12600797154042137,0.21801458161580442
EQ,DT,7,0,0.6848284372104267,0.6033043340614601
EQ,LL,14,1,1.2596241209148604,1.5693168057562943
EQ,HS,24,1,-0.2675672816953896,-0.43645981744700396
EQ,VG,26,1,0.011054392969444216,0.018768398343907144
EQ,RH,19,0,-0.227006131728355,-0.32947314991769044
EQ,IN,39,1,0.41830797565868494,0.8698294106604579
EQ,FH,40,0,0.25515883675489903,0.5373363841533765
EQ,DS,2,0,-0.9130492003594819,-0.4299468956827994
EQ,ST,2,0,0.8813029029456652,0.41499784144002755
EQ,MI,1,0,2.0065820131640115,0.6681324331902192
EQ,DL,6,0,1.05083795094774,0.8570714201880257
EQ,TX,2,0,-0.390368778240328,-0.18382124896427898
EQ,RM,5,0,-0.4720163691661111,-0.3514371767259136
EQ,FX,5,0,3.8740825560656793,2.884426737810226
EQ,CR,6,0,0.3108419015219455,0.253525017583429
EQ,SK,20,0,-0.7162434975220757,-1.066550268424565
EQ,CY,9,0,-0.900912144389188,-0.8999312549984966
EQ,ET,117,0,0.46850532738852785,1.6873808025478452
EQ,AT,32,0,0.5093380509942365,0.9593713626467454
EQ,DY,19,0,-0.46145946871974514,-0.6697550571029244
EQ,UP,3,0,-2.0381821609402677,-1.1754638103236907
EQ,SP,2,0,-1.5017568307508926,-0.7071641782256343
EQ,LD,1,0,-3.4639607778262067,-1.1533964362189952
EQ,SA,14,0,0.5548088211652796,0.691214777948319
EQ,CH,3,0,-2.297384745108344,-1.3249515563509622
EQ,KC,8,0,-1.9001026779782553,-1.7894835186399183
EQ,RE,12,0,-0.10088769063307716,-0.11636823392822351
EQ,SE,1,0,-2.0006664105304757,-0.6661627125631024
EQ,DW,14,0,-1.0830271975766539,-1.3493015527630283
EQ,CD,80,0,0.11388989716724243,0.33918437183668715
EQ,RN,1,0,0.6883353721316394,0.22919531024203227
EQ,SD,4,0,-0.788558244927857,-0.525133122333828
FL,MN,30,0,-0.515193589218136,-0.939586389074682
FL,FS,18,0,-0.17194564935687323,-0.2429031145464374
FL,DT,21,1,0.054707318024753884,0.08347582330077205
FL,LL,57,2,0.8784708363892536,2.2083627624557565
FL,HS,42,1,-0.5562325752431528,-1.200291425983379
FL,VG,70,1,0.5002489753583461,1.3936087583587333
FL,RH,1,0,-0.4076991758120745,-0.1357517612327483
FL,IN,69,0,1.1803102229710836,3.264572766366023
FL,FH,58,0,0.23435366270472577,0.5942803651909626
FL,DS,10,0,1.0518762327867566,1.1075676991846513
FL,ST,1,0,-4.327902433529699,-1.4410634424877196
FL,MI,9,0,-1.418141460193775,-1.41659742516054
FL,DL,28,0,0.5665628560030351,0.9982349095700369
FL,TX,15,0,-1.4849121657052125,-1.9149261691774353
FL,RM,9,0,1.6913783646002896,1.6895368364292978
FL,FX,12,0,0.8920792056051784,1.0289628103186261
FL,CR,51,0,0.0325963982719372,0.07751046509501004
FL,SK,72,0,1.056450458885465,2.984839776837712
FL,CY,13,0,-1.0519520043592792,-1.2629124391902196
FL,ET,247,0,0.21246646251706758,1.1118456545654936
FL,AT,81,1,0.3658095145857639,1.0962336924920295
FL,DY,44,0,0.7254107788606654,1.6021972500891257
FL,UP,29,0,-0.2350368572050471,-0.4214447125712697
FL,SP,61,0,-0.24502188114568987,-0.6371995004086833
FL,LD,4,0,3.5684959744558284,2.3764071267470253
FL,SA,26,0,0.4202972746257763,0.71359021656272
FL,CH,38,0,-0.09867006939633649,-0.20252697278229842
FL,KC,29,0,-0.14049803576786873,-0.2519271020091989
FL,RE,21,0,0.11811622383131141,0.1802290696289594
FL,SE,24,0,-0.7654525109231299,-1.2486177721916016
FL,DW,47,0,-0.092495385138938,-0.21114200113723916
FL,CD,279,0,0.024714477103652103,0.1374545648373272
FL,RN,3,0,-0.2782580558249316,-0.16047744937692154
FL,SD,21,0,-0.1714477254773971,-0.2616055868575886
MN,FS,17,1,1.158242048706,1.590118269740851
MN,DT,6,2,-0.8382912955283448,-0.6837167524657373
MN,LL,21,2,0.3861516555907982,0.5892141770651729
MN,HS,55,0,-0.5863032924560598,-1.4478024828549305
MN,VG,33,0,0.5172945253997698,0.9894651248640524
MN,RH,40,0,1.1656671854351885,2.454766601517522
MN,IN,52,0,1.0795831107042864,2.5921694792122074
MN,FH,9,0,-0.24033638108730038,-0.24007470917192675
MN,DS,4,0,2.3095682732988725,1.5380357841690482
MN,ST,2,0,0.7334448098933981,0.34537275652196203
MN,MI,8,0,-0.35601391396539683,-0.3352876867293475
MN,DL,16,0,0.3656070478978216,0.4869453127775015
MN,TX,14,0,-0.7659905054662391,-0.9543178423773436
MN,RM,8,0,-0.1873461602839226,-0.17643934193349342
MN,FX,17,0,0.0911132938979678,0.12508690511218157
MN,CR,31,0,-0.2965218871982906,-0.5497221567564695
MN,SK,71,0,0.15606768563947,0.43787263417168804
MN,CY,24,0,0.6473970816406044,1.056043961272751
MN,ET,120,0,0.2589898344881291,0.9446675132858371
MN,AT,77,1,-0.4396916591218177,-1.284692619384873
MN,DY,24,0,0.4997867938006327,0.8152598157833967
MN,UP,17,0,0.045593405723050526,0.06259391765384986
MN,SP,23,0,0.43964380911950646,0.70205400190532
MN,LD,4,0,-1.2559027680432915,-0.8363569161471496
MN,SA,38,0,-0.0970567944622966,-0.1992156171639675
MN,CH,33,0,0.4303311784737611,0.8231242983141462
MN,KC,20,0,0.3998045772404577,0.5953445729677109
MN,RE,23,0,-0.4681660263691973,-0.7476002744741561
MN,SE,10,0,-0.37320860820680757,-0.3929680951269461
MN,DW,35,0,0.21536664309448553,0.4242463360344965
MN,CD,232,0,-0.11252361844301803,-0.5706808785419237
MN,RN,4,0,-3.004958111972164,-2.001124261869425
MN,SD,19,0,0.2193687950888837,0.3183884389434534
FS,DT,6,2,0.559991797914394,0.45673356686373096
FS,LL,14,1,1.2529233867936453,1.560968621172714
FS,HS,12,0,-1.161984029014147,-1.3402827288510177
FS,VG,19,0,-0.41806722831408644,-0.6067762378984021
FS,RH,5,0,1.425963601229015,1.0616933116433565
FS,IN,12,0,1.2311310734425363,1.4200399260967431
FS,FH,13,0,0.8288675740523281,0.9950902373627595
FS,DL,2,0,-0.19860552658317698,-0.0935216082400218
FS,TX,7,0,0.5079079516615278,0.4474450123447837
FS,RM,2,0,0.7906325912137596,0.3723019833807071
FS,FX,1,0,-2.2339621051245135,-0.7438432753606004
FS,CR,11,0,0.010688198613906524,0.011803382942905428
FS,SK,23,0,0.13944651832322694,0.22267795931586415
FS,CY,1,0,-4.505985634655644,-1.5003598787649322
FS,ET,31,0,1.078850113549657,2.0000810626194423
FS,AT,25,0,0.99262277107481,1.6525700492861508
FS,DY,1,0,-0.10236435548057024,-0.034084301289703495
FS,UP,9,0,1.2131959576315443,1.2118750618582086
FS,SP,11,0,0.4081786062189737,0.4507671098135604
FS,LD,1,0,-2.142161035876837,-0.7132762358060099
FS,SA,3,0,-2.769543710845594,-1.5972558614224783
FS,CH,17,0,0.38689525969070426,0.5311577330469378
FS,KC,7,0,-0.14499299500942023,-0.12773257876681388
FS,RE,3,0,4.708483554461403,2.715484477216871
FS,SE,4,0,-3.321394521887123,-2.211852183399118
FS,DW,3,0,-3.0551601615656323,-1.7619770565582569
FS,CD,64,0,0.47162355139385825,1.2562934936139492
FS,RN,1,0,-5.373636970221816,-1.789262098654006
FS,SD,2,0,-0.14554345727780627,-0.06853514314332437
DT,LL,18,1,0.1407075421510331,0.19877385881234477
DT,HS,6,0,-0.04784558270258262,-0.03902322092539793
DT,VG,6,0,0.5013697247374381,0.4089209583955784
DT,RH,8,0,1.0213163132697658,0.9618578675226965
DT,IN,11,1,-0.9608379258020807,-1.0610897489828492
DT,DS,6,0,-0.8707605213197877,-0.710198899819075
DT,ST,2,0,3.4439114914256237,1.6217078489984902
DT,MI,3,0,-1.5479458214680484,-0.892733892164996
DT,DL,18,0,1.290681794122463,1.8233123597680485
DT,TX,1,0,-3.730752875959013,-1.2422303101957306
DT,RM,6,0,1.4298739218774132,1.1662160391219476
DT,FX,7,0,1.7709391819480718,1.5601210840201094
DT,CR,7,0,-0.520561419307396,-0.4585921719206251
DT,SK,21,0,0.289076507802607,0.4410908879652255
DT,CY,1,0,-0.6483152834974175,-0.2158698049697564
DT,ET,31,0,-0.06749623694152529,-0.12513132603809649
DT,AT,28,0,-0.49196922480135125,-0.8668073620205472
DT,DY,17,0,-0.37475461947611016,-0.5144901860232873
DT,UP,8,0,1.5379631795821709,1.4484268634712358
DT,SP,1,0,-7.296425571959679,-2.4294938053879047
DT,LD,1,0,0.8323814855661322,0.2771584035166631
DT,SA,6,0,0.5737010022723625,0.46791489814143644
DT,CH,8,0,-0.6113875795032764,-0.5757941450755569
DT,KC,1,0,2.038568799840686,0.6787830866257716
DT,RE,2,0,2.3536034883983223,1.1082913309673297
DT,SE,1,0,-2.1698251020317567,-0.7224875512223566
DT,DW,4,0,-1.4494757798263713,-0.96526508587469
DT,CD,53,0,-0.467129310706121,-1.132350021516054
DT,RN,1,0,-2.0394024700244358,-0.6790606741276494
DT,SD,7,0,0.3854963124936029,0.3396056347184653
LL,HS,6,0,1.5470358792072887,1.2617742220655317
LL,VG,8,1,-0.3143831412324476,-0.29608055201117345
LL,RH,3,0,2.295050962198645,1.3236056131845095
LL,IN,22,0,2.1351610448347973,3.3346297239517684
LL,FH,5,0,2.5522189331978633,1.9002404892314848
LL,DS,3,0,1.222850954609955,0.7052446391252201
LL,ST,1,0,-3.8235488054018703,-1.2731286087561973
LL,MI,2,0,0.3057604824523237,0.14397994127927985
LL,DL,6,1,1.507545826175492,1.2295658346498153
LL,TX,1,0,1.1136218860838227,0.3708031346447884
LL,FX,1,0,2.592045482644985,0.8630744439538419
LL,CR,8,0,2.337590643788104,2.201502044529806
LL,SK,17,0,1.2347933151362918,1.6952133726673937
LL,CY,1,0,-4.505985634655644,-1.5003598787649322
LL,ET,38,0,0.8507868883628298,1.7462974743726365
LL,AT,14,0,0.1759118471800691,0.21916174319590914
LL,DY,9,0,1.0821632359267077,1.080985005126149
LL,UP,4,0,0.8914824954954899,0.5936745819052706
LL,SP,8,0,-1.183066344212438,-1.114191221854573
LL,SA,9,0,-0.39557499238122507,-0.39514430075866663
LL,CH,10,0,0.2100861512122838,0.22120913837200398
LL,KC,5,0,3.180412873435595,2.367958812609763
LL,RE,8,0,1.6905510646731743,1.5921314688481443
LL,SE,3,0,4.177015808434503,2.408975513601606
LL,DW,6,0,0.7059046738490689,0.5757412175564592
LL,CD,74,0,0.5891281682682389,1.6874514539533705
LL,RN,1,0,1.8352485510263545,0.6110834602631503
LL,SD,9,1,0.14764802075939432,0.14748726548706123
HS,VG,15,0,0.2924463924772364,0.3771356063812935
HS,RH,6,-1,0.38904564235743466,0.31730858303368586
HS,IN,23,0,-1.1185694170420153,-1.7862099257487418
HS,FH,2,0,-3.3919847979357027,-1.5972560224591603
HS,ST,23,0,0.8792981299219129,1.4041247896015316
HS,MI,1,0,-2.675291400314454,-0.8907928711901918
HS,DL,4,0,1.22103075139204,0.813134216867879
HS,TX,6,0,-0.3926263462476581,-0.32022903234339983
HS,RM,8,0,-1.0300341360023153,-0.9700681607237571
HS,FX,8,0,1.0675723963118018,1.005421038713338
HS,CR,15,0,-2.6875925758117414,-3.465889413778697
HS,SK,39,0,-0.4292690871267851,-0.8926219407657423
HS,CY,5,0,-1.4179308485857527,-1.0557125700956151
HS,ET,47,0,0.28842373600121723,0.6583935479948528
HS,AT,37,1,-0.02544779736363482,-0.05154145794821447
HS,DY,15,0,0.6732498822155062,0.8682155400335226
HS,UP,12,0,-0.7014926271710334,-0.8091319924692489
HS,SP,15,0,-2.020805475440447,-2.6060082051386333
HS,LD,1,0,-7.730965204177562,-2.5741826443621565
HS,SA,14,0,-1.2488435542388434,-1.5558857161325403
HS,CH,12,0,-0.8845361397825456,-1.0202623113511502
HS,KC,17,0,0.9289281645828926,1.2752996210337308
HS,RE,20,0,-0.6031719863570549,-0.8981767320484011
HS,SE,6,0,-4.808532806265045,-3.9218759063368207
HS,DW,27,0,-1.408848585227167,-2.4375405072669554
HS,CD,97,0,-0.478955803948503,-1.5706772262365771
HS,RN,2,0,-2.4042630098624462,-1.1321464572646867
HS,SD,2,0,0.7517079324450355,0.3539727014575247
VG,RH,12,0,-0.07279961718714163,-0.08397023293484847
VG,IN,23,0,0.07787392821321179,0.12435453840613908
VG,FH,8,0,-0.16426871766240353,-0.15470540949805936
VG,DS,1,0,0.31645229724565804,0.10536925077584369
VG,ST,2,0,1.7729751767414164,0.8348785290677774
VG,MI,2,0,0.3038248227989886,0.1430684560507487
VG,DL,2,0,0.9858670601629111,0.46423619001701855
VG,TX,8,0,0.9919566607514116,0.9342074595192239
VG,RM,14,0,-0.43638721914870576,-0.5436778999833137
VG,FX,10,0,-0.7777898082764405,-0.8189698003915715
VG,CR,14,0,-2.0841955548564557,-2.5966183533729548
VG,SK,33,0,0.3545201878156633,0.6781153572672406
VG,CY,4,0,0.7977167931590357,0.5312321734307116
VG,ET,60,0,0.41863480562023664,1.0797335534388046
VG,AT,38,1,-0.11114861894409876,-0.22814003741358815
VG,DY,16,0,0.4611161506638355,0.6141521327414672
VG,UP,10,0,-0.07009530922701776,-0.07380649732765991
VG,SP,13,0,0.47387176937087183,0.568902905873601
VG,LD,1,0,1.9404467430441958,0.6461113452631079
VG,SA,9,0,-1.2432811784160966,-1.2419275266475533
VG,CH,11,0,-1.4267197970181573,-1.5755807619928357
VG,KC,4,0,1.6711378532620076,1.1128789082840864
VG,RE,6,0,-0.9645712310747339,-0.7867116277482522
VG,SE,2,0,2.3968696511583247,1.128664989209893
VG,DW,8,0,0.9220722903182115,0.868391579909075
VG,CD,121,0,-0.03890133825296596,-0.14248293950546842
VG,RN,1,0,0.013001560126809173,0.004329134790307681
VG,SD,2,0,-0.46074472142806744,-0.21696066608704148
RH,IN,14,0,1.455106897150172,1.812861209906925
RH,FH,9,0,-0.1416912376370171,-0.14153696795309992
RH,DL,2,0,1.3529244915006418,0.6370803292800783
RH,TX,2,0,2.9655618987534567,1.39645720276874
RH,RM,9,0,1.0925430631410444,1.0913535310582738
RH,FX,14,0,0.7845472658397368,0.9774369899317518
RH,CR,4,0,0.2313394242993555,0.15405836535555473
RH,SK,22,0,0.9814352524486076,1.532775793594742
RH,CY,13,0,0.8045965138545552,0.9659518130724121
RH,ET,39,0,0.08906318249045118,0.18519794038166945
RH,AT,7,0,0.29133183361281423,0.25665078772813404
RH,DY,10,0,1.4954292253962382,1.574604554071497
RH,UP,4,0,4.002462164613473,2.6654029262211
RH,SP,8,0,-0.1583247537161933,-0.14910748805917656
RH,LD,4,0,-1.1030223395612782,-0.734547598612415
RH,SA,9,0,0.6262771151969998,0.6255952411854712
RH,CH,5,0,-0.6530074414110325,-0.4861930784221249
RH,KC,3,0,0.06568600358357223,0.03788254138269058
RH,RE,4,0,1.1900511763068797,0.7925036533074995
RH,SE,2,0,0.13284825389050137,0.06255708272304855
RH,DW,5,0,0.7072513528658658,0.5265800826481337
RH,CD,43,0,0.10750709826305793,0.2347345445810216
RH,SD,1,0,4.806951254523369,1.600572524243475
IN,FH,29,0,0.6501957129021402,1.1658662756031355
IN,DS,1,0,-0.3592223626218398,-0.11961041692804789
IN,MI,1,0,-3.5959485185273183,-1.197344448195272
IN,DL,9,0,-1.0707500345138543,-1.0695842301060903
IN,TX,2,0,0.31577707277006983,0.14869666619481098
IN,RM,5,0,1.5913411731327813,1.1848242680259156
IN,FX,5,0,0.7487760330454492,0.5574970535839946
IN,CR,13,0,-0.09928079193636372,-0.11919074880745893
IN,SK,35,0,1.2248635793107698,2.4128336598380056
IN,CY,10,0,-0.18728386229526855,-0.19719958488579822
IN,ET,50,0,0.5598028620971616,1.3180313977508504
IN,AT,32,0,0.6081900704284416,1.1455655737406445
IN,DY,20,0,-0.41513478147009514,-0.6181726104894327
IN,UP,14,0,0.38548509560197874,0.4802609197872341
IN,SP,18,0,-0.030928797179766265,-0.04369230156296471
IN,LD,2,0,-2.0466310103576673,-0.9637406715486778
IN,SA,21,0,0.26520856272893784,0.40467169511390305
IN,CH,25,0,0.31861473341683166,0.5304463901586886
IN,KC,6,0,-1.5761153818478144,-1.285491685451774
IN,RE,4,0,-1.9775860198008015,-1.316955250853704
IN,SE,4,0,2.515510262744064,1.6751809609934791
IN,DW,27,0,1.1817324205337538,2.04459206901726
IN,CD,104,0,-0.31165939113639307,-1.0582847229396946
IN,SD,5,0,-2.0774604240124583,-1.5467616673222269
FH,ST,1,0,-2.569028824749801,-0.855410577965545
FH,MI,2,0,-1.4016533551783321,-0.6600263256843516
FH,DL,3,0,-0.059757629708715676,-0.03446351972824361
FH,TX,2,0,-3.4721603956031064,-1.6350100113055899
FH,RM,1,0,-0.31022355563728277,-0.10329526413626706
FH,FX,2,0,1.103466466680138,0.5196127236652758
FH,CR,10,0,-0.19352569544393633,-0.20377189117400957
FH,SK,13,0,2.9278784562749136,3.51504071245038
FH,CY,2,0,-2.7382300842251333,-1.2894086363739516
FH,ET,111,1,-0.009959179589439121,-0.03493740888166203
FH,AT,4,0,0.36801771600275707,0.2450780186774567
FH,DY,6,0,0.24821485039007787,0.20244591865350534
FH,UP,2,0,-3.349384182268543,-1.5771957645310444
FH,SP,6,0,0.5171499044100173,0.421791392881316
FH,SA,5,0,-0.5398753804159122,-0.40196122819297087
FH,CH,7,0,0.08140848873614333,0.07171736951223825
FH,KC,4,0,-0.18708556123239833,-0.12458791160383348
FH,RE,3,0,0.6288552606475167,0.3626744532401444
FH,SE,3,0,-0.7418320206260877,-0.42783059841078597
FH,DW,8,0,-1.191217801381381,-1.1218681218588629
FH,CD,55,0,-0.34073454224593847,-0.8414012382423713
FH,RN,1,0,-1.4311194460051506,-0.47652042696104097
FH,SD,1,0,-2.885147280880333,-0.9606686695288149
DS,ST,1,0,0.011071944867143222,0.00368663000849281
DS,MI,3,0,-4.1535278384237335,-2.3954294924192348
DS,DL,15,1,0.023158187081814895,0.029864539800987702
DS,TX,4,0,-0.9790265755800258,-0.6519737581707358
DS,CR,2,0,0.8302218487100516,0.39094421904140986
DS,SK,4,0,-0.7859308603842774,-0.5233834397227892
DS,CY,1,0,1.1307018588178026,0.3764902601481126
DS,ET,36,0,0.21198357188809033,0.42350553952772896
DS,AT,3,0,-1.2090071588304256,-0.6972606221672649
DS,DY,3,0,-3.439880536466285,-1.9838536318989306
DS,UP,1,0,-2.9786589991718944,-0.9918053045948406
DS,SA,4,0,-0.8602231517927199,-0.5728577090029479
DS,CH,16,0,0.03717304778475958,0.04951009966717498
DS,KC,4,0,-0.3351309332053418,-0.2231773676538902
DS,RE,1,0,4.7593926328855805,1.5847369105553382
DS,SE,3,0,0.5673225173161082,0.3271871870270795
DS,DW,6,0,-1.6884648510994171,-1.3771247665391078
DS,CD,31,0,-0.7478914058132876,-1.386516457546944
DS,RN,1,0,-3.1626116601361316,-1.0530560973137753
DS,SD,5,0,1.2341251686262218,0.9188610677943637
ST,MI,3,0,1.3045626258531342,0.7523695302503166
ST,DL,2,0,1.193456559362645,0.5619882725139228
ST,TX,1,0,-0.8271643337111094,-0.2754212463307862
ST,CR,1,0,-1.0971486687797387,-0.36531804074499113
ST,SK,4,0,-0.8393704243219928,-0.5589710266223951
ST,CY,1,0,-3.3092573934148035,-1.1018847870706163
ST,ET,11,0,1.5738778504845194,1.7380929795274205
ST,AT,2,0,2.4020424576855675,1.1311008186345068
ST,UP,2,0,1.8434682512921094,0.868073102326561
ST,SA,2,2,6.015515578188048,2.8326537581492692
ST,CH,3,0,-0.8183583567137719,-0.4719649944091508
ST,KC,5,0,-0.9064863314164245,-0.6749193838688833
ST,SE,3,0,2.797551388442099,1.6134084958909878
ST,DW,2,0,3.7018966506059865,1.743190807724218
ST,CD,21,0,0.8504669115612151,1.2976952297408242
ST,RN,1,0,-6.343001972745941,-2.1120319598094137
MI,DL,5,0,-2.466241770153892,-1.8362266680657968
MI,RM,2,0,1.163085765102802,0.5476869306954322
MI,FX,4,0,2.1883223685341724,1.4572931872222596
MI,SK,12,0,0.7852427662183393,0.9057330318133178
MI,CY,1,0,2.106541485331555,0.7014159795000964
MI,ET,26,0,-0.9822990114888511,-1.6677694733133683
MI,AT,7,0,-2.9788707128026313,-2.624256695535505
MI,DY,5,0,-1.1516280555953855,-0.8574382986162197
MI,UP,5,0,-2.7974363793323187,-2.082815782341932
MI,SP,5,0,0.7689653629487033,0.5725289074871179
MI,SA,2,0,4.363450873059301,2.054710914370897
MI,CH,6,0,-0.4157625720008171,-0.33909911392559516
MI,KC,3,0,-2.660693474152241,-1.5344795716333566
MI,RE,4,0,-1.8748301181163034,-1.2485259016751344
MI,SE,14,0,0.14811217021305825,0.18452720457875363
MI,DW,2,0,-0.0669625673992629,-0.031532088269644286
MI,CD,24,0,-0.4819816203890137,-0.7862157462409382
MI,RN,1,0,-0.3895316439533485,-0.12970251072307612
MI,SD,3,0,1.1701031733697222,0.6748238508801886
DL,TX,7,0,-2.1693930929578853,-1.9111418045018083
DL,RM,3,0,-0.6500560069761815,-0.37490138297134257
DL,FX,4,0,-2.516483665289469,-1.6758291894803967
DL,CR,3,0,0.7626619112513128,0.4398436476230592
DL,SK,21,0,-0.05680153349112832,-0.08667130731528207
DL,CY,1,0,-1.6683737478120058,-0.5555190888204224
DL,ET,48,0,0.4842230223759966,1.1170476316326148
DL,AT,25,0,-0.14145259626113701,-0.23549764400609705
DL,DY,22,0,0.4718754401793598,0.7369607424374238
DL,UP,20,0,0.6100208829014397,0.9083753481239355
DL,SP,9,0,1.1885409943564202,1.1872469422570822
DL,LD,1,0,-0.6754656569357846,-0.2249100759122811
DL,SA,23,1,0.802617278760073,1.2816754401258919
DL,CH,13,0,0.25848898862768643,0.3103268569086831
DL,KC,8,0,-0.3191085653482358,-0.30053087391840005
DL,RE,6,0,1.908437846171333,1.5565364133294288
DL,SE,12,0,1.0444102175644217,1.204668000148637
DL,DW,14,0,-0.04174917440096047,-0.052013676084808926
DL,CD,93,0,0.13785556645170455,0.4426611629877557
DL,RN,2,0,0.12018020483656344,0.05659180904124299
DL,SD,17,1,-0.9512862568352728,-1.3059944235638066
TX,FX,1,0,-6.778374692870418,-2.2569981924044806
TX,CR,2,0,-2.2248197794042897,-1.0476482069443294
TX,SK,15,0,-0.2917829490260523,-0.37628003710535685
TX,CY,1,0,2.6192323325032256,0.872126860464803
TX,ET,15,0,-0.5491984462403451,-0.7082401916195251
TX,AT,12,0,0.2830477437197664,0.32647953231311866
TX,DY,2,0,-1.0651514337094143,-0.5015705092071054
TX,UP,6,0,-0.5433888336686308,-0.4431920630261378
TX,SP,2,0,1.3563721644659592,0.6387038083742871
TX,SA,3,0,-1.0967377655092,-0.632512430673323
TX,CH,6,0,1.5994712849010664,1.304540937509687
TX,KC,2,0,-1.2529807329406766,-0.5900176860853741
TX,RE,2,0,-3.104544048516609,-1.4619026834969011
TX,SE,13,0,-2.821216229247777,-3.3869882416664603
TX,DW,5,0,-2.390293256380566,-1.779679622241558
TX,CD,21,0,-0.816983210739768,-1.2466037196075306
RM,FX,69,0,0.7871873669147983,2.1772500060099764
RM,SK,29,2,0.8520383512798411,1.5277904168943262
RM,CY,2,0,-0.37959015924680484,-0.17874569139937627
RM,ET,26,0,0.14271051404895596,0.24229713770246286
RM,AT,6,0,1.0857197612368437,0.8855212897956549
RM,DY,3,0,-1.212216315352488,-0.6991114122613203
RM,UP,7,0,-0.06244611267570198,-0.05501233356488849
RM,SP,8,0,0.7214109957943466,0.6794122770845168
RM,LD,1,1,4.445592018613827,1.4802505917432924
RM,SA,6,0,-1.7929529588193125,-1.4623460614071535
RM,CH,6,0,-0.04661712418092737,-0.03802128081765099
RM,KC,1,1,1.0092571926729261,0.3360527800167097
RM,RE,1,0,-3.8520957874287483,-1.2826339090313557
RM,SE,2,0,-5.208976366259092,-2.452861485970752
RM,DW,9,0,-0.9419148786063276,-0.9408893465196382
RM,CD,86,0,-0.11806095661112685,-0.36455340817921544
RM,SD,5,0,0.1832302443063012,0.1364230648686349
FX,CR,1,0,1.5245038786323735,0.507614679667379
FX,SK,64,0,0.8113932941752372,2.1613596547960987
FX,CY,29,0,0.5815053090147857,1.0426974761775412
FX,ET,125,0,0.36005770155269173,1.340394850242669
FX,AT,18,0,0.4393425086341771,0.620647652901029
FX,DY,4,0,0.3507881778303652,0.23360416594047118
FX,UP,3,0,-3.7409765384663096,-2.157502219629137
FX,SP,3,0,0.7856179776085325,0.45308290844450244
FX,LD,7,2,-0.20218315647163654,-0.1781146458672606
FX,SA,16,0,-0.0842564026855876,-0.1122195553809646
FX,CH,15,0,-0.3193497235809067,-0.41182984214708146
FX,KC,13,0,-0.2414186854857447,-0.28983324304667346
FX,RE,5,0,-2.26431220751713,-1.6858811291686318
FX,SE,1,0,1.3934217587774318,0.46396821263445864
FX,DW,228,0,0.1525957884444161,0.7672123944224024
FX,CD,110,0,0.17629646498602825,0.6156665890871953
FX,SD,26,0,-0.0077060527604302645,-0.01308351062484366
CR,SK,10,1,-1.1586470035440066,-1.2199914361432114
CR,CY,2,0,0.6992793617124755,0.3292845453070398
CR,ET,49,0,0.23458948258486165,0.5467794913958142
CR,AT,16,0,-1.0526159772422172,-1.4019598889572198
CR,DY,3,0,0.9419939414157236,0.5432683147258732
CR,UP,6,0,-2.5380899697118102,-2.070085471260323
CR,SP,14,1,-2.2439802666092707,-2.795687924440312
CR,LD,2,0,-0.37750939756066415,-0.1777658788906312
CR,CH,5,0,-0.9703185075697324,-0.7224452775390986
CR,KC,6,0,-0.18123790439278376,-0.14781901240788917
CR,RE,8,0,-0.8155967353579383,-0.7681147617414474
CR,SE,11,0,0.21459851570679483,0.2369892768057947
CR,DW,9,0,-0.4737751198293981,-0.47325928596978317
CR,CD,131,0,-0.08018749398868855,-0.30559618499598507
CR,RN,1,0,-3.4317049511079207,-1.142656200410807
CR,SD,9,0,0.0342951996183133,0.03425785990914548
SK,CY,4,0,-0.3777087617170309,-0.25153168158359
SK,ET,62,0,0.1968542323893097,0.5161147140447541
SK,AT,34,0,-0.22167464248990054,-0.4303889519933964
SK,DY,10,0,-0.3085793012440391,-0.3249169969259627
SK,UP,13,1,0.8500857841177848,1.020563587209493
SK,SP,12,0,1.904981029917795,2.1972876644043438
SK,LD,4,0,2.469395238855553,1.6444710842826111
SK,SA,37,0,0.6430319601182674,1.3023840239766695
SK,CH,7,0,-0.19665671790686456,-0.1732460917055314
SK,KC,8,0,1.1478331972360274,1.0810092593454783
SK,RE,10,0,0.6738462109257488,0.7095229212110432
SK,SE,14,0,-0.9280549974105409,-1.156227703106137
SK,DW,87,0,0.008766361662656482,0.027226050732084124
SK,CD,177,0,0.546052102830366,2.418947019279466
SK,RN,8,0,-4.732943312611387,-4.457403355479099
SK,SD,18,0,-1.92397901537244,-2.7179547543304707
CY,ET,27,0,-0.48091301906718964,-0.8320588718618787
CY,AT,3,0,0.946925030798636,0.5461121808072106
CY,LD,2,0,-0.4342359218618068,-0.2044779038467329
CY,SA,1,0,0.9299521533259598,0.3096465486463881
CY,CH,3,0,1.853114469278579,1.0687312629697774
CY,SE,3,0,-1.3338023102829686,-0.769232689751575
CY,DW,12,0,-0.7689853657346434,-0.8869810416480153
CY,CD,15,0,0.024008513225221965,0.03096111091270232
ET,AT,83,0,0.16464998860328414,0.49946652960948434
ET,DY,45,0,-0.20074734912320377,-0.4483959850950138
ET,UP,12,0,-1.0078106085976224,-1.1624524252732058
ET,SP,18,0,-0.022793017473792896,-0.03219909869777902
ET,LD,4,0,-0.0043566409298102515,-0.0029012650226844247
ET,SA,56,1,-0.17197815273716882,-0.42852181191535627
ET,CH,62,0,-0.29526489379310583,-0.7741289297052429
ET,KC,57,0,-0.3605758974995463,-0.9064414572372055
ET,RE,29,0,0.10287602997004482,0.18446706357792397
ET,SE,26,0,-1.0087317053485862,-1.712647498640796
ET,DW,92,0,-0.38137555825968156,-1.218014362314401
ET,CD,394,0,0.12841573454079597,0.8487347627220219
ET,RN,10,0,-0.9780183386954071,-1.0297994073689325
ET,SD,19,0,-1.2695440014764106,-1.8425963120065592
AT,DY,7,0,-1.111023864755669,-0.9787641348293638
AT,UP,3,0,2.3680966903882474,1.3657326671991556
AT,SP,7,0,-2.436312335174226,-2.1462861514998264
AT,SA,33,0,-0.9285794238248368,-1.7761582820366744
AT,CH,16,0,0.958550982597448,1.2766764500791148
AT,KC,9,0,-0.17281667937177528,-0.17262852112750474
AT,RE,13,0,1.5918887427877615,1.9111291073569883
AT,SE,1,0,-6.218865321352888,-2.070698128249474
AT,DW,28,0,-0.7191032158648059,-1.2669978733241942
AT,CD,189,0,-0.08463619471966544,-0.3874294860555073
AT,RN,6,0,-0.3944583560812604,-0.3217232334887504
AT,SD,12,0,-0.6018081617643344,-0.6941516106539332
DY,UP,2,0,5.243986581280443,2.4693474905143082
DY,SP,3,0,3.106536023128759,1.7916066290022605
DY,SA,14,2,0.5594754950183929,0.6970288057865245
DY,CH,10,0,0.9921699591030059,1.0447002836945183
DY,KC,5,0,-0.4294239471870793,-0.3197252245394377
DY,RE,14,0,-0.15351939147020294,-0.19126385168671528
DY,SE,7,0,2.4729601430729544,2.178571290576726
DY,DW,10,0,1.2042675957088271,1.2680274053233183
DY,CD,68,0,-0.2654468671794093,-0.7288492308132265
DY,RN,2,0,1.5697620020362084,0.7391872195611799
DY,SD,7,0,0.4883758323435948,0.4302380571460267
UP,SP,2,0,2.0577066588590394,0.9689560977151581
UP,LD,2,0,4.833384320660124,2.2759984713765222
UP,SA,15,1,1.3546406751038789,1.7469295076834723
UP,CH,17,0,0.9509168257768075,1.305487241946517
UP,KC,1,0,-0.04250607328998671,-0.014153264599346982
UP,RE,6,0,1.062405118211762,0.8665056897303339
UP,SE,7,0,-5.736013396943811,-5.053180555274569
UP,DW,22,0,0.3175589384911776,0.495953913153743
UP,CD,114,0,0.3036439025145056,1.0794999571427173
UP,SD,24,0,-1.0719442036178888,-1.7485716805878786
SP,LD,1,0,-2.22722131218203,-0.7415987907789852
SP,SA,7,0,-3.8415742619844333,-3.384261336043241
SP,CH,12,0,-0.23258570993821706,-0.2682744359853414
SP,KC,2,0,-1.9579607943154316,-0.9219866410847416
SP,RE,5,0,-0.9193016686355809,-0.6844609723079611
SP,SE,2,0,2.7140455178570684,1.278020335251416
SP,DW,7,0,0.534744931609273,0.471087234886749
SP,CD,115,0,-0.8735604169279598,-3.119230770236539
SP,RN,2,0,-7.025361796715355,-3.308181524453523
SP,SD,10,0,-0.46701384718053796,-0.49173984171004753
LD,CH,3,0,-2.404383450461062,-1.3866600279017018
LD,KC,1,0,-0.6754656569357846,-0.2249100759122811
LD,RE,2,0,-1.3378296642636829,-0.6299723069425707
LD,SE,2,0,0.4423291082814993,0.20828891466187735
LD,DW,1,0,-7.730965204177562,-2.5741826443621565
LD,CD,11,0,0.7362190030339907,0.8130345567631725
SA,CH,8,0,1.0843833176819242,1.0212532708730202
SA,KC,7,0,-0.043911331954665664,-0.03868399068031273
SA,RE,10,1,0.4101628777099311,0.43187890418685715
SA,SE,4,0,2.282948013380337,1.5203082665148038
SA,DW,51,0,-0.12052799080874,-0.28660162225945607
SA,CD,136,0,-0.5760574541754963,-2.2368707688509875
SA,RN,1,0,-8.38834637910643,-2.793071122907872
SA,SD,8,0,-0.6185387567053194,-0.5825289988759557
CH,KC,21,0,0.5760323412131824,0.878945919244009
CH,RE,4,0,0.7132865511601129,0.47500662904577995
CH,SE,17,0,0.5249220713899042,0.7206509009406283
CH,DW,7,0,-1.7129383995782443,-1.5090248948413876
CH,CD,86,0,-0.10910215637296078,-0.33689006160158486
CH,SD,16,0,0.10657809526717799,0.1419494077959091
KC,RE,1,0,0.9408015402671073,0.313259073451283
KC,SE,8,0,0.5323864575550995,0.5013922681039681
KC,DW,17,0,-1.4286955422214418,-1.9614163430879572
KC,CD,46,0,-0.13170271142586504,-0.29742623338441604
KC,SD,9,0,-1.7199448366564387,-1.7180722060638136
RE,SE,2,0,2.4704040961522558,1.1632917172530812
RE,DW,21,0,-0.949837615792455,-1.4493212214212596
RE,CD,62,0,-0.225350962713278,-0.5908277727575526
RE,RN,4,0,-2.7118705528370586,-1.8059452931175368
RE,SD,8,0,-0.9446795748780992,-0.8896827256929265
SE,DW,10,0,0.04855961022735844,0.05113059321659007
SE,CD,41,0,-0.21158390065810406,-0.451107644735971
SE,RN,2,0,0.06822606454646338,0.032127058043375026
SE,SD,9,0,-0.3484287679758615,-0.3480494079194479
DW,CD,114,0,-0.3580118672121385,-1.2727862871991154
DW,RN,2,0,-3.745751285735575,-1.7638415724670653
DW,SD,23,0,-1.5172003441513433,-2.422771687464027
CD,RN,5,0,-4.459459773367589,-3.3202661069653603
CD,SD,36,0,-0.5070778904247895,-1.013051594773124
RN,SD,2,0,-8.165384540477653,-3.8450082797865415
