id,name,pred_A,pred_B,pred_B5,pred_B10
2Pc8VA6hnbDVsh7tZfiQvS,"Jace, Reality Sculptor",0.5655584214102705,0.560507523306081,0.535091995608146,0.5550211376305908
1921LkjXbumPpQHH6TFQ6l,"Marwyn, the Clearcutter",0.5592653047261172,0.558385309378568,0.5580819163190546,0.5552214060849822
3TOLH91GVNchxAhp5QROez,"Marwyn, the Preserver",0.5605982892067162,0.5616198999924391,0.5619816577481017,0.5682538264902347
6QcUCUaFQeSddN5ToJYHJ0,"Tam, the Possibility",0.5429959352333084,0.5443702920378689,0.5381103387723062,0.5351895408229838
5wHXP6TFgZqQfgqqybSLVf,Guiding Hydra,0.5844977384640881,0.5803567800173229,0.5809770503118826,0.5917782539351312
4zdOnHzlVGFaK5FbrGM3OP,Lich's Relic,0.5805575622268072,0.594623580199266,0.5984928280448155,0.6142306577412356
QwA7P3d38hWjZXaU2PPlT,Verdant Kraken,0.590839557901575,0.5956805494614285,0.6031286318890899,0.6090462506785423
2Vd8gM17A8YxqyXABFkKGY,Hall of Echoes,0.5514401128719024,0.5484964175164805,0.5354017093759403,0.5366022581928754
5w87iskMh2ySglp8wDcEqC,"Rescue Girl, First Responder",0.5443131950287032,0.5487725546457228,0.5488340563072897,0.5495536372104729
5MXF7kBU8WBanqhtxgRjwV,"Saheeli, Consul of Oversight",0.5562945287765951,0.5586336052237045,0.5543596630033749,0.5597766677106694
1oXTmASohfNTgaubCKUjsC,"Massacre Girl, Most Wanted",0.5522801751926227,0.5529560671628406,0.5484825373459713,0.5495348116582933
N5gg4F6noYEvnjEgAjD2n,"Saheeli, Jewel of Avishkar",0.5484217294834427,0.549436271633739,0.555717111534468,0.556940996916922
64xk9oArbBqObSOmkZjRSM,Blossom-Blessed Angel,0.5489554643083574,0.5458755884036964,0.5572275507120356,0.5583856955498033
754dKLWKVPEUfS8kfO48Xi,Germinate Recruits,0.5125987999948538,0.5095191231119025,0.5073122637198328,0.5116375613532097
2pYLLmTvztHdWqLo6XphC5,Graft Surgeon,0.540358652999675,0.5398844317870319,0.5402694589673803,0.5391250962072759
3dYsf7AmgITXEeAnqZgFkT,Sphinx's Approach,0.5413929773360499,0.5411775631499417,0.5450447413346994,0.5433351667320028
01ps6syclnZ8wqYe25ttqG,Multiply by Zero,0.5728180966250752,0.5748467570284117,0.5754745571944889,0.5732573747072233
6qcSTAUIxz5DTrJs7IXqLz,Command the Stage,0.5514556431905979,0.5581169774415492,0.550661152768837,0.547476319940781
vG1ZnMOmXzdT16Vq79BGQ,Gardenize,0.475544858330042,0.5180219879104977,0.4983239962854164,0.45610655094662667
4l7GHVCIGPEVMHCVGDVPXP,Bloombrute,0.5595806172505721,0.5581473637802669,0.551227328282636,0.5532911571367536
6XHW8FlNM5zlMdOzvdq4r8,Desperate Futurescribe,0.5558299585660641,0.5557276492859534,0.5560781948596835,0.560624749963437
318z1ECdskbYTdVIqqfMVf,Ferocity of the Hunt,0.5249105557208936,0.526984950909389,0.5370062633513951,0.5368309289754962
rYzRRrhPcHiXoKMI1TnL9,Primal Witchstalker,0.5688819076206459,0.5660915433974519,0.5555472628641692,0.562337698437314
2Hycax93GHZsqwLEuJlcNL,"Codie, Ravenous Codex",0.5397157716367862,0.5321059802254421,0.5237038499380161,0.5276864482135857
4atYzJut2UR58s15I9DHha,Plan for All Outcomes,0.559726058046973,0.5588862154833619,0.5597392946297552,0.5802323257220834
3bn0EKxv8kIUilRY8tF9tU,"Yoshimaru, Beloved Companion",0.5310808584776227,0.535714222494449,0.5377715675961912,0.5414023116444243
4ocLwS2MVTRC4WD1Nt2aKT,Entrust the Spark,0.5075785945475727,0.4970728000663835,0.4964900673451318,0.48775245078950985
SmTxH2Qd9Cl38B16kYot6,Sanctum Lurker,0.5673821754697747,0.5772686742404299,0.5715832241311872,0.5643906612541744
7c7tMkOAdNEmrW8LWdsAW8,Vigorbloom Annex,0.5451769054674341,0.545465538936677,0.5468697305377045,0.5488420507441439
7iFwiCeI8XrTMBU0xgLBon,Divining Duelist,0.5513102428652896,0.5493213248463648,0.5541766993213977,0.5506670612775807
6K7E87Yldqz0CqiUZTO8sx,Mindseeker Oculus,0.5753080290942446,0.5776343003168354,0.5639881159560893,0.5722443643423873
0io1bgNAJWAzmMziOHXXq,Undulating Witness,0.5404618496691945,0.5410865461406744,0.550325644260477,0.5443353368239362
2Y8lW8IxZvS38v91tj4iIM,Unsummon,0.5533577773369406,0.5566870038063417,0.5537224379888364,0.5410647594631729
1TNgAqW8mvqwHPDAVu9LsP,Apex Witchstalker,0.5541849008691335,0.5553529997824259,0.5561163887598476,0.5558514724979418
2NAxN8TCtSr5K3mjIZhdSs,Extended Absence,0.5647788628613303,0.5637920076212832,0.5784164277677055,0.5767898629510336
msLNjbIGytCyY5cAHmgbB,Rank Rat,0.5609948526352623,0.5618487719511214,0.5622444721770478,0.5550209573900271
2WbywA7HPn6wdGmyAWYFkj,Theoretical Necromancer,0.5413167376651377,0.542080225125899,0.5387929886976356,0.5422317198523267
4lIfShNHUQyOmOLR9Qi0in,Void Extrapolator,0.5503955412396769,0.5432919372343105,0.5455689794317232,0.5472145665063822
6OURQ6p9ieXfSlsvSnvRUu,Awaken the Inferno,0.5513194418018349,0.5521810296676372,0.5612816542247226,0.5744805112625769
7rp09NHYYZXFX397nDtwjJ,Fulminous Forte,0.5743770044212272,0.574908970726809,0.57233957227163,0.5778759117680932
3OOq0ro4r8o4Iqy7AheXT3,Heartstring Puller,0.5756877284252484,0.5779722880867935,0.5847656572665464,0.5797424090971813
23Z9eE2i4DaGlbgjMBDaM3,Skilled Battlecarver,0.5400744772587727,0.5395351866918817,0.5363274150155557,0.5415740036682686
2jwtB8FM1GC2exxMOaO7TE,Tether Technician,0.5541184492913245,0.555348328164046,0.5549907884675461,0.5579303688809123
1KI7gUbJxeMs4RSoOEvRgP,Hunter's Axe,0.5212768233133528,0.5209043632503861,0.5388779203171635,0.5354821140803979
1sXU1GPyJTOl95XKQ9uQSS,Sureshot Sower,0.5450580186146136,0.5488495239613334,0.5558831004102647,0.5553828928052659
XwsiiGuD7T8vt5O8ZtUcR,Vinelasher Adept,0.5470183951719033,0.5489317898688401,0.5493912607455926,0.5536903122024927
5JsAyopuDedjZcFthhssOE,Blessed Ghoul,0.5481270007016593,0.5489088081271318,0.5491152291982043,0.54162831485738
1GTF4neNvfvkYb0mrwZlF9,Konstrari Improviser,0.5544451446356164,0.556455773507492,0.5527629990211321,0.5564541507338685
75mR8O7cgTMcf2oiWIT81j,Recursive Recruitment,0.5691571703298882,0.5697642468893059,0.5650178967171436,0.5755387637481033
3dWYnO5iF3wku32B79p4zM,Theorix Metamage,0.5463846040066576,0.5462143668107854,0.5370415046594427,0.5417708468460799
6gvmaMh8qu2lTLABlZZ4x6,Twinned Vision,0.5518821549230571,0.5536082975140354,0.5518473128184779,0.5520578269179157
2f3TAXX94XJIIs7phl0wUr,Twisted Fates,0.5647314120619621,0.5641514612140207,0.569551709203498,0.5745426152409305
csS3I1pPWwPcKJveOLIYR,Archive Arbiter,0.5557086537328488,0.566117192811716,0.5659529694916304,0.5610510549957309
2WFCZ6iXPDyj4bh3GKkmT4,Eye of Jace,0.5343338419072307,0.5371785167132338,0.5382159630647961,0.5234344196684243
5rkRApZkwiNP98fUAHv1Oa,Living Library,0.5256779025141257,0.5271161266509111,0.5299952092428956,0.5295515704294251
2r8mYaPs0Dt5XjzbyjaaLL,Medic's Kitesail,0.5300146567951676,0.5299984632076687,0.5299949547317014,0.5305418634556207
52NjWBUcJKqlMuAdy2McTF,Dedicated Commons,0.5451769054674341,0.545465538936677,0.5377147216373864,0.5318686614905087
68vuPm1RRDP6p1VjAOJeZP,Fatehold Annex,0.5451769054674341,0.545465538936677,0.5377147216373864,0.5318686614905087
HNxBirUa5aXiugkuBwY4E,Formidable Commons,0.5451769054674341,0.545465538936677,0.5497467090574278,0.5504016024113907
pAITiWY0WKS1mVRDDn4EB,Hexhaven Dueling Arena,0.5425409900218693,0.5232518920824419,0.5284689967824585,0.5312901672754858
5HoiybVIX8hZyojjiLfSZL,Innovative Commons,0.5451769054674341,0.545465538936677,0.5441410621290307,0.5451941654497944
2J7kCwHodme1eJhXvgTIfY,Konstrari Annex,0.5451769054674341,0.545465538936677,0.5431375076172135,0.546723191396698
3mqhZCy4su5QeglSgT0VG,Meticulous Commons,0.5451769054674341,0.545465538936677,0.5403906373889972,0.5458516569138695
M2HDFPtRN9BnQytDvG4xI,Room of Refuge,0.5478514782713954,0.5463034656378157,0.5510542187119543,0.5506990764663788
1ZwjoEmoDS1Lb3d7L8RNwE,Stingerquill Annex,0.5451769054674341,0.545465538936677,0.5497467090574278,0.5489611069043293
nfTtWSzeUtfQ9eHnFi62N,Theorix Annex,0.5451769054674341,0.545465538936677,0.5497467090574278,0.5482366147424657
5DitpRTcsFBteJf5GpX1fv,Transformative Commons,0.5451769054674341,0.545465538936677,0.5403906373889972,0.5397127839354203
22FMxZx1wUBQIXWkaPlVuV,"Arni, Humble Scribe",0.5680016980888564,0.5666418265632451,0.5601159171352368,0.5739785409968926
yN4n3saXLaTeFvQFarYXP,"Traxos, Academy Guardian",0.5442485547282595,0.5448942097054524,0.5444631051650846,0.5424854059501597
7gqL20kK7zOZl1wzgCvqVC,"Loot, the Anomaly",0.5377478390829536,0.5391884898731775,0.5335057476783303,0.5340240690355199
27JrxXIdyYWyKqHdzg4iT7,"Arni, Renowned Champion",0.5554687080325366,0.5565540576723204,0.5504921255501126,0.5424361244714228
oAeSKOm0SvpSofHlIVR0i,"Loot, the Nexus",0.5404321385864913,0.5392736085260726,0.5325701369893242,0.5376827422665172
4sDw85hczTmzgzaeqlWSGh,"Traxos, Scourge Eternal",0.5283939977654284,0.5332267544914294,0.5334350824550684,0.5367565338388145
21XISFuIDPHNKjrYzfOA3I,Fateshaper Aspirant,0.5511496796960061,0.5495130745887274,0.5504131658731254,0.5519773225607781
0L6J4fHJE2u1yiCcVwEZl,Hexhaven Battalion,0.5728654389284825,0.5677958777082793,0.5714486076530206,0.5790306128786628
2cesSRgvrE9QddG3e7K6pE,Predictive Preparations,0.5312553256963913,0.5336387447057762,0.5441729347735739,0.5430834695387187
3zKk0ZOcr6OZVboGebf5DV,Unflinching Hortimancer,0.5369162414183055,0.536957313096095,0.5380170263380274,0.5394727469546421
1s9yeBVNbq49DQ6JPLi93O,Cryotheory Adept,0.5494373587787018,0.5396914408119605,0.5375638863646538,0.542738907716302
5lOh9STU2OnanS2NEsq9wf,Kindred Judgment,0.573741600574129,0.5738547110276833,0.5730462414764276,0.5627542366559132
77Dqj4t9np4LWYCX1IqEQB,Darklight Phoenix,0.5723766630178941,0.5690297528485972,0.5575321879931314,0.5710212644457756
7LQEGY3ROl962RLo4SriCM,Curse-Marred Demon,0.5856169668919105,0.5863815114011662,0.5969172549465132,0.6042063213839364
2WAUFOA4beLXtZlo3R0NwX,Frostbite Pyromental,0.5682296174172338,0.5736147548448661,0.5625470436385527,0.5587169336902074
69JEJGOv5ke8NLdp8IvxcH,Flickering Hound,0.5420620699903506,0.5400657414635935,0.5370194753402671,0.5396466086023405
7FVGUea9EnsTl1Y6Tg0O6R,Ajani's Anguish,0.5697086197955304,0.576134534714829,0.57418103530338,0.5578816375522025
2i6yC0WeocN71c3QsvTJh,Draconic Visitor,0.5786013182566313,0.5766541447450314,0.5893292174377035,0.5844864888590348
3Koiz1rMKrQA0DLPWMFKF6,Essence Burn,0.5473762278464459,0.5503150927946128,0.5213550509500108,0.5261612069233678
EgOVmnO8jCQNWv9lCnfh7,Flourishing Grapple,0.5668372758052413,0.5660322836689341,0.5711021997285989,0.5407219679698742
5xa3UHGDm9oXxBJJ4hyjVN,Craftwork Crusher,0.5832113946554446,0.5903282362896245,0.5928607003860461,0.5973237008274327
6pt0iJ70B3Jb6YqDqg8eri,Grim Repriser,0.5581056367912606,0.5593081321909885,0.5608782039422899,0.5561505999982466
7szC7LkmxtItSH7bDmkbZg,"Yoshimaru, Scrappy Stray",0.5751534031877595,0.5732538789403345,0.5849559216567136,0.5885635656502434
3coQsAuRpkBoxb2HeeEeI0,Seasoned Cryomancer,0.612399485263872,0.6042950911547992,0.5926878790359366,0.5948225546986209
5SCq705omR4jWNnp7z5JQo,Rise of the Deathbringer,0.577411423739499,0.567372602665081,0.568749215828319,0.585002175590942
78Budn5GOm04yJXZ4ERrhC,Omnipresence,0.5208205576950197,0.5172084691964742,0.4993268005022071,0.49410167688875806
5pqCWvhVzLY0oI3AbdSy1J,Simulacrum Shaper,0.5689885664581026,0.5716539576136727,0.589597178738515,0.5863716861498179
1y1uAx8oL3qbVEEdEaos6M,"Teyo, Lightshield Expert",0.5682422360316187,0.5668844576305875,0.5680385903710424,0.5636345530013799
5B1aVZDWx0GR7c92OAU7Yn,"Teyo, Diamondblade Mage",0.5653643669839832,0.5565600569011692,0.5542965260018248,0.5507754243714507
4t7oOoLZqtrGwocvJ8H6kj,Refute Destiny,0.5631192140313936,0.5592390250768048,0.5704511324580592,0.5436247467981808
5MljzqPnj7I9Nakf2HatM5,Precise Redaction,0.5404031021042389,0.5436578745434467,0.5246407436795246,0.5168184081737163
7hm542uQ8Tm0dOoPQX4FRN,Terminal Criticism,0.5650908447644961,0.5610498067469222,0.5729655085137351,0.5397041585309114
6zZPkXpKpi4P4fEJXuA1E7,Puppet Crafting,0.5026925998184485,0.515623047931119,0.5587141842385801,0.5138909930258025
4ycH2BNlRja3D2AMLh0Jyy,Roiling Canopy,0.5466399659826591,0.5471517248023399,0.5489723090483322,0.5322372884211329
6LEwwUZDfrE1QcoIhoGTNc,Koth of the Homestead,0.5582827874918519,0.5668260230445922,0.5592227511969731,0.5574897118476766
7dWdTUWildvlc6IXNMpgV6,"Koth, the Geomancer",0.5648855616273308,0.5720139763556269,0.5571157418572222,0.5506973264344867
4nOztdyBCKQg3PcJnu7kzI,Variable Chaser,0.5809083983832096,0.5795179337029365,0.5829109860682663,0.5826924294670892
AMQdUSA0TrtEdeWFVi3Ko,Pyre Rhymer,0.5704926539160372,0.5720862190066675,0.5632254285812764,0.5534117661220924
4HQx1KRu1HGGqm2FNrHkL7,Mind Meanderer,0.5764591380490017,0.5772670406987523,0.5799429643131232,0.5858277735132957
7fCYjKuNbdvA0VV2DUujHX,Identity Echo,0.5023385762478457,0.4960111988942968,0.4964694961664753,0.4999050806820013
7JFO3e0BzIByjlx8D18TXz,The Echoverse Fulcrum,0.5894562604934345,0.5701056181132976,0.566076277975336,0.5708907601979728
3fw5dvAUnVZCKV5lnWwlXF,"Hapatra, the Desert Frost",0.5640555121823282,0.5676328483445846,0.5673888744502873,0.5634750510221469
2vXQxX16MbbkbDanHnLXZy,"Gallia, Tragic Host",0.5515795643124509,0.5528211931699887,0.5531261641196766,0.5535471938694714
5ZQTrpjME2Gfq5xDktuGIj,"Mabel, Bitter Recluse",0.574788456292901,0.5675630721590229,0.5619792550626446,0.5711206928199841
6iUqbVRUTNkAq1ITqtDjhq,"Gallia, the Merrymaker",0.5444436172318868,0.5482476666350306,0.5460036018158912,0.5476489691236348
4ozKigwiKgfNPIj4Y1pehz,"Hapatra, the Desert Fang",0.5787278594445094,0.577210106617977,0.5803121837758259,0.5798780710105361
6wNmh5sA8RWzk71Y2aX3xQ,"Mabel, Valley Hero",0.5533856600000503,0.5498152686239254,0.5498049750852235,0.5527295572302774
51HQ48dK15wNrNjLO64zNE,Shatterwing Pegasus,0.5417986991859606,0.5434183139991914,0.5524455201056521,0.5534333818937994
5iwv1eyO69ZShIMMLJ3uwn,Surgical Precision,0.558668046636242,0.5564810413961402,0.5572628715841529,0.5621568201316601
3mVfPICYiXUYCaUVxqCuy4,Sphinx of False Conclusions,0.5934195935556442,0.5968249575501038,0.5982271814195742,0.6207730411037522
4N0FeZH17fYj1GBO2eH3Tj,Surveillance Phantasm,0.546851246316749,0.5451833748477073,0.5411082919246734,0.5411269866186131
5V1NoDjWAvXts35cMA5pW9,Silence the Echo,0.5616831596026599,0.5609111908013441,0.555391157872132,0.5575563122497599
6CfKJ0G5TzRVBht2pXJcL3,Vraska's Final Mercy,0.5738391592797002,0.5682759913867986,0.5782978821924561,0.5788379756520098
aNHlouqO1a4AdvwcDoJ5L,Chandra's Emberling,0.5218446596921632,0.5213287586743861,0.5253436864053115,0.5256950540584241
1o209RwudUeX7QbSB1ZvYb,Wrath of the Bloodmane,0.5753912465414348,0.5764709028627242,0.5778994042755569,0.5767582166542291
55aoTeerYN3dGdcqKj5F86,Carnivorous Cultivator,0.5742227650691313,0.5758650176402808,0.5777092058469006,0.5770339202611572
RVpTg0HiztNaboiL1FVlY,Wrecking Gecko,0.5339103434150189,0.5343543832790633,0.5451729216733617,0.5460011317588983
606zEw5ow82RqZ6kIeGpt1,Stinging Vitriol,0.5260907990339828,0.5317288993850787,0.544616799353872,0.5384926610412352
3SPfsdrk5Ffj2tANlyN07J,Tenured Tethermage,0.5835078987509651,0.5751776690052159,0.5637498498948904,0.5603802065345626
2gnXGJHeMgogx3jEH98J4R,Murmuring Volume,0.5067328690548129,0.5108591891553086,0.5216248432289176,0.5232003981237264
4GdfgMLPyrd2hgpvli0FVD,Dark Matter Manipulator,0.5607107218296267,0.5645582280276634,0.5620141687468431,0.5600433690925573
4mYl5mptSC5SzW3MJ9kPSv,"Pia, Determined Rebuilder",0.5907355291796765,0.5924708078177744,0.5906998624369071,0.5857332807203911
36kYnOrl6xMEdItoBKCu1N,"Pia, Aether Ascetic",0.548299080235219,0.5491764999710401,0.5521580451862022,0.5406639979227378
1Ogjka7QEYkvL7X81cJZmk,Break Under Pressure,0.5562755442771704,0.5577879491515239,0.574850063658023,0.5787759963345731
6yWyPmP0WkhcGn6B42plIw,Screeching Soulbreaker,0.5444826220017364,0.5433038571955174,0.5525337335049755,0.5545513171495592
0vCZnJs6j9wLVBZXRxRRs,Afterthought Sentry,0.5363060489006877,0.5376647661530044,0.5374402975966542,0.5386648881386745
3SmHGBKWlXwh914lHA3IQq,Bestial Incursion,0.5566994683403976,0.5580232426069793,0.5660946749740513,0.5704450890234475
2XfrAG26AQnGO3ONvxNVPR,Face Yourself,0.5247214276599,0.5454426233633192,0.5747066461575794,0.5379010997476452
3t0kFQmd0TpDolqwKD1Hcf,Violent Echoes,0.573561571088204,0.5751776026344603,0.5779721494534318,0.5771832755309213
7bI0PcRzkk2ZTgefeSVKCo,"Emrakul, the Exigent Doom",0.6031402369318802,0.5919545037697631,0.5729218880448107,0.5544656624237808
1jkxvobDvxP9Z0dOiD5L2W,Blazing Crescendo,0.5316817084839389,0.5377897703724972,0.5367656696713131,0.5455045472329897
1pfCR0TujmQ9S8bCjUkZr6,Gideon's Memorial,0.56237103246084,0.5742155333804753,0.5790779189501134,0.5575309349962732
6p6rnfinjCDMZ6NOxhlbKU,"Lyra, Archangel of Dawn",0.5904750118466542,0.5871559717335934,0.5906710619432204,0.5953741940864271
J7B8KO0ICskxpERiQgnGd,"Thalia, the Survivor",0.5519782290771161,0.5458149262252455,0.5612386293273778,0.5623251036269385
6Mlt7guXlD89f8xvYM83pP,"Fblthp, Impossibly Lost",0.5556597787516601,0.5504923536277696,0.5512828430403096,0.5516869204684837
3fvrH1WgOL5ZmG9ficftD3,Geist of Saint Thalia,0.552920897969475,0.5516815869595323,0.5554313796741616,0.559650534227862
22affqlk1QIPZyf58INMlr,"Lyra, Tolarian Archangel",0.5916447527985076,0.5940245332539669,0.605231255843305,0.6122596653551632
4C7cvBCH1YijrWNsu7juNr,Gideon the Oathless,0.5980909038450551,0.6018058759410251,0.5976211546084361,0.5788521058982617
6j40KM8VxCnHqQkfsr4PTw,"Winter, Tormented Loner",0.5650305781176866,0.5587649630653713,0.5658061059020293,0.5588874409513748
7BoE8OIg05BuR8L17V6Doz,"Winter, Team Player",0.5320606303629863,0.5364125905811384,0.5333186876977888,0.5344010259241655
6aE39fIf0YXzbXJ4P7mS4r,"Fblthp, Knows the Way",0.5873868027678825,0.5839549140103957,0.5772748108092314,0.5747633725475758
4mJWapp0OTYJY9am4J7rVC,"Vraska, Soul of Stone",0.5609203692468179,0.5713656893474979,0.5795570759730078,0.5672202192251171
3fR7zpxwQDq5ne4YdiDTuy,"Vraska, the Cutting Glare",0.6070808619958478,0.6019350377674137,0.6076823270857942,0.6118713818203256
1nits8MTUmbOC942HGgenf,Tarmogoyf,0.5574999530943231,0.5658019960058637,0.5705999345580215,0.5712233328483204
4Up1Eo0DmaoNooLlYMy19x,Solarium Sentry,0.5618635530030397,0.5685533785168609,0.5826820420108069,0.5766639689719865
66tvLegghgS0kkUTisH0MU,Vindictive Triumph,0.5681992205186738,0.56990581254323,0.5691957990947415,0.5728222155943586
343KeVg4Hq9aKEARevJPDY,"Danitha, Sword of Hope",0.5465170305056636,0.538079945651455,0.5432354849962786,0.5480246613932529
6fJtgDDl4gZhHKm4tLlk25,"Yuriko, Blade of the Mighty",0.539138189594822,0.5377398906227912,0.5263181742371016,0.5287349743393884
NYBSq1n942QYP8U2We6cu,"Proft, Consulting Detective",0.5685677406169515,0.5657330659640789,0.5598017234958969,0.5565008193406528
7nx6DCh2ZovsLWoKi7Uik9,"Ruric Thar, Biomagus",0.5394299406717559,0.5424343598040601,0.5426940823182412,0.5549550064888146
71ExJyKQYBEpfEViXysu8r,"Tetsuko Umezawa, Fugitive",0.5499753774637097,0.5534584133602664,0.5608938290984761,0.5572944160749795
7CzAM3ftb2eS5bDgjM7LBd,"Yargle, Goliath of Otaria",0.5470486970080759,0.5474979338891844,0.5376710308120752,0.5445288032619807
H9zXrP5gNfpTlRw1nwkod,"Yuriko, Hope from the Shadows",0.5717702367718644,0.5744076087601034,0.5648161414843208,0.5648898595553017
SRn9Q6qYyzYPlNg9l2mFH,"Danitha, Spear of Agony",0.5373252857297054,0.542082369509917,0.544552959477418,0.5459353858897211
6MWt45jeYA9iT5rwzEypA6,"Proft, Sinister Mastermind",0.5521777943553928,0.5521103664654827,0.5521313582771562,0.5488089154569837
1rvD0pusoUDZuVkPnz40Ky,"Yargle, Glutton of Urborg",0.5533452945629441,0.5504737468801039,0.5425780336949936,0.5461515062571278
2iR1aNLutU1ypfkxUjZ5Kz,Kiora of Fire and Ashes,0.5894303141680487,0.5858963436666603,0.5908794118005091,0.6007702941182768
2r1e81JGBicHWVD5s1FhWA,"Tetsuko Umezawa, Pursuer",0.5431579760594152,0.5453540358617109,0.5614972369879735,0.5578359103576879
2dlMnshzWOo2dfyDwcSPlP,"Edgar, Moonlit Sovereign",0.5469503837159232,0.5512658210501766,0.5604037908429803,0.5654153863544469
6rcCFanvi95Fc1nd3gd0YV,"Ruric Thar, Magecrusher",0.5627572122580129,0.5665780391360699,0.5469875189215369,0.5546893931450118
5KNlewWNvJncO4o4Ac5trq,"Edgar, Ancient Bloodlord",0.5659010811556727,0.5644331458899142,0.5635130968756334,0.565813131886916
3jA5koQ6d1Mk8sSJuJMEb,Kiora of Salt and Sand,0.5488898160328056,0.5423129677286737,0.5358180145873842,0.5405982126025898
1hIuDJFkptxtWMbBi4i7Cb,Cruel Calculations,0.5154050683000803,0.5041341549544313,0.508076134243698,0.503389577111089
4QM1ZfUrhx1fRVEy0XGFm7,Infinite Coursework,0.5475860360423274,0.5472324499784841,0.5504926752029481,0.5468608153574591
7dBhvmHWrfE0gsCCuLdvPQ,Semester Foreseer,0.5605292427108238,0.557781084632329,0.5600250735954898,0.5655321226728741
6RGGXKbrpW5GdEzsSbHqTW,Last Gasp,0.5563635663076846,0.5603609520372023,0.5638432952395053,0.5626841892980763
01yiF3Bie7XkNBnDmcCbxR,Rampart Hunter,0.5456356096627507,0.5476751548846096,0.5508099427864158,0.5503459613758616
5R5WIip9BDjtgRMkzEZxJe,Hallway Heckler,0.5459226726040758,0.5469003010326975,0.5348621011844551,0.5374220988364756
4nUKpGIGiHcFC0cLO7eYQm,Master of Barbs,0.5498017780124033,0.5508019886519743,0.5579543009727824,0.554738180541621
2DjYznMWeDfbETlQSOlO62,Greenhouse Propagator,0.5501625058055007,0.5528391914148472,0.5565369078257264,0.5472811648640538
6MpKKH71ix8PIkI2KwetCZ,Heartwood Crafter,0.5653055139977324,0.5624442981276013,0.5570419991126435,0.5602714778036155
2sW7B8vcAbQKzDwgQHvRaq,Hungering Puppetbeast,0.5924181131670718,0.5916482396641549,0.5978011068175344,0.5997267221752823
11ApfUR9m3Mj473Y42h6wj,Emergency Phytomedic,0.5478677848483381,0.5491701151710936,0.552458005105608,0.5537723276738823
5sX4NAsuGUngbdAzYnaLkj,Fatehold Charm,0.560462528003872,0.5608681093224971,0.5627280189076489,0.5613556318803103
17eamr9q0Jx6bWvB78cSjb,Konstrari Charm,0.5622669065625369,0.5616735479411247,0.5596734654410798,0.5654589767349094
35mcRpZ7Fo3KD4Y1kfDgAQ,Null Summoner,0.5802186562310995,0.5706198802432206,0.5621451777278638,0.560978823393033
7vI2uebT67Q7SciKhRu19A,Proctor of Potential,0.5716470293431657,0.5728353725772871,0.5748440390287503,0.5703621529825781
6zxnp6jAshvrs7iIUQcRmR,Stingerquill Charm,0.566577282249032,0.5668880405577834,0.571614232568522,0.5733071061124111
3QS1Pd0g7D8qtsbjlc7sja,Theorix Charm,0.5648323407265803,0.5629898453711669,0.5614347400879832,0.565156631706511
2mtJ0uY7x8P6FY1mvgySx9,Vigorbloom Charm,0.5706132465221053,0.5672902373255307,0.5749332142889136,0.5793508864392977
w4p1Mr7VevyaDJXhAQgXP,Whiplash Wordsmith,0.542988581323684,0.5414525448117001,0.537712214014595,0.5375228445928281
1YqmpbGEIaQSUvgJC3uGnN,Overwrite the Multiverse,0.6022555238731564,0.5865297611382633,0.5785238989582043,0.5824290069246582
1fejIWqePFNPqcjQhhsLB3,Prophesied End,0.5738255961465376,0.5724024993781563,0.5558846918741324,0.548854876386442
47sfuLAEVm8uuCnRSkfkMI,Fatehold Chronologist,0.5601316661995536,0.5645376003703113,0.5604562531897618,0.5684298824443077
6rhrUvULK909WgGd4uqsbX,Eardrum Rattler,0.543269678149648,0.5470272494645668,0.5456998031131214,0.5443316258370121
1bGXN6CUCC0pfqPnNQ9fp7,Budding Insurgent,0.5434696956650241,0.5411900927215468,0.5423882726595557,0.54324410670684
6nsSpy0F1koxSR6xUUqRGL,Warrior's Blades,0.5778351900100427,0.5750443652871674,0.5828963595817577,0.5866605653609605
2x1IneGosfjbHgd6o4kanM,Tethermage's Advantage,0.5505662397743859,0.5526402764750614,0.5507961033208368,0.5526262660982586
2BpKme5faR6oKC31XmJBiO,Solitary Cell,0.5717556825053168,0.5689599561945448,0.5736329542835524,0.583273546617546
1YPVhItf9FTyUC2XlLIhJb,Hexhaven Invigorator,0.5576987051059511,0.5638014631917109,0.5739774243439899,0.575189774873727
5Ptiqs88EALICfVG0fgFCl,"Karn, Gilded Guardian",0.5439400062454713,0.5531086828434747,0.5500794265093847,0.5422844567521191
1uJUI3r4afmMIWSNIWlC4U,"Karn, Argent Defender",0.5468700551363476,0.5402324141732854,0.5256623374550339,0.5291139047380788
4aX71Lu65JuwsiLzGGKBpa,Deserted Beach,0.5471716936001592,0.547308442787864,0.5468471120051065,0.5429006849700727
6WqdeMTwdPjccoEEoQDULQ,Haunted Ridge,0.532551412607326,0.5326449086192769,0.541965352220939,0.5388520284511528
46h6OWfqJlLScW857kIKWq,Overgrown Farmland,0.5471716936001592,0.547308442787864,0.5454610150297649,0.5429635994238736
7cbcKRJKvctEusRS33CGJ9,Ghalta the Immovable,0.542322619678712,0.5441200572573355,0.5553417368751621,0.5480055831820262
4NNKRfOfuwj3cAe2G2V9w9,"Jiang Yanggu, Alone",0.5422340401716399,0.5438628454252997,0.5427088105841339,0.547151967505522
6xvbg9nNOrz5S19KKiCgNx,Ghalta the Unstoppable,0.5529970887502883,0.5528570433626674,0.5600927740776452,0.555152157201682
1ZOFpcq8mz3ZyMUhtuiHub,"Jiang Yanggu, Never Alone",0.5799481352706107,0.588266652299208,0.5877160555151094,0.5887509817713072
3HAQD1yonKA23EhkP2Hfwo,Academic Ascent,0.556936153601607,0.557572888688882,0.5578516280282942,0.5573158429563745
7zwnWgc2oP4J0Kcmbx2poO,Campus Crier,0.5556931275339837,0.5563711934659635,0.5538423130621235,0.5584655501948776
5dZz7O2PjwfQwEcKKFFJg2,Loyal Tutor,0.5199209691325989,0.5097551803919528,0.5028350578672048,0.4784708141181397
7mo8ZE818h5oKynkPnaAzk,Countersculpt,0.5680755820710947,0.5722926347577427,0.5635343919110136,0.5590445736683407
2xgF9Cn9tZjdSa4e0JASFw,Diviner of Victory,0.601157752103078,0.5851492832140656,0.584728794386728,0.578348590974914
659LYTXO4cqaSSONOBpaFK,Jace's Machinations,0.5725668363771499,0.5615787623736147,0.5354981297477049,0.5568794298833707
2oZf62Upza01G6IfqTbf1M,No Admittance,0.5667580693296035,0.5678040906263245,0.5707923829343936,0.5763957589375632
7nNL946Kz9UgLwqhy2194e,Arcane Amphisbaena,0.565567106120829,0.5583746749033204,0.5724125879871862,0.580275234863498
5CpNCmB8CexpfP0Pj5mH9j,Inspired Tethermage,0.5343863804859686,0.5386237885998414,0.5410748145885235,0.5426719554851737
63my35ShXTsFtP2bgTd1B1,Aerid Konstrari,0.6084439959283859,0.610289954287515,0.6159770311995084,0.6252319897901178
40pvsInwq2a57dNvuEWucM,Avatar of Burgeoning Echoes,0.6129668615812328,0.6100720509526422,0.5885906604708234,0.5824104090601524
2poiwYjFkcVUpU2WCChrEL,Clash of Elements,0.555540962868014,0.5527424542233704,0.559218661462888,0.5519759920958801
5OcrIN4krPTptOYChcPshI,Denzilore Fatehold,0.5733262714264389,0.5763028128939538,0.5841181297485999,0.5842459310316114
1AG7mLwvPLS5NrJ1WGb5xA,Ingris Stingerquill,0.6172650483576323,0.6110099589445918,0.6134009836354969,0.6162065941203839
3cHbMaU0u0qtkDCL5K8Br2,Kwia Vigorbloom,0.6117567053667118,0.6112254312419279,0.6171183390248507,0.6216859080790585
5hDVau0UptgG5DhIXvgYd0,Keeper of the Quiet Hour,0.5483267113726085,0.5568961430680357,0.5596063493804687,0.574136792052744
2fcXebVvfitzyrRn40HGGS,Eye of Ugin,0.5442043441336558,0.5290474630824561,0.5314761164647933,0.5366569425257125
7F2PSFKgdFt3W3BEn0gqeJ,Austere Command,0.5988574038849527,0.6206623548348763,0.6127086949402049,0.596780508273368
3HCWsIrUaZ452EPAa2JtMO,Flesh Duplicate,0.5498924994002201,0.5495260139556178,0.5486102438085021,0.5537736366033196
3UMNyipZjHPeGEvAHpLkEt,Consign to Memory,0.55041851066694,0.5320676831726403,0.521413219554778,0.5025895191594525
a2wtVX3AxRbppK1FvItjB,Sublime Epiphany,0.6024508604135348,0.604699933578716,0.5947795555324101,0.6029496897258229
3HmPdLDlPCQLQICwaE8vE3,Consider,0.5282838435664315,0.5265550688415782,0.5394982443633008,0.5352997413713362
HaxxU3G2a9bAJpPSqzFXV,Necrodominance,0.5580877770926401,0.563737265156258,0.5347552428029332,0.5393005636054321
2OEk60qFM8Cu4aU3VieIYy,Mind Twist,0.54088845854639,0.5356869991530381,0.5188620355267703,0.52418217472252
1Zy1zzCYdzZ7LaDq4pgMqR,Splinter Twin,0.5414015870185515,0.530494299342232,0.5125592479433538,0.5067510696629806
6a1uYz4LT49NjnfASJ4f16,Root Maze,0.5250727199299946,0.5079731972306438,0.493419104978785,0.4593626675101559
7Ert3SGOU0S4keqPs1eypm,Memory Trap,0.5758018748956178,0.5759101975357239,0.5756285709480414,0.5764358976264349
43xm5ij0zbxQD2phKosbFg,Icy Reception,0.5574034026655702,0.5551404816090102,0.5497107912113254,0.5538291965891949
2PFrxLGZjAK2WaafNCtYOa,Return to the Light Realms,0.5370972585957553,0.535421196968415,0.5387552194710619,0.529777829218663
7dYgaZtxDFZDhkk3TwU9Zu,Rockfall Vale,0.532551412607326,0.5326449086192769,0.5331557736785265,0.5359918872363151
3LgP47myneWXQkvCMzXdCB,Shipwreck Marsh,0.5471716936001592,0.547308442787864,0.5468471120051065,0.5478108770346235
2lONoVBKtW0NjuvMhHIzw4,Theorist's Sanctum,0.5492523488347123,0.542683479336761,0.5466778226230985,0.5335822952346967
641HivQCOqeNAc24SAFYGP,Way of the Cryomancer,0.5518237882991567,0.5542671678426129,0.5421524740261019,0.5495667930874728
6XZZySmoxxQHW62w0s3Jf0,Way of the Pyromancer,0.5648275537429673,0.5678518071579118,0.546385329029039,0.5327292035916048
1WY0Q5EkTi18JwRubxLyAr,Repurposed Enforcer,0.6041153374962375,0.6028032880998119,0.5922899433816922,0.5966499254260401
lMub2eaP7E1amklpSDRgb,Protege's Awakening,0.5603267814556449,0.5584706465766187,0.551678427134413,0.5618747982241773
2HLTckp5zpiD5GSr1sURNS,Theorist's Proxy,0.5955893575141671,0.5923975489503884,0.5837758895145811,0.5778983455315508
2kYq1UDIejUuBLr06wX6FI,Rewrite Regrets,0.553921450805568,0.5490397188590634,0.5475192499546924,0.5563095645804649
6UDoGhwf35CBPlFo2m5Z7R,Solve for Disappointment,0.5520693022288964,0.550225333724303,0.5424592663496232,0.5476239927753568
1vtyrCY2U0A7TdgmvsFb4A,Pompous Battlemage,0.5723825318096764,0.571505559733665,0.5669042628699609,0.5609610103437704
3mLlh2dZW0XzdUyfShJBhL,Something Worth Saving,0.547669370295843,0.5489075719173373,0.5460382131648117,0.5454631450171125
1o56Gd6Dn6rT5EyjTifk3y,Tam's Resistance,0.5597880858211347,0.56274625947039,0.5505810703929971,0.5636143091434234
2OcyZ5ibfKhNjhLDATVVhm,Uldaros Theorix,0.6112162220036986,0.6069135156218106,0.6026782458014861,0.6051277990729456
1ZNR1IotKdOQsL8a1YSjYq,Restore with Empathy,0.5334194399974711,0.5363652505336276,0.5354170957129275,0.539336949524888
7egJhQ3jQxqxoHdOudqNTW,Charge the Sanctum,0.538290771594797,0.5378310827121506,0.5414504790756709,0.5429336465297018
3C9jOUOowb3gV0yB9bWvUK,Compel Brutality,0.563435900354027,0.5638681831712302,0.5673015433750962,0.5720272644358547
zIO406uJacZgxyYL5tMCF,Generous Revival,0.5335744376386873,0.525191945011545,0.543247079550655,0.54225477132079
2phGCulknqharBSezBhLPa,Cast Away Doubt,0.5344429410511901,0.5351269105472505,0.5371327787520771,0.5404343537640915
1hZRR2jqtju34l63vTvCQU,Perfected Theory,0.5598543561747438,0.5502451594140635,0.5614171561018864,0.557632735412828
livjfLCIoggT140o7ZDXE,Ajani Resolute,0.5866452117518555,0.5891552864556107,0.569059913819807,0.5629918525098941
o2MTvw1YXYEnrn80lHRH8,Ajani Unrelenting,0.6261893381718217,0.6402891073350448,0.6400510579545403,0.644101429647851
3rWcRPhY1R5vJr6O9kjykY,"Chandra, Chill of Compliance",0.590487887570491,0.5852170423176773,0.575057542197846,0.5842991479676072
5niZtBBA6SUmKDx6znNInK,"Chandra, Torch of Defiance",0.599293863729567,0.6120085214064902,0.6149363431422591,0.618804115426279
1BrzcBFb7SkHGrJRjP1CYi,Craterclaw Colossus,0.5693540319658492,0.5713985343929016,0.5636488236311382,0.5591416245570223
1AdYdIsiGlq6dNtICkGA4G,Enlightened Confidant,0.5736871445854911,0.5824909314664558,0.5815152595580169,0.5691135801002273
7o0hjTMVT5Z2jHz68mAFMS,"Garruk, Curse Breaker",0.6113192746115996,0.6148311856840013,0.6193001457308375,0.6225452677686284
2GMDnbW2UC34yxJTD6fieG,"Garruk, Veiled Butcher",0.6148286761968359,0.6234634736821517,0.6233358639132333,0.6315538738360343
HIoEt2llUxWzRD9TwUiSb,Liliana the Faultless,0.5939376479465249,0.5841861277497833,0.5663047925844906,0.5624720916453688
oGYUKdDZ04rzrVl1OulSW,Liliana the Repentant,0.5936991498809853,0.5915250631803707,0.5709667927632518,0.5828834539338812
4Y3nmHJpU2y1PxHYg3WMkE,Paradox Shaper,0.5647136431393038,0.5576640220637177,0.5434121688639121,0.5435598451742713
3WNAfUbYGesC4XhvfHBd0B,Prudent Fateseer,0.5748026915134212,0.5768181103432508,0.5728191936125674,0.577151653075804
3TXol4pgk9OATdQJyTobWd,Stingcaster Mage,0.5834112528671292,0.5741393357312243,0.5711837520288104,0.565503465863899
616VHndNcFzVDmiKypVy4s,Stingerquill Voxmancer,0.5649717232044322,0.567020916147555,0.5635520690450885,0.5568377148064153
7cDrYpDwTS5QdkXomnVhg0,"The Theorist, Jace Beleren",0.6136089894202327,0.6078364288091366,0.6255560967586408,0.6431597119295671
4YEfhDhuiXf2E33adoW1nd,"Tinybones, Pocket Nuisance",0.5768357539008816,0.5740020120854279,0.574367655503787,0.5717944056481727
5gMkskrNqKXd7aOJbIBuLn,"Titanbones, Towering Heart",0.5509289524900336,0.545625198723018,0.5467242634157142,0.5420052182185312
eVxZHr4AbNLagh6jrrTWk,Vigorbloom Vanguard,0.5638215681603669,0.5660464990081112,0.5642999263196964,0.5664077642902248
4ZDOVzQS93fgnqXfYi0D0Y,Woodwork Prodigy,0.5643868317192199,0.5613363961007253,0.5608280983387898,0.5623344562780112
5zeRaetWPR4svp68oYNOGR,Bloodline Recollector,0.552914850084749,0.5530053541845344,0.5546446382660952,0.5533027777914092
ZWSaj3ESS3wGuFQdx5tYL,"Tomik, Orzhov Lawmage",0.5523952120637255,0.5573374962719193,0.5555496895152723,0.5642905238188293
21sQpQVWWzfOnrBBABvPp2,"Samut, Hazoret's Champion",0.5563648210542332,0.5570265477615538,0.5547010358026557,0.5512655490032256
7GLLpPealdPbZQfjfNKVYi,Way of the Wildspeaker,0.5776003185913369,0.575809916298922,0.5617951245920643,0.5796988559123575
7Av8PIQ6QEKjakby6MgU8L,Extrapolate the Impossible,0.5271015664189895,0.5068079888683625,0.4982754368523505,0.5023167471667082
6B6Iu3esxCTKYypqbOz7eO,"Samut, Tyrant of Naktamun",0.5472439050182332,0.5478077340889039,0.5420749952047258,0.5357501582450576
6JBxrgSNR3vWI5LqjKtVaP,Way of the Warlord,0.5777407881891593,0.5780062518930004,0.559869049599914,0.5775518376923446
56SeTApCEkocHh73LyW6ah,Way of the Mentor,0.5617077946930572,0.5658759699156773,0.5498691336618947,0.5684684589618377
4tZCwc5wmWPkGMm8DtM3tA,Artifist Acumen,0.5274395506779336,0.5269575876638337,0.5308410013090112,0.5241577964453684
3UxvNkhPUZAqpHxkPDdIjY,Your Fate Ends Here,0.5742970524898026,0.5756294851877093,0.5773570347154323,0.5762299523442026
3iGR8M4dTEqrzJVQ8f2fv9,Way of the Healer,0.5616351960538082,0.5695929857845498,0.5796961758232896,0.5874432754043596
3gEXa0yrZZMBskpskvAb1T,Way of the Deathbringer,0.5645880261681254,0.5687809145147539,0.5779452492398672,0.5765018864220502
2OFlhAnCYxJINEOdiIshD6,"Tomik, Izzet Sparkmage",0.5485460366854971,0.5477313243628812,0.5407856067398548,0.5433582848667203
2Ner66o65BhFl29j54KvE5,Way of the Paradox,0.5721585806298672,0.568955282089148,0.5657705848666799,0.5592546737383484
24flJHTthDzlDMy0IGLs0R,Way of the Mind Sculptor,0.5719905901258134,0.5684970241281186,0.5507245532532504,0.5680499592268798
120nE5l6PDh10RqvHUiedW,Way of the Necromancer,0.5521766071224675,0.5567352686554746,0.5429278796119461,0.5416514330383778
