set,pair,f_pred,f_act,n,games,wr,wr_h0,wr_h1,wr_c
AFR,WU,0.5447,0.5278,64,9196,50.1087,50.2317,49.9893,-4.4285
AFR,WB,0.5449,0.5468,64,20285,54.5378,55.0493,54.0462,0.0006
AFR,WR,0.5447,0.5412,65,32258,54.65,54.6734,54.627,0.1128
AFR,WG,0.545,0.5349,65,30093,55.797,55.8212,55.7729,1.2598
AFR,UB,0.5456,0.5425,63,15346,54.2096,54.6704,53.7611,-0.3276
AFR,UR,0.5453,0.5355,64,13648,52.5059,52.047,52.9412,-2.0313
AFR,UG,0.5455,0.5298,64,10630,53.5748,53.6852,53.4608,-0.9624
AFR,BR,0.546,0.5548,64,62870,58.912,58.9343,58.8895,4.3748
AFR,BG,0.5454,0.5472,64,18665,54.5084,54.1308,54.8642,-0.0288
AFR,RG,0.5457,0.5422,65,24072,56.5678,56.65,56.4833,2.0306
BLB,WU,0.5528,0.5479,60,18415,52.8754,52.7023,53.0523,-2.1777
BLB,WB,0.5517,0.5582,60,66508,55.9827,56.0355,55.93,0.9297
BLB,WR,0.5513,0.5415,60,55497,54.848,55.0571,54.6334,-0.2051
BLB,WG,0.5521,0.5534,60,71436,57.1379,57.6572,56.6103,2.0848
BLB,UB,0.5518,0.5521,60,34166,54.3084,54.2223,54.3958,-0.7447
BLB,UR,0.5513,0.5356,60,25536,51.1278,51.1509,51.1049,-3.9253
BLB,UG,0.552,0.5479,60,57415,55.7485,55.8567,55.6395,0.6954
BLB,BR,0.5504,0.5468,60,58386,56.7037,56.6941,56.713,1.6506
BLB,BG,0.5508,0.5576,60,72169,56.8222,56.761,56.8833,1.7691
BLB,RG,0.5502,0.5413,60,29118,54.9763,54.9969,54.9556,-0.0768
BRO,WU,0.5458,0.5475,49,47222,57.7019,57.5069,57.8972,2.0672
BRO,WB,0.5465,0.5447,49,25454,54.4394,54.4481,54.4309,-1.1953
BRO,WR,0.548,0.5519,47,45385,58.4356,58.7001,58.1725,2.8009
BRO,WG,0.5464,0.5484,48,31378,55.6313,55.4088,55.8667,-0.0034
BRO,UB,0.5442,0.543,49,30378,54.1543,54.5198,53.7878,-1.4804
BRO,UR,0.5455,0.5501,47,30453,57.0124,56.9584,57.0719,1.3778
BRO,UG,0.5435,0.546,48,19589,52.5346,53.3374,51.7409,-3.1001
BRO,BR,0.5466,0.5468,47,63174,54.7694,54.5767,54.9604,-0.8653
BRO,BG,0.5449,0.545,48,41822,55.105,54.947,55.2648,-0.5297
BRO,RG,0.5465,0.5512,46,32546,56.563,56.4979,56.6264,0.9283
DFT,WU,0.5465,0.5427,58,31754,54.2924,54.527,54.0473,-1.3137
DFT,WB,0.5487,0.5437,57,24128,56.1878,56.322,56.0478,0.5817
DFT,WR,0.5476,0.5321,58,25613,52.5397,53.2479,51.8159,-3.0664
DFT,WG,0.5473,0.5474,58,35848,56.6587,56.5072,56.8096,1.0526
DFT,UB,0.5469,0.5517,57,49743,55.3867,55.4211,55.3523,-0.2194
DFT,UR,0.5461,0.5413,58,48249,54.0343,54.1988,53.8677,-1.5718
DFT,UG,0.5455,0.5554,58,57531,57.635,57.5945,57.6749,2.0289
DFT,BR,0.5477,0.5426,57,45111,56.0462,56.2663,55.8179,0.4401
DFT,BG,0.5468,0.5572,57,77828,57.3598,57.3752,57.3446,1.7537
DFT,RG,0.546,0.5454,58,34406,55.9205,55.9521,55.8889,0.3144
DMU,WU,0.548,0.5663,58,12858,57.9095,57.7179,58.1028,0.0945
DMU,WB,0.5502,0.5653,58,23119,59.5441,59.6491,59.4368,1.7291
DMU,WR,0.5503,0.563,58,23903,61.0927,61.3539,60.8417,3.2778
DMU,WG,0.5487,0.5652,58,3706,59.4172,60.1545,58.7117,1.6022
DMU,UB,0.5441,0.56,58,10278,56.762,56.4347,57.09,-1.0529
DMU,UR,0.5439,0.5584,58,28566,58.0935,58.1932,57.9941,0.2786
DMU,UG,0.5428,0.5625,58,1214,54.6952,56.0403,53.3981,-3.1197
DMU,BR,0.5463,0.5562,58,8394,56.2664,56.259,56.2738,-1.5486
DMU,BG,0.5453,0.5607,58,3455,56.4399,56.4334,56.4468,-1.375
DMU,RG,0.5446,0.5576,58,3380,57.929,57.7259,58.1381,0.114
DSK,WU,0.5499,0.5525,62,104787,57.4375,57.4137,57.461,2.5927
DSK,WB,0.5505,0.5445,62,37913,52.5835,52.3404,52.8249,-2.2612
DSK,WR,0.5486,0.5529,62,114571,57.484,57.4311,57.5353,2.6393
DSK,WG,0.5471,0.5491,62,31890,53.3553,53.2632,53.4413,-1.4895
DSK,UB,0.55,0.5427,62,24752,51.5999,51.2288,51.9681,-3.2449
DSK,UR,0.5477,0.5493,62,35153,52.9201,52.2967,53.5476,-1.9247
DSK,UG,0.5467,0.5503,62,57357,56.2651,56.0771,56.4484,1.4204
DSK,BR,0.5484,0.5439,62,56947,55.6237,56.0008,55.2478,0.7789
DSK,BG,0.5482,0.5433,62,41725,55.0054,55.1048,54.9047,0.1606
DSK,RG,0.5457,0.55,62,64903,56.1731,56.1134,56.234,1.3283
ECL,WU,0.5502,0.5554,61,63986,57.0062,57.0353,56.9769,2.828
ECL,WB,0.5504,0.547,60,3946,50.076,48.2724,51.8706,-4.1022
ECL,WR,0.5501,0.5447,60,2612,52.1822,52.0755,52.2922,-1.996
ECL,WG,0.5496,0.5564,61,40108,57.607,57.3575,57.8608,3.4287
ECL,UB,0.5484,0.5467,60,5444,51.1389,51.7851,50.4398,-3.0394
ECL,UR,0.5483,0.5474,61,14771,56.4755,56.3444,56.603,2.2973
ECL,UG,0.5464,0.554,60,486,48.3539,46.1224,50.6224,-5.8243
ECL,BR,0.5503,0.5409,61,31439,54.3783,54.5591,54.1912,0.2001
ECL,BG,0.5488,0.5517,61,49268,58.7785,58.7919,58.7649,4.6003
ECL,RG,0.5483,0.5482,60,579,55.7858,56.9395,54.698,1.6076
EOE,WU,0.5479,0.555,65,43867,56.0353,55.8917,56.1844,0.4553
EOE,WB,0.5493,0.5541,65,43383,56.4092,56.6948,56.1179,0.8292
EOE,WR,0.5495,0.5479,64,19352,53.8962,54.1374,53.6542,-1.6838
EOE,WG,0.5496,0.5567,65,38321,56.2485,56.0767,56.4221,0.6685
EOE,UB,0.5461,0.5554,65,48002,55.4394,55.9063,54.9889,-0.1406
EOE,UR,0.5464,0.5492,64,30366,54.0769,54.2355,53.9144,-1.5031
EOE,UG,0.5469,0.5586,65,35589,57.5515,57.98,57.1236,1.9715
EOE,BR,0.548,0.549,64,45187,55.9851,55.8252,56.1479,0.4051
EOE,BG,0.548,0.557,65,16301,53.8556,53.8452,53.8659,-1.7244
EOE,RG,0.5484,0.5519,64,29688,56.3022,56.3215,56.2826,0.7222
FDN,WU,0.5509,0.5461,64,69375,56.7077,56.5383,56.87,1.6293
FDN,WB,0.5509,0.5488,63,97429,55.6487,55.699,55.5976,0.5703
FDN,WR,0.5516,0.5407,63,48350,55.909,55.8816,55.9367,0.8306
FDN,WG,0.5528,0.5425,63,44369,55.1691,55.0107,55.3242,0.0907
FDN,UB,0.547,0.5461,64,74020,55.5444,55.5654,55.5232,0.466
FDN,UR,0.5474,0.5373,64,46227,53.2676,52.8184,53.7176,-1.8109
FDN,UG,0.5488,0.5392,64,28662,53.0947,52.9691,53.2206,-1.9837
FDN,BR,0.5471,0.5408,63,65476,55.6891,55.8259,55.5497,0.6107
FDN,BG,0.5487,0.5422,63,28827,52.8775,52.9012,52.8548,-2.2009
FDN,RG,0.5491,0.535,63,42835,56.8764,56.9341,56.8202,1.798
HOB,WU,0.5516,0.5514,39,44468,56.4586,56.6975,56.2142,1.0634
HOB,WB,0.5524,0.5631,36,3076,56.9896,56.724,57.2661,1.5944
HOB,WR,0.5541,0.5597,39,39784,56.7741,56.9732,56.5752,1.3789
HOB,WG,0.5513,0.5488,36,635,50.3937,53.1847,47.6636,-5.0015
HOB,UB,0.5512,0.5586,36,6571,53.8883,53.9509,53.8221,-1.5069
HOB,UR,0.5523,0.5558,36,2027,56.1421,56.7735,55.566,0.7469
HOB,UG,0.5512,0.5454,39,12674,52.4933,52.3388,52.6527,-2.9019
HOB,BR,0.5542,0.5685,39,63835,58.0763,58.0477,58.1048,2.6811
HOB,BG,0.5512,0.5578,39,41595,57.4588,57.3912,57.5297,2.0636
HOB,RG,0.5521,0.5555,36,1317,55.2771,56.3342,53.913,-0.118
LCI,WU,0.5479,0.5525,60,93163,58.1475,58.2272,58.0694,2.7533
LCI,WB,0.5461,0.5427,61,37676,53.2806,53.3248,53.2364,-2.1136
LCI,WR,0.5459,0.5494,61,68217,56.6589,56.5423,56.7767,1.2647
LCI,WG,0.5472,0.5488,61,24118,55.9043,55.9194,55.8888,0.5101
LCI,UB,0.5452,0.5423,61,42902,53.8996,54.3509,53.4619,-1.4946
LCI,UR,0.5453,0.5494,61,84347,58.2333,58.3846,58.0779,2.839
LCI,UG,0.5465,0.5477,61,18602,53.9781,54.4369,53.5026,-1.4162
LCI,BR,0.5432,0.539,61,25646,52.5813,53.0516,52.073,-2.8129
LCI,BG,0.5443,0.5386,61,30159,53.9971,54.1425,53.8528,-1.3971
LCI,RG,0.5446,0.5457,61,58631,57.2615,57.4809,57.0413,1.8673
LTR,WU,0.5471,0.5519,62,18305,53.1112,53.0247,53.199,-2.4356
LTR,WB,0.5499,0.5672,62,52393,57.8112,57.9293,57.6942,2.2644
LTR,WR,0.5484,0.5625,62,49809,57.1563,57.1949,57.1184,1.6096
LTR,WG,0.5467,0.5378,62,17174,52.399,52.3766,52.4218,-3.1478
LTR,UB,0.5466,0.569,62,46241,56.8759,57.2101,56.5408,1.3292
LTR,UR,0.5456,0.5655,62,62289,57.1016,57.2335,56.9636,1.5548
LTR,UG,0.5436,0.5391,62,15885,49.9465,49.4518,50.4403,-5.6002
LTR,BR,0.5483,0.5781,62,104534,59.8026,59.7698,59.835,4.2558
LTR,BG,0.5461,0.5542,62,17878,56.2871,56.485,56.0758,0.7403
LTR,RG,0.5457,0.5488,62,7958,54.9761,53.7794,56.1356,-0.5706
MID,WU,0.5495,0.5595,51,56061,59.2783,59.4352,59.1177,3.3084
MID,WB,0.5484,0.557,51,58024,56.8592,56.4926,57.2283,0.8893
MID,WR,0.5494,0.5438,52,25613,55.2376,55.2077,55.2679,-0.7323
MID,WG,0.5487,0.549,51,39384,57.5716,57.5705,57.5728,1.6017
MID,UB,0.5488,0.5636,51,115743,58.2402,58.2864,58.1939,2.2703
MID,UR,0.5487,0.5485,52,30447,53.3419,53.6623,53.0086,-2.6281
MID,UG,0.549,0.5556,51,31416,58.0246,57.6223,58.4219,2.0546
MID,BR,0.5482,0.5457,51,41835,54.5118,54.4834,54.5394,-1.4582
MID,BG,0.5469,0.5498,50,22713,54.5987,54.5633,54.6365,-1.3712
MID,RG,0.5477,0.5363,50,20905,52.0354,52.4848,51.5619,-3.9345
MKM,WU,0.5499,0.541,57,50274,56.2617,56.1292,56.3905,0.4093
MKM,WB,0.5508,0.5367,57,26805,56.4895,57.0058,55.962,0.6371
MKM,WR,0.5494,0.544,57,94893,59.3595,59.4174,59.3017,3.5071
MKM,WG,0.5504,0.5468,57,25204,57.4869,57.6757,57.3013,1.6345
MKM,UB,0.5499,0.5306,57,15811,52.7797,52.239,53.3083,-3.0727
MKM,UR,0.5495,0.5377,57,40253,55.812,55.9106,55.7155,-0.0404
MKM,UG,0.5497,0.5403,57,16937,56.8046,57.0248,56.5714,0.9522
MKM,BR,0.5498,0.5333,57,24782,54.0433,54.1188,53.9691,-1.8091
MKM,BG,0.5501,0.5359,57,13475,54.2783,54.2805,54.2761,-1.5741
MKM,RG,0.548,0.5407,57,17702,55.2085,55.1531,55.2671,-0.6439
MOM,WU,0.549,0.5495,55,79130,58.4835,58.3896,58.5754,2.961
MOM,WB,0.5486,0.5431,55,37068,52.803,52.4009,53.2077,-2.7195
MOM,WR,0.5473,0.5339,55,35028,54.8161,55.0848,54.5496,-0.7063
MOM,WG,0.5485,0.5404,55,38566,55.4841,55.8396,55.1168,-0.0384
MOM,UB,0.5491,0.5505,55,85005,58.2589,58.2977,58.2193,2.7365
MOM,UR,0.5477,0.5403,55,40009,55.1176,55.4663,54.7627,-0.4049
MOM,UG,0.5483,0.5462,55,21968,55.8767,55.4834,56.2884,0.3543
MOM,BR,0.547,0.5352,55,44363,54.1893,54.4262,53.9425,-1.3332
MOM,BG,0.5491,0.5423,55,31459,55.7392,55.7954,55.6845,0.2168
MOM,RG,0.547,0.5321,55,24315,54.4561,54.9323,53.9656,-1.0664
MSH,WU,0.5493,0.5682,62,49681,59.2138,59.1948,59.2325,3.7331
MSH,WB,0.5502,0.559,62,13886,56.6398,56.6128,56.6667,1.1591
MSH,WR,0.5483,0.5445,62,13162,55.9717,55.8093,56.1293,0.4911
MSH,WG,0.5502,0.5637,62,18315,57.1553,57.0868,57.2241,1.6747
MSH,UB,0.5485,0.5559,62,14467,54.7937,54.2971,55.2628,-0.687
MSH,UR,0.5466,0.5424,62,14493,53.5707,53.1268,53.9678,-1.91
MSH,UG,0.5482,0.5603,62,10923,56.7976,56.904,56.6872,1.3169
MSH,BR,0.5483,0.5337,62,10573,52.3598,52.6184,52.1101,-3.1209
MSH,BG,0.5494,0.554,62,7923,55.3957,56.1567,54.5857,-0.085
MSH,RG,0.5477,0.5401,62,5982,52.9087,54.147,51.691,-2.572
NEO,WU,0.5411,0.5466,60,26688,55.7292,55.6785,55.7794,-0.5278
NEO,WB,0.5439,0.5525,58,33151,56.6016,57.1121,56.111,0.3447
NEO,WR,0.5436,0.5424,59,30875,53.6097,53.5832,53.6362,-2.6472
NEO,WG,0.542,0.5587,58,55527,57.2784,56.9784,57.5681,1.0215
NEO,UB,0.5412,0.5474,61,64668,58.1431,58.3938,57.892,1.8862
NEO,UR,0.5411,0.5383,62,31226,54.5411,54.632,54.4485,-1.7159
NEO,UG,0.5393,0.5524,61,26002,56.6187,56.7002,56.5331,0.3618
NEO,BR,0.5428,0.5443,60,53137,57.363,57.0648,57.6648,1.1061
NEO,BG,0.5418,0.5587,59,40656,58.2079,58.3869,58.0307,1.9509
NEO,RG,0.5413,0.5486,60,20752,54.4767,54.5613,54.3925,-1.7803
ONE,WU,0.5477,0.5336,60,39707,54.9374,54.5262,55.328,0.5353
ONE,WB,0.5476,0.5389,61,61088,55.8571,55.9257,55.7874,1.455
ONE,WR,0.5474,0.5547,61,76932,57.361,57.6974,57.0211,2.9589
ONE,WG,0.5462,0.5463,61,41682,56.065,56.102,56.0284,1.6629
ONE,UB,0.5475,0.519,60,27577,51.8911,51.855,51.9277,-2.511
ONE,UR,0.5473,0.5335,60,31607,52.3365,52.3096,52.3628,-2.0656
ONE,UG,0.5459,0.5255,60,13736,52.002,52.0679,51.938,-2.4001
ONE,BR,0.5474,0.5396,61,15467,53.4428,53.424,53.4627,-0.9593
ONE,BG,0.5453,0.5316,61,28937,51.9715,51.6701,52.2653,-2.4306
ONE,RG,0.5459,0.5477,61,113815,58.1567,57.8466,58.4619,3.7545
OTJ,WU,0.5501,0.5371,60,22231,51.941,51.9788,51.9041,-2.8239
OTJ,WB,0.5537,0.5496,60,28814,57.0382,57.292,56.7891,2.2734
OTJ,WR,0.551,0.5357,60,29493,56.0472,56.5652,55.5261,1.2823
OTJ,WG,0.5515,0.5572,60,81671,58.6059,58.6083,58.6034,3.841
OTJ,UB,0.5496,0.5364,60,29548,53.7126,53.6499,53.7747,-1.0523
OTJ,UR,0.5468,0.5228,60,25607,51.0017,51.5447,50.4321,-3.7632
OTJ,UG,0.5475,0.543,60,16587,53.9157,54.1851,53.641,-0.8492
OTJ,BR,0.5505,0.533,60,37207,53.7238,53.4192,54.0239,-1.0411
OTJ,BG,0.5512,0.555,60,44103,56.0506,55.9308,56.1702,1.2857
OTJ,RG,0.5483,0.5412,60,29312,55.612,55.5716,55.652,0.8472
SNC,WU,0.548,0.5604,53,28767,59.4744,59.6866,59.2704,5.5693
SNC,WB,0.5497,0.5482,49,1072,55.597,54.8828,56.25,1.6919
SNC,WR,0.5466,0.539,50,895,53.743,53.1317,54.3981,-0.1621
SNC,WG,0.5492,0.5538,53,16927,57.429,57.5839,57.2708,3.5239
SNC,UB,0.5472,0.5473,52,7705,55.3277,54.9451,55.7226,1.4226
SNC,UR,0.5442,0.5376,50,179,44.1341,44.0,44.3038,-9.771
SNC,UG,0.5472,0.5514,50,424,55.4245,48.2558,60.3175,1.5195
SNC,BR,0.5459,0.5261,52,25295,54.8053,55.1654,54.4422,0.9002
SNC,BG,0.5493,0.54,49,546,50.5495,47.5,53.7594,-3.3556
SNC,RG,0.5465,0.5297,53,5884,52.5663,53.0303,52.0933,-1.3388
SOS,WU,0.5493,0.5525,48,95,40.0,41.0256,39.2857,-12.4803
SOS,WB,0.5487,0.5577,58,71709,58.3651,58.5898,58.1385,5.8848
SOS,WR,0.5493,0.5595,58,82874,58.6843,58.6368,58.7305,6.204
SOS,WG,0.5489,0.5504,48,68,52.9412,48.6486,58.0645,0.4609
SOS,UB,0.5492,0.5512,48,81,55.5556,50.0,62.8571,3.0753
SOS,UR,0.5506,0.5552,58,46128,54.5222,54.3327,54.7091,2.0419
SOS,UG,0.5515,0.5487,58,15678,54.6116,55.3844,53.8092,2.1313
SOS,BR,0.548,0.5558,48,90,45.5556,38.0,55.0,-6.9247
SOS,BG,0.5497,0.5502,58,40062,55.6088,55.4401,55.7805,3.1286
SOS,RG,0.549,0.5518,48,96,48.9583,44.4444,51.6667,-3.5219
TDM,WU,0.5491,0.5538,50,532,57.8947,62.1145,54.7541,2.2819
TDM,WB,0.5529,0.5397,52,2690,56.6914,55.8749,57.3324,1.0786
TDM,WR,0.5526,0.5502,52,15331,59.9048,59.9271,59.8823,4.292
TDM,WG,0.5516,0.5517,50,488,58.6066,59.5833,57.6613,2.9938
TDM,UB,0.5484,0.5424,50,200,52.0,50.4587,53.8462,-3.6128
TDM,UR,0.5484,0.5521,52,1064,54.9812,51.9669,57.4871,-0.6316
TDM,UG,0.5474,0.5543,52,1321,57.078,58.8921,55.1181,1.4652
TDM,BR,0.5516,0.538,50,218,53.6697,50.495,56.4103,-1.9431
TDM,BG,0.551,0.5401,52,2740,58.2117,57.153,59.3258,2.5989
TDM,RG,0.5502,0.5497,50,189,47.0899,47.1264,47.0588,-8.5229
TLA,WU,0.5509,0.5627,63,38811,57.9346,58.1299,57.7456,1.395
TLA,WB,0.5512,0.5555,63,15155,56.2125,56.9823,55.4458,-0.3272
TLA,WR,0.5536,0.5574,63,27188,58.1543,57.7243,58.5839,1.6147
TLA,WG,0.552,0.5582,63,15004,58.1512,57.7488,58.5456,1.6115
TLA,UB,0.548,0.5547,63,24628,56.9108,57.4405,56.3668,0.3712
TLA,UR,0.5493,0.5562,63,21346,57.2566,57.771,56.7206,0.717
TLA,UG,0.5483,0.5564,63,2640,53.9773,54.964,52.88,-2.5624
TLA,BR,0.5497,0.5473,63,14143,54.8681,54.4252,55.3057,-1.6715
TLA,BG,0.548,0.5484,63,9836,56.1915,56.6808,55.6965,-0.3481
TLA,RG,0.5496,0.5495,63,8703,55.7394,55.6661,55.815,-0.8002
TMT,WU,0.5562,0.5707,35,806,59.6774,60.3491,59.0123,5.6003
TMT,WB,0.5551,0.5708,40,28017,59.3104,59.3228,59.2978,5.2333
TMT,WR,0.5557,0.5629,40,12728,56.4346,56.4131,56.4559,2.3575
TMT,WG,0.5543,0.5725,36,341,55.7185,50.3185,60.3261,1.6414
TMT,UB,0.5528,0.5622,35,528,50.947,54.2308,47.7612,-3.1301
TMT,UR,0.5537,0.5591,39,25421,58.554,58.5278,58.5803,4.4769
TMT,UG,0.5529,0.5639,39,2511,49.9004,50.5831,49.0781,-4.1767
TMT,BR,0.5517,0.5556,36,245,49.3878,48.8372,50.0,-4.6893
TMT,BG,0.5511,0.564,40,5084,54.0519,53.8786,54.2339,-0.0252
TMT,RG,0.5515,0.5573,36,109,46.789,51.0638,43.5484,-7.2881
VOW,WU,0.5458,0.5346,54,47491,56.0275,56.1509,55.9029,1.0368
VOW,WB,0.5483,0.5337,55,44117,55.0536,55.2125,54.8962,0.063
VOW,WR,0.5463,0.533,55,26996,55.8231,55.2564,56.3946,0.8324
VOW,WG,0.5447,0.5242,55,32190,53.06,53.2671,52.8471,-1.9307
VOW,UB,0.5476,0.5388,55,54146,54.1979,54.3931,53.9972,-0.7927
VOW,UR,0.5458,0.5387,55,31669,56.0738,56.5564,55.5866,1.0831
VOW,UG,0.5436,0.5299,55,15064,53.4652,54.0854,52.8519,-1.5254
VOW,BR,0.5482,0.5376,55,70223,56.6196,56.8006,56.4349,1.629
VOW,BG,0.5456,0.5282,55,19781,53.4149,52.6424,54.1679,-1.5758
VOW,RG,0.5438,0.5271,54,50113,56.1711,55.9704,56.3707,1.1804
WOE,WU,0.5484,0.5308,53,15910,49.9874,50.3202,49.6122,-4.566
WOE,WB,0.5519,0.5407,57,30675,53.8191,54.1324,53.5119,-0.7344
WOE,WR,0.5503,0.5427,53,43563,57.3032,57.1091,57.5017,2.7497
WOE,WG,0.549,0.5383,55,19119,53.9829,54.1933,53.773,-0.5705
WOE,UB,0.5518,0.5471,53,31099,54.1947,54.3639,54.0204,-0.3588
WOE,UR,0.5494,0.5485,49,20849,53.6429,53.5308,53.7481,-0.9106
WOE,UG,0.548,0.5433,51,10328,51.3846,50.3136,52.4302,-3.1689
WOE,BR,0.5532,0.5588,53,51938,57.1932,57.2371,57.1474,2.6397
WOE,BG,0.5522,0.5542,55,44084,57.8056,57.5823,58.0249,3.2521
WOE,RG,0.55,0.5562,51,18911,56.2212,56.3559,56.0886,1.6678
