set,pair,games,wr,wr_h0,wr_h1,wr_c
AFR,WU,9196,50.109,50.232,49.989,-4.428
AFR,WB,20285,54.538,55.049,54.046,0.001
AFR,WR,32258,54.65,54.673,54.627,0.113
AFR,WG,30093,55.797,55.821,55.773,1.26
AFR,UB,15346,54.21,54.67,53.761,-0.328
AFR,UR,13648,52.506,52.047,52.941,-2.031
AFR,UG,10630,53.575,53.685,53.461,-0.962
AFR,BR,62870,58.912,58.934,58.889,4.375
AFR,BG,18665,54.508,54.131,54.864,-0.029
AFR,RG,24072,56.568,56.65,56.483,2.031
BLB,WU,18415,52.875,52.702,53.052,-2.178
BLB,WB,66508,55.983,56.035,55.93,0.93
BLB,WR,55497,54.848,55.057,54.633,-0.205
BLB,WG,71436,57.138,57.657,56.61,2.085
BLB,UB,34166,54.308,54.222,54.396,-0.745
BLB,UR,25536,51.128,51.151,51.105,-3.925
BLB,UG,57415,55.748,55.857,55.639,0.695
BLB,BR,58386,56.704,56.694,56.713,1.651
BLB,BG,72169,56.822,56.761,56.883,1.769
BLB,RG,29118,54.976,54.997,54.956,-0.077
BRO,WU,47222,57.702,57.507,57.897,2.067
BRO,WB,25454,54.439,54.448,54.431,-1.195
BRO,WR,45385,58.436,58.7,58.173,2.801
BRO,WG,31378,55.631,55.409,55.867,-0.003
BRO,UB,30378,54.154,54.52,53.788,-1.48
BRO,UR,30453,57.012,56.958,57.072,1.378
BRO,UG,19589,52.535,53.337,51.741,-3.1
BRO,BR,63174,54.769,54.577,54.96,-0.865
BRO,BG,41822,55.105,54.947,55.265,-0.53
BRO,RG,32546,56.563,56.498,56.626,0.928
DFT,WU,31754,54.292,54.527,54.047,-1.314
DFT,WB,24128,56.188,56.322,56.048,0.582
DFT,WR,25613,52.54,53.248,51.816,-3.066
DFT,WG,35848,56.659,56.507,56.81,1.053
DFT,UB,49743,55.387,55.421,55.352,-0.219
DFT,UR,48249,54.034,54.199,53.868,-1.572
DFT,UG,57531,57.635,57.595,57.675,2.029
DFT,BR,45111,56.046,56.266,55.818,0.44
DFT,BG,77828,57.36,57.375,57.345,1.754
DFT,RG,34406,55.92,55.952,55.889,0.314
DMU,WU,12858,57.909,57.718,58.103,0.095
DMU,WB,23119,59.544,59.649,59.437,1.729
DMU,WR,23903,61.093,61.354,60.842,3.278
DMU,WG,3706,59.417,60.155,58.712,1.602
DMU,UB,10278,56.762,56.435,57.09,-1.053
DMU,UR,28566,58.094,58.193,57.994,0.279
DMU,UG,1214,54.695,56.04,53.398,-3.12
DMU,BR,8394,56.266,56.259,56.274,-1.549
DMU,BG,3455,56.44,56.433,56.447,-1.375
DMU,RG,3380,57.929,57.726,58.138,0.114
DSK,WU,104787,57.437,57.414,57.461,2.593
DSK,WB,37913,52.584,52.34,52.825,-2.261
DSK,WR,114571,57.484,57.431,57.535,2.639
DSK,WG,31890,53.355,53.263,53.441,-1.489
DSK,UB,24752,51.6,51.229,51.968,-3.245
DSK,UR,35153,52.92,52.297,53.548,-1.925
DSK,UG,57357,56.265,56.077,56.448,1.42
DSK,BR,56947,55.624,56.001,55.248,0.779
DSK,BG,41725,55.005,55.105,54.905,0.161
DSK,RG,64903,56.173,56.113,56.234,1.328
ECL,WU,63986,57.006,57.035,56.977,2.828
ECL,WB,3946,50.076,48.272,51.871,-4.102
ECL,WR,2612,52.182,52.075,52.292,-1.996
ECL,WG,40108,57.607,57.358,57.861,3.429
ECL,UB,5444,51.139,51.785,50.44,-3.039
ECL,UR,14771,56.476,56.344,56.603,2.297
ECL,UG,486,48.354,46.122,50.622,-5.824
ECL,BR,31439,54.378,54.559,54.191,0.2
ECL,BG,49268,58.779,58.792,58.765,4.6
ECL,RG,579,55.786,56.94,54.698,1.608
EOE,WU,43867,56.035,55.892,56.184,0.455
EOE,WB,43383,56.409,56.695,56.118,0.829
EOE,WR,19352,53.896,54.137,53.654,-1.684
EOE,WG,38321,56.249,56.077,56.422,0.669
EOE,UB,48002,55.439,55.906,54.989,-0.141
EOE,UR,30366,54.077,54.236,53.914,-1.503
EOE,UG,35589,57.551,57.98,57.124,1.971
EOE,BR,45187,55.985,55.825,56.148,0.405
EOE,BG,16301,53.856,53.845,53.866,-1.724
EOE,RG,29688,56.302,56.322,56.283,0.722
FDN,WU,69375,56.708,56.538,56.87,1.629
FDN,WB,97429,55.649,55.699,55.598,0.57
FDN,WR,48350,55.909,55.882,55.937,0.831
FDN,WG,44369,55.169,55.011,55.324,0.091
FDN,UB,74020,55.544,55.565,55.523,0.466
FDN,UR,46227,53.268,52.818,53.718,-1.811
FDN,UG,28662,53.095,52.969,53.221,-1.984
FDN,BR,65476,55.689,55.826,55.55,0.611
FDN,BG,28827,52.878,52.901,52.855,-2.201
FDN,RG,42835,56.876,56.934,56.82,1.798
HOB,WU,44468,56.459,56.698,56.214,1.063
HOB,WB,3076,56.99,56.724,57.266,1.594
HOB,WR,39784,56.774,56.973,56.575,1.379
HOB,WG,635,50.394,53.185,47.664,-5.001
HOB,UB,6571,53.888,53.951,53.822,-1.507
HOB,UR,2027,56.142,56.774,55.566,0.747
HOB,UG,12674,52.493,52.339,52.653,-2.902
HOB,BR,63835,58.076,58.048,58.105,2.681
HOB,BG,41595,57.459,57.391,57.53,2.064
HOB,RG,1317,55.277,56.334,53.913,-0.118
LCI,WU,93163,58.148,58.227,58.069,2.753
LCI,WB,37676,53.281,53.325,53.236,-2.114
LCI,WR,68217,56.659,56.542,56.777,1.265
LCI,WG,24118,55.904,55.919,55.889,0.51
LCI,UB,42902,53.9,54.351,53.462,-1.495
LCI,UR,84347,58.233,58.385,58.078,2.839
LCI,UG,18602,53.978,54.437,53.503,-1.416
LCI,BR,25646,52.581,53.052,52.073,-2.813
LCI,BG,30159,53.997,54.143,53.853,-1.397
LCI,RG,58631,57.262,57.481,57.041,1.867
LTR,WU,18305,53.111,53.025,53.199,-2.436
LTR,WB,52393,57.811,57.929,57.694,2.264
LTR,WR,49809,57.156,57.195,57.118,1.61
LTR,WG,17174,52.399,52.377,52.422,-3.148
LTR,UB,46241,56.876,57.21,56.541,1.329
LTR,UR,62289,57.102,57.233,56.964,1.555
LTR,UG,15885,49.946,49.452,50.44,-5.6
LTR,BR,104534,59.803,59.77,59.835,4.256
LTR,BG,17878,56.287,56.485,56.076,0.74
LTR,RG,7958,54.976,53.779,56.136,-0.571
MID,WU,56061,59.278,59.435,59.118,3.308
MID,WB,58024,56.859,56.493,57.228,0.889
MID,WR,25613,55.238,55.208,55.268,-0.732
MID,WG,39384,57.572,57.57,57.573,1.602
MID,UB,115743,58.24,58.286,58.194,2.27
MID,UR,30447,53.342,53.662,53.009,-2.628
MID,UG,31416,58.025,57.622,58.422,2.055
MID,BR,41835,54.512,54.483,54.539,-1.458
MID,BG,22713,54.599,54.563,54.636,-1.371
MID,RG,20905,52.035,52.485,51.562,-3.935
MKM,WU,50274,56.262,56.129,56.391,0.409
MKM,WB,26805,56.489,57.006,55.962,0.637
MKM,WR,94893,59.359,59.417,59.302,3.507
MKM,WG,25204,57.487,57.676,57.301,1.635
MKM,UB,15811,52.78,52.239,53.308,-3.073
MKM,UR,40253,55.812,55.911,55.716,-0.04
MKM,UG,16937,56.805,57.025,56.571,0.952
MKM,BR,24782,54.043,54.119,53.969,-1.809
MKM,BG,13475,54.278,54.281,54.276,-1.574
MKM,RG,17702,55.208,55.153,55.267,-0.644
MOM,WU,79130,58.484,58.39,58.575,2.961
MOM,WB,37068,52.803,52.401,53.208,-2.72
MOM,WR,35028,54.816,55.085,54.55,-0.706
MOM,WG,38566,55.484,55.84,55.117,-0.038
MOM,UB,85005,58.259,58.298,58.219,2.736
MOM,UR,40009,55.118,55.466,54.763,-0.405
MOM,UG,21968,55.877,55.483,56.288,0.354
MOM,BR,44363,54.189,54.426,53.942,-1.333
MOM,BG,31459,55.739,55.795,55.685,0.217
MOM,RG,24315,54.456,54.932,53.966,-1.066
MSH,WU,49681,59.214,59.195,59.232,3.733
MSH,WB,13886,56.64,56.613,56.667,1.159
MSH,WR,13162,55.972,55.809,56.129,0.491
MSH,WG,18315,57.155,57.087,57.224,1.675
MSH,UB,14467,54.794,54.297,55.263,-0.687
MSH,UR,14493,53.571,53.127,53.968,-1.91
MSH,UG,10923,56.798,56.904,56.687,1.317
MSH,BR,10573,52.36,52.618,52.11,-3.121
MSH,BG,7923,55.396,56.157,54.586,-0.085
MSH,RG,5982,52.909,54.147,51.691,-2.572
NEO,WU,26688,55.729,55.678,55.779,-0.528
NEO,WB,33151,56.602,57.112,56.111,0.345
NEO,WR,30875,53.61,53.583,53.636,-2.647
NEO,WG,55527,57.278,56.978,57.568,1.021
NEO,UB,64668,58.143,58.394,57.892,1.886
NEO,UR,31226,54.541,54.632,54.449,-1.716
NEO,UG,26002,56.619,56.7,56.533,0.362
NEO,BR,53137,57.363,57.065,57.665,1.106
NEO,BG,40656,58.208,58.387,58.031,1.951
NEO,RG,20752,54.477,54.561,54.393,-1.78
ONE,WU,39707,54.937,54.526,55.328,0.535
ONE,WB,61088,55.857,55.926,55.787,1.455
ONE,WR,76932,57.361,57.697,57.021,2.959
ONE,WG,41682,56.065,56.102,56.028,1.663
ONE,UB,27577,51.891,51.855,51.928,-2.511
ONE,UR,31607,52.337,52.31,52.363,-2.066
ONE,UG,13736,52.002,52.068,51.938,-2.4
ONE,BR,15467,53.443,53.424,53.463,-0.959
ONE,BG,28937,51.972,51.67,52.265,-2.431
ONE,RG,113815,58.157,57.847,58.462,3.755
OTJ,WU,22231,51.941,51.979,51.904,-2.824
OTJ,WB,28814,57.038,57.292,56.789,2.273
OTJ,WR,29493,56.047,56.565,55.526,1.282
OTJ,WG,81671,58.606,58.608,58.603,3.841
OTJ,UB,29548,53.713,53.65,53.775,-1.052
OTJ,UR,25607,51.002,51.545,50.432,-3.763
OTJ,UG,16587,53.916,54.185,53.641,-0.849
OTJ,BR,37207,53.724,53.419,54.024,-1.041
OTJ,BG,44103,56.051,55.931,56.17,1.286
OTJ,RG,29312,55.612,55.572,55.652,0.847
SNC,WU,28767,59.474,59.687,59.27,5.569
SNC,WB,1072,55.597,54.883,56.25,1.692
SNC,WR,895,53.743,53.132,54.398,-0.162
SNC,WG,16927,57.429,57.584,57.271,3.524
SNC,UB,7705,55.328,54.945,55.723,1.423
SNC,UR,179,44.134,44.0,44.304,-9.771
SNC,UG,424,55.425,48.256,60.317,1.519
SNC,BR,25295,54.805,55.165,54.442,0.9
SNC,BG,546,50.549,47.5,53.759,-3.356
SNC,RG,5884,52.566,53.03,52.093,-1.339
SOS,WU,95,40.0,41.026,39.286,-12.48
SOS,WB,71709,58.365,58.59,58.138,5.885
SOS,WR,82874,58.684,58.637,58.73,6.204
SOS,WG,68,52.941,48.649,58.065,0.461
SOS,UB,81,55.556,50.0,62.857,3.075
SOS,UR,46128,54.522,54.333,54.709,2.042
SOS,UG,15678,54.612,55.384,53.809,2.131
SOS,BR,90,45.556,38.0,55.0,-6.925
SOS,BG,40062,55.609,55.44,55.78,3.129
SOS,RG,96,48.958,44.444,51.667,-3.522
TDM,WU,532,57.895,62.115,54.754,2.282
TDM,WB,2690,56.691,55.875,57.332,1.079
TDM,WR,15331,59.905,59.927,59.882,4.292
TDM,WG,488,58.607,59.583,57.661,2.994
TDM,UB,200,52.0,50.459,53.846,-3.613
TDM,UR,1064,54.981,51.967,57.487,-0.632
TDM,UG,1321,57.078,58.892,55.118,1.465
TDM,BR,218,53.67,50.495,56.41,-1.943
TDM,BG,2740,58.212,57.153,59.326,2.599
TDM,RG,189,47.09,47.126,47.059,-8.523
TLA,WU,38811,57.935,58.13,57.746,1.395
TLA,WB,15155,56.212,56.982,55.446,-0.327
TLA,WR,27188,58.154,57.724,58.584,1.615
TLA,WG,15004,58.151,57.749,58.546,1.612
TLA,UB,24628,56.911,57.441,56.367,0.371
TLA,UR,21346,57.257,57.771,56.721,0.717
TLA,UG,2640,53.977,54.964,52.88,-2.562
TLA,BR,14143,54.868,54.425,55.306,-1.672
TLA,BG,9836,56.192,56.681,55.696,-0.348
TLA,RG,8703,55.739,55.666,55.815,-0.8
TMT,WU,806,59.677,60.349,59.012,5.6
TMT,WB,28017,59.31,59.323,59.298,5.233
TMT,WR,12728,56.435,56.413,56.456,2.358
TMT,WG,341,55.718,50.318,60.326,1.641
TMT,UB,528,50.947,54.231,47.761,-3.13
TMT,UR,25421,58.554,58.528,58.58,4.477
TMT,UG,2511,49.9,50.583,49.078,-4.177
TMT,BR,245,49.388,48.837,50.0,-4.689
TMT,BG,5084,54.052,53.879,54.234,-0.025
TMT,RG,109,46.789,51.064,43.548,-7.288
VOW,WU,47491,56.027,56.151,55.903,1.037
VOW,WB,44117,55.054,55.212,54.896,0.063
VOW,WR,26996,55.823,55.256,56.395,0.832
VOW,WG,32190,53.06,53.267,52.847,-1.931
VOW,UB,54146,54.198,54.393,53.997,-0.793
VOW,UR,31669,56.074,56.556,55.587,1.083
VOW,UG,15064,53.465,54.085,52.852,-1.525
VOW,BR,70223,56.62,56.801,56.435,1.629
VOW,BG,19781,53.415,52.642,54.168,-1.576
VOW,RG,50113,56.171,55.97,56.371,1.18
WOE,WU,15910,49.987,50.32,49.612,-4.566
WOE,WB,30675,53.819,54.132,53.512,-0.734
WOE,WR,43563,57.303,57.109,57.502,2.75
WOE,WG,19119,53.983,54.193,53.773,-0.571
WOE,UB,31099,54.195,54.364,54.02,-0.359
WOE,UR,20849,53.643,53.531,53.748,-0.911
WOE,UG,10328,51.385,50.314,52.43,-3.169
WOE,BR,51938,57.193,57.237,57.147,2.64
WOE,BG,44084,57.806,57.582,58.025,3.252
WOE,RG,18911,56.221,56.356,56.089,1.668
